1732438956.941261053 0.212934 0.034275 -0.042539 -0.012512 0.243006 -0.000902 0.969944
1732438957.042019367 0.251690 0.036639 -0.041259 -0.012216 0.241210 -0.000880 0.970396
1732438957.141975164 0.310814 0.040997 -0.042486 -0.013252 0.242596 -0.003398 0.970031
1732438957.241213322 0.378318 0.043878 -0.044093 -0.012960 0.245034 -0.007861 0.969396
1732438957.342041492 0.452322 0.037566 -0.043831 -0.009372 0.248624 -0.011815 0.968483
1732438957.441157341 0.523973 0.040400 -0.045861 -0.010491 0.247729 -0.019210 0.968582
1732438957.542070389 0.594985 0.033345 -0.045172 -0.007345 0.247212 -0.025820 0.968589
1732438957.641333818 0.665810 0.029013 -0.046531 -0.006236 0.247873 -0.033209 0.968203
1732438957.741195679 0.735861 0.021787 -0.046357 -0.003739 0.247815 -0.038993 0.968015
1732438957.841326714 0.806965 0.020206 -0.047779 -0.004643 0.248604 -0.043381 0.967622
1732438957.941241026 0.876193 0.017034 -0.048539 -0.003935 0.247217 -0.045926 0.967863
1732438958.041035891 0.944004 0.011884 -0.049309 -0.003151 0.245823 -0.046214 0.968207
1732438958.141350508 1.014852 0.005454 -0.048729 -0.000981 0.246111 -0.048942 0.968005
1732438958.241257906 1.085212 0.000242 -0.048956 -0.000487 0.244610 -0.054841 0.968069
1732438958.342068195 1.158690 -0.009278 -0.048377 0.001169 0.244928 -0.061266 0.967603
1732438958.441258907 1.231162 -0.020175 -0.049851 0.002942 0.244561 -0.070245 0.967082
1732438958.541236401 1.302698 -0.031794 -0.049821 0.004237 0.244557 -0.079278 0.966379
1732438958.641315937 1.374450 -0.046564 -0.049755 0.006580 0.244637 -0.087204 0.965663
1732438958.741327286 1.444993 -0.057216 -0.050208 0.006545 0.243435 -0.092210 0.965502
1732438958.842023373 1.517772 -0.069637 -0.050514 0.007821 0.244542 -0.094827 0.964959
1732438958.942045450 1.590572 -0.081128 -0.050460 0.008440 0.244186 -0.096085 0.964920
1732438959.041282654 1.663400 -0.089579 -0.050176 0.007746 0.243767 -0.096652 0.964975
1732438959.141439438 1.735935 -0.100592 -0.049784 0.008552 0.242318 -0.096119 0.965386
1732438959.241217375 1.811109 -0.111189 -0.049445 0.008902 0.242333 -0.095701 0.965421
1732438959.342002153 1.888989 -0.120966 -0.049268 0.008573 0.242734 -0.095699 0.965323
1732438959.441235304 1.963510 -0.131306 -0.049378 0.008781 0.241880 -0.095200 0.965585
1732438959.541223288 2.040634 -0.138687 -0.049681 0.007345 0.241313 -0.095345 0.965724
1732438959.641984940 2.118462 -0.149952 -0.049276 0.007958 0.240924 -0.095262 0.965825
1732438959.742129087 2.197879 -0.158549 -0.049461 0.006736 0.241758 -0.095187 0.965633
1732438959.841998816 2.276835 -0.168846 -0.050076 0.006583 0.241921 -0.096081 0.965505
1732438959.941268921 2.357868 -0.183277 -0.051181 0.007951 0.242903 -0.098417 0.965013
1732438960.042069674 2.439523 -0.199059 -0.049913 0.009588 0.242828 -0.104381 0.964389
1732438960.141289949 2.519229 -0.219878 -0.049459 0.012682 0.241624 -0.112247 0.963773
1732438960.242100954 2.603329 -0.241958 -0.048200 0.015582 0.242900 -0.121224 0.962321
1732438960.341364861 2.683829 -0.264174 -0.047982 0.017475 0.240874 -0.132169 0.961356
1732438960.442209959 2.767089 -0.290135 -0.047857 0.020076 0.241818 -0.141149 0.959791
1732438960.542044878 2.847318 -0.313170 -0.047307 0.021309 0.240941 -0.147584 0.959016
1732438960.641403675 2.924190 -0.336765 -0.045807 0.023444 0.238910 -0.151165 0.958917
1732438960.741379738 3.003197 -0.357525 -0.045538 0.023556 0.240039 -0.152197 0.958469
1732438960.841419697 3.080617 -0.373782 -0.045911 0.022337 0.239446 -0.150697 0.958883
1732438960.942067862 3.156332 -0.392220 -0.046399 0.022539 0.240383 -0.145527 0.959442
1732438961.041363955 3.230142 -0.402779 -0.045472 0.020286 0.240437 -0.137341 0.960685
1732438961.141215563 3.303010 -0.410901 -0.045286 0.018027 0.239740 -0.126902 0.962339
1732438961.242086887 3.379129 -0.417052 -0.045557 0.015575 0.241342 -0.114945 0.963483
1732438961.341220379 3.454357 -0.421753 -0.045517 0.013399 0.243023 -0.102986 0.964445
1732438961.442115545 3.531098 -0.422601 -0.045957 0.010073 0.243016 -0.090597 0.965730
1732438961.541268587 3.609226 -0.420333 -0.047280 0.006171 0.243241 -0.079601 0.966675
1732438961.641186476 3.687698 -0.416663 -0.048328 0.002284 0.244232 -0.066608 0.967424
1732438961.742140532 3.768543 -0.412285 -0.048592 -0.000613 0.244829 -0.054500 0.968033
1732438961.842061043 3.847134 -0.405668 -0.049456 -0.003613 0.244378 -0.042000 0.968763
1732438961.941267729 3.926611 -0.397986 -0.050058 -0.006468 0.244534 -0.029266 0.969177
1732438962.041271448 4.009827 -0.384612 -0.052745 -0.010826 0.246081 -0.016250 0.969053
1732438962.142018318 4.092588 -0.372619 -0.053037 -0.013656 0.246840 -0.003262 0.968955
1732438962.241263390 4.174362 -0.355955 -0.053513 -0.017209 0.246796 0.009958 0.968863
1732438962.341241837 4.256010 -0.337557 -0.053789 -0.020163 0.245767 0.024615 0.968807
1732438962.441320419 4.339703 -0.312428 -0.054491 -0.025516 0.246626 0.039944 0.967951
1732438962.542137384 4.424896 -0.289836 -0.055386 -0.027944 0.246461 0.055520 0.967157
1732438962.641366720 4.506084 -0.261977 -0.056550 -0.031777 0.244908 0.070225 0.966478
1732438962.741270781 4.588124 -0.231636 -0.057174 -0.035312 0.243580 0.086133 0.965403
1732438962.842059851 4.670362 -0.197899 -0.058320 -0.039156 0.243359 0.101359 0.963831
1732438962.941347837 4.749913 -0.163380 -0.059283 -0.043037 0.243651 0.116299 0.961903
1732438963.041235447 4.827278 -0.127514 -0.060246 -0.046116 0.244144 0.129987 0.959880
1732438963.141368628 4.899651 -0.089895 -0.060854 -0.049253 0.242834 0.144369 0.958000
1732438963.242162466 4.971265 -0.049736 -0.061503 -0.052447 0.242352 0.159074 0.955620
1732438963.341390848 5.039932 -0.009412 -0.062609 -0.055293 0.242396 0.172521 0.953112
1732438963.441313028 5.105707 0.034050 -0.063671 -0.059020 0.241817 0.186682 0.950364
1732438963.542216778 5.170094 0.078281 -0.064193 -0.062084 0.241456 0.202002 0.947122
1732438963.641390800 5.226941 0.123517 -0.064342 -0.066326 0.239533 0.216746 0.944058
1732438963.741409540 5.282803 0.170718 -0.064588 -0.070330 0.238678 0.232965 0.940114
1732438963.841184855 5.336055 0.217825 -0.064353 -0.074098 0.238538 0.249022 0.935733
1732438963.941439390 5.385756 0.268148 -0.064051 -0.079161 0.237537 0.265768 0.930955
1732438964.041258097 5.431372 0.317128 -0.063454 -0.082391 0.235681 0.282981 0.926060
1732438964.142071486 5.475335 0.370858 -0.062701 -0.088021 0.235033 0.300511 0.920166
1732438964.241377831 5.517512 0.423151 -0.062112 -0.091952 0.233565 0.317436 0.914454
1732438964.341272354 5.557356 0.478333 -0.060999 -0.096524 0.232554 0.334024 0.908311
1732438964.441081285 5.593170 0.530346 -0.061412 -0.098968 0.229156 0.351076 0.902462
1732438964.541351318 5.629663 0.584130 -0.061440 -0.101765 0.228190 0.367787 0.895716
1732438964.641390800 5.662189 0.638785 -0.061036 -0.105111 0.226479 0.383428 0.889181
1732438964.741646290 5.691244 0.693932 -0.060962 -0.107770 0.223875 0.399420 0.882456
1732438964.841209173 5.718151 0.750737 -0.061355 -0.111714 0.222669 0.414019 0.875515
1732438964.941387177 5.744328 0.806534 -0.061984 -0.114531 0.220282 0.425181 0.870391
1732438965.041491270 5.771382 0.860188 -0.063061 -0.116959 0.218872 0.432171 0.866974
1732438965.141466379 5.802093 0.909359 -0.063722 -0.118581 0.220627 0.435417 0.864682
1732438965.241351604 5.827523 0.946861 -0.063599 -0.118416 0.220671 0.434252 0.865279
1732438965.341480732 5.846616 0.971062 -0.063965 -0.117954 0.221002 0.431989 0.866389
1732438965.442141056 5.855754 0.981735 -0.063944 -0.117227 0.220903 0.430287 0.867360
1732438965.541432858 5.855299 0.980831 -0.064072 -0.117049 0.220326 0.430471 0.867439
1732438965.641273022 5.848427 0.973559 -0.064207 -0.117235 0.219719 0.431513 0.867050
1732438965.741305113 5.838307 0.962255 -0.063786 -0.117565 0.218928 0.434461 0.865733
1732438965.841460466 5.823552 0.947238 -0.063484 -0.119018 0.218805 0.438815 0.863366
1732438965.941373587 5.804723 0.926846 -0.063267 -0.120403 0.218308 0.444710 0.860278
1732438966.042232037 5.781154 0.900394 -0.062966 -0.122538 0.217290 0.451970 0.856441
1732438966.142103672 5.754137 0.868787 -0.062790 -0.124846 0.216615 0.460276 0.851844
1732438966.241313696 5.724926 0.831475 -0.062417 -0.126860 0.215659 0.468848 0.847101
1732438966.341419458 5.693526 0.788443 -0.061821 -0.129008 0.214982 0.477858 0.841897
1732438966.441369295 5.657944 0.739660 -0.061427 -0.131256 0.212287 0.486820 0.837086
1732438966.542180300 5.623897 0.685877 -0.060656 -0.133304 0.211528 0.496918 0.830998
1732438966.641463518 5.587102 0.629907 -0.060597 -0.136737 0.209995 0.506324 0.825131
1732438966.741340399 5.552583 0.569761 -0.059539 -0.139910 0.210260 0.515729 0.818681
1732438966.841545582 5.515642 0.506645 -0.058666 -0.143601 0.208740 0.524197 0.813034
1732438966.941407204 5.483059 0.440846 -0.057844 -0.146019 0.207641 0.533685 0.806687
1732438967.041304827 5.447780 0.375274 -0.056957 -0.149338 0.205144 0.541280 0.801642
1732438967.141436100 5.418711 0.306101 -0.055605 -0.150275 0.203828 0.549674 0.796072
1732438967.241357565 5.388299 0.236702 -0.054426 -0.152381 0.201766 0.557686 0.790605
1732438967.341492891 5.361493 0.166327 -0.052960 -0.153951 0.200874 0.565775 0.784760
1732438967.441498756 5.336199 0.095410 -0.051813 -0.155128 0.199704 0.573642 0.779095
1732438967.541317940 5.311140 0.024528 -0.050465 -0.156523 0.197304 0.580782 0.774121
1732438967.641469240 5.290173 -0.043811 -0.048635 -0.158418 0.197015 0.588118 0.768249
1732438967.741325140 5.267914 -0.111170 -0.047993 -0.160201 0.194115 0.595479 0.762928
1732438967.841168880 5.250277 -0.175759 -0.046951 -0.161844 0.193188 0.602292 0.757449
1732438967.941434145 5.233088 -0.237722 -0.045705 -0.164624 0.192478 0.607842 0.752582
1732438968.041351318 5.218491 -0.298138 -0.044314 -0.166093 0.191131 0.613621 0.747897
1732438968.141496658 5.205564 -0.355634 -0.043231 -0.167223 0.190290 0.618496 0.743834
1732438968.241420746 5.196439 -0.409675 -0.042059 -0.168030 0.190317 0.622713 0.740118
1732438968.341578960 5.186576 -0.459561 -0.041231 -0.169298 0.189295 0.625128 0.738052
1732438968.441508293 5.181643 -0.504956 -0.039940 -0.168962 0.189207 0.626898 0.736649
1732438968.540982962 5.177241 -0.542193 -0.039122 -0.168563 0.188798 0.627844 0.736039
1732438968.641545296 5.175617 -0.566919 -0.038400 -0.167685 0.188412 0.627561 0.736579
1732438968.741432667 5.175975 -0.575824 -0.038244 -0.166973 0.188595 0.627654 0.736615
1732438968.841289520 5.175929 -0.568970 -0.038604 -0.168699 0.189703 0.627571 0.736008
1732438968.942135334 5.175633 -0.557933 -0.038620 -0.168850 0.189024 0.628965 0.734958
1732438969.041610003 5.174566 -0.541335 -0.038786 -0.169516 0.188207 0.631308 0.733003
1732438969.141494036 5.173372 -0.518969 -0.039163 -0.170044 0.187361 0.634542 0.730299
1732438969.241409540 5.171397 -0.490005 -0.039610 -0.171171 0.186554 0.638588 0.726707
1732438969.341086626 5.168924 -0.454939 -0.040380 -0.171876 0.185349 0.643730 0.722299
1732438969.441354275 5.165562 -0.411985 -0.041447 -0.172980 0.184534 0.649821 0.716769
1732438969.541455507 5.159046 -0.363229 -0.041989 -0.174589 0.182178 0.656753 0.710637
1732438969.641125441 5.153274 -0.308802 -0.042982 -0.175705 0.180719 0.664475 0.703521
1732438969.741318226 5.143930 -0.248315 -0.044087 -0.177666 0.178605 0.672093 0.696295
1732438969.841441393 5.135055 -0.181888 -0.044808 -0.179206 0.176986 0.678614 0.689960
1732438969.941534281 5.127516 -0.109075 -0.046338 -0.180582 0.176927 0.681977 0.686290
1732438970.041528702 5.121996 -0.034186 -0.047405 -0.180091 0.175897 0.684472 0.684197
1732438970.141383886 5.115913 0.044098 -0.048046 -0.179970 0.175258 0.685976 0.682885
1732438970.241328478 5.109945 0.122819 -0.049444 -0.180101 0.174720 0.687326 0.681629
1732438970.341419458 5.102932 0.203617 -0.050551 -0.181908 0.175410 0.687825 0.680469
1732438970.441301823 5.098658 0.282195 -0.052165 -0.181865 0.176031 0.688726 0.679408
1732438970.541523695 5.090075 0.357642 -0.053403 -0.182281 0.174855 0.692486 0.675768
1732438970.641517639 5.077164 0.427212 -0.054242 -0.183470 0.172570 0.699109 0.669182
1732438970.741695404 5.062520 0.490357 -0.054739 -0.184080 0.170251 0.707490 0.660747
1732438970.841521263 5.041818 0.548636 -0.055697 -0.187227 0.166689 0.716931 0.650516
1732438970.941407442 5.020315 0.603500 -0.056579 -0.190568 0.164502 0.727237 0.638552
1732438971.041708708 5.000013 0.653758 -0.056808 -0.191549 0.161692 0.737617 0.626965
1732438971.141537189 4.977113 0.700493 -0.056835 -0.193784 0.158528 0.746685 0.616262
1732438971.241250515 4.956002 0.741335 -0.056493 -0.194282 0.154861 0.755709 0.605950
1732438971.341536999 4.933660 0.781699 -0.057257 -0.196484 0.152247 0.763427 0.596149
1732438971.441451788 4.912397 0.819045 -0.057700 -0.198200 0.149836 0.770250 0.587350
1732438971.541590691 4.891444 0.853665 -0.057404 -0.199480 0.147139 0.776991 0.578656
1732438971.641537666 4.871435 0.887319 -0.057843 -0.200839 0.145293 0.782735 0.570858
1732438971.741361380 4.851331 0.919688 -0.058348 -0.201689 0.143229 0.788594 0.562962
1732438971.841251612 4.830382 0.952674 -0.058827 -0.202706 0.141271 0.794558 0.554644
1732438971.941428185 4.806704 0.985177 -0.059409 -0.204611 0.138996 0.800059 0.546553
1732438972.041381121 4.783596 1.018139 -0.059216 -0.206109 0.137749 0.805762 0.537859
1732438972.141609669 4.758523 1.050294 -0.059800 -0.207294 0.135526 0.811325 0.529541
1732438972.241394043 4.731335 1.083186 -0.060344 -0.209108 0.133102 0.816910 0.520784
1732438972.341251135 4.703224 1.115798 -0.061161 -0.210483 0.130451 0.822662 0.511769
1732438972.441512585 4.674110 1.150398 -0.060752 -0.212948 0.128990 0.828318 0.501900
1732438972.541391850 4.643217 1.181057 -0.061722 -0.213501 0.125134 0.834386 0.492503
1732438972.641577959 4.611338 1.214200 -0.061837 -0.215182 0.122773 0.840318 0.482172
1732438972.741502285 4.576489 1.245608 -0.062183 -0.216868 0.118754 0.846302 0.471845
1732438972.841333151 4.541782 1.277485 -0.062585 -0.218153 0.115796 0.852328 0.461018
1732438972.941404819 4.505502 1.309532 -0.062838 -0.219771 0.112928 0.858408 0.449537
1732438973.041374922 4.466433 1.339743 -0.062700 -0.221415 0.109193 0.864353 0.438116
1732438973.141649961 4.429215 1.370952 -0.062836 -0.221971 0.106761 0.870437 0.426228
1732438973.241625071 4.388602 1.400255 -0.063322 -0.222356 0.103082 0.876454 0.414441
1732438973.341599941 4.347409 1.431265 -0.063172 -0.223543 0.100627 0.882276 0.401860
1732438973.441209793 4.303840 1.460305 -0.063468 -0.225159 0.097383 0.887444 0.390209
1732438973.541214466 4.258895 1.489660 -0.063803 -0.226747 0.094835 0.892703 0.377722
1732438973.641436338 4.211819 1.517350 -0.064054 -0.228071 0.091334 0.897813 0.365477
1732438973.741464853 4.164021 1.545016 -0.064392 -0.229850 0.088468 0.902903 0.352292
1732438973.841434717 4.113550 1.568850 -0.064165 -0.231837 0.084228 0.908042 0.338551
1732438973.941353798 4.062642 1.593320 -0.064403 -0.233738 0.080793 0.913171 0.323973
1732438974.041419029 4.010263 1.612726 -0.064668 -0.234277 0.075434 0.918281 0.310136
1732438974.141574144 3.957050 1.633703 -0.064859 -0.235344 0.071660 0.923193 0.295284
1732438974.241508961 3.903730 1.651678 -0.065053 -0.236601 0.067357 0.927748 0.280654
1732438974.341672659 3.851702 1.668880 -0.065540 -0.236757 0.063854 0.932489 0.265205
1732438974.441319466 3.799274 1.683785 -0.065773 -0.237865 0.060516 0.936495 0.250469
1732438974.541528225 3.747552 1.696467 -0.066553 -0.237921 0.056640 0.940577 0.235586
1732438974.640959501 3.696086 1.707583 -0.066270 -0.238563 0.053070 0.944038 0.221501
1732438974.741657257 3.644716 1.718196 -0.066270 -0.238572 0.049792 0.947584 0.206611
1732438974.841630697 3.593656 1.725774 -0.065506 -0.239380 0.046139 0.950476 0.192777
1732438974.941472292 3.542879 1.731638 -0.065299 -0.240064 0.042475 0.953197 0.178833
1732438975.041385412 3.493039 1.736560 -0.065091 -0.241146 0.038833 0.955601 0.164828
1732438975.141492367 3.445330 1.739061 -0.064980 -0.241027 0.035637 0.957964 0.151463
1732438975.241443396 3.397974 1.739596 -0.064973 -0.240984 0.031846 0.960070 0.138482
1732438975.341363668 3.350276 1.740099 -0.065212 -0.242019 0.028512 0.961661 0.125787
1732438975.441392422 3.301683 1.739544 -0.065926 -0.242484 0.025290 0.963212 0.113072
1732438975.541415691 3.253488 1.736863 -0.065896 -0.243500 0.021656 0.964429 0.100571
1732438975.641479969 3.205083 1.735385 -0.066359 -0.243925 0.019411 0.965627 0.087681
1732438975.741447926 3.154903 1.732059 -0.066483 -0.244686 0.016559 0.966589 0.074561
1732438975.841606140 3.105341 1.726606 -0.066597 -0.244642 0.013204 0.967526 0.062210
1732438975.941460848 3.054042 1.720902 -0.066691 -0.244990 0.010238 0.968087 0.051794
1732438976.041419029 3.003269 1.717882 -0.066965 -0.244395 0.008592 0.968626 0.044291
1732438976.141642332 2.949607 1.717125 -0.067161 -0.245327 0.007679 0.968550 0.040817
1732438976.241449356 2.894699 1.716575 -0.067635 -0.245395 0.006754 0.968594 0.039504
1732438976.341381311 2.839419 1.718392 -0.067700 -0.245057 0.006959 0.968665 0.039824
1732438976.441418171 2.784824 1.720489 -0.067714 -0.244503 0.007452 0.968787 0.040171
1732438976.541410208 2.727896 1.724195 -0.067254 -0.244953 0.008357 0.968645 0.040693
1732438976.641587734 2.671550 1.725382 -0.067577 -0.243702 0.008234 0.968920 0.041653
1732438976.741491556 2.614903 1.728671 -0.067273 -0.243683 0.008999 0.968919 0.041632
1732438976.841298580 2.558711 1.730677 -0.067285 -0.243475 0.008963 0.968936 0.042451
1732438976.941584349 2.503094 1.732237 -0.067203 -0.243556 0.008639 0.968881 0.043299
1732438977.041490793 2.448983 1.733773 -0.067247 -0.242995 0.008309 0.969031 0.043169
1732438977.141327858 2.394736 1.735778 -0.067236 -0.242886 0.008452 0.969068 0.042922
1732438977.241510630 2.339523 1.738622 -0.066919 -0.243582 0.008789 0.968901 0.042675
1732438977.341487408 2.284677 1.739312 -0.066697 -0.242806 0.008239 0.969086 0.043003
1732438977.441707850 2.229626 1.741698 -0.066935 -0.242413 0.008656 0.969204 0.042483
1732438977.541643858 2.173553 1.743341 -0.066919 -0.242993 0.008649 0.969062 0.042402
1732438977.640957832 2.117779 1.744869 -0.067320 -0.243084 0.008163 0.969043 0.042412
1732438977.741453171 2.060760 1.746335 -0.067083 -0.243875 0.008279 0.968845 0.042387
1732438977.841540813 2.004158 1.747594 -0.066772 -0.244311 0.008104 0.968749 0.042089
1732438977.940988779 1.948025 1.749194 -0.066258 -0.244027 0.007999 0.968833 0.041821
1732438978.041049719 1.891538 1.750330 -0.065709 -0.243596 0.007668 0.968945 0.041812
1732438978.141018867 1.835606 1.750751 -0.065378 -0.243405 0.007030 0.969011 0.041494
1732438978.241441011 1.780008 1.752622 -0.065232 -0.242936 0.007213 0.969133 0.041358
1732438978.341379642 1.723962 1.752210 -0.064756 -0.243631 0.006286 0.968973 0.041182
1732438978.441502810 1.669628 1.754012 -0.064458 -0.242792 0.006470 0.969210 0.040516
1732438978.541499376 1.614753 1.753812 -0.064320 -0.242406 0.006023 0.969399 0.038331
1732438978.641581297 1.560078 1.752671 -0.064039 -0.242672 0.005642 0.969549 0.032468
1732438978.741511822 1.506544 1.746018 -0.063557 -0.242124 0.003224 0.969919 0.024947
1732438978.840979099 1.454007 1.737513 -0.063195 -0.241000 0.000535 0.970421 0.014230
1732438978.941529036 1.401176 1.724541 -0.063092 -0.241024 -0.003448 0.970512 0.001504
1732438979.041445732 1.349142 1.710721 -0.062827 -0.240708 -0.007115 0.970486 -0.012898
1732438979.141513348 1.296819 1.693418 -0.063081 -0.241589 -0.011489 0.969927 -0.027296
1732438979.241476297 1.244414 1.675624 -0.061810 -0.240783 -0.015436 0.969527 -0.042446
1732438979.341384172 1.192376 1.655379 -0.060898 -0.240626 -0.019686 0.968702 -0.057685
1732438979.441552877 1.140428 1.634421 -0.060008 -0.240336 -0.023316 0.967651 -0.073120
1732438979.541430235 1.090961 1.612078 -0.059527 -0.240415 -0.026768 0.966281 -0.088234
1732438979.641037703 1.045440 1.586675 -0.059675 -0.239489 -0.031084 0.964970 -0.102529
1732438979.741486073 0.999584 1.564444 -0.058723 -0.239980 -0.033275 0.963164 -0.116689
1732438979.841147900 0.956942 1.540887 -0.059241 -0.238842 -0.036003 0.961571 -0.130534
1732438979.941516638 0.915440 1.514896 -0.058928 -0.238663 -0.039631 0.959621 -0.143518
1732438980.041415215 0.875575 1.490020 -0.058766 -0.238323 -0.042757 0.957543 -0.156477
1732438980.141098499 0.840328 1.465314 -0.058661 -0.236969 -0.045673 0.955741 -0.168283
1732438980.241504431 0.805374 1.440311 -0.058525 -0.236262 -0.048041 0.953725 -0.179667
1732438980.341078758 0.771011 1.414672 -0.058319 -0.236004 -0.051053 0.951401 -0.191132
1732438980.441486597 0.736030 1.387946 -0.058217 -0.236178 -0.053881 0.948845 -0.202508
1732438980.541457653 0.704343 1.361761 -0.058102 -0.234730 -0.056010 0.946565 -0.213962
1732438980.641010761 0.671886 1.333548 -0.057733 -0.233868 -0.058888 0.943897 -0.225603
1732438980.741478443 0.640893 1.303217 -0.057521 -0.232392 -0.062028 0.941260 -0.237016
1732438980.841388702 0.609437 1.272595 -0.057230 -0.231340 -0.065035 0.938134 -0.249314
1732438980.941563845 0.577503 1.240205 -0.057501 -0.231051 -0.068105 0.934644 -0.261566
1732438981.041471481 0.546762 1.206053 -0.057205 -0.230234 -0.071749 0.931109 -0.273643
1732438981.140996456 0.516278 1.172119 -0.057014 -0.229295 -0.074389 0.927337 -0.286244
1732438981.240945816 0.484936 1.136039 -0.057176 -0.228387 -0.077259 0.923322 -0.298911
1732438981.341406345 0.453792 1.099034 -0.056965 -0.227544 -0.079824 0.918849 -0.312358
1732438981.441010475 0.425467 1.058827 -0.056413 -0.226695 -0.083767 0.914273 -0.325111
1732438981.541049004 0.396693 1.019622 -0.055619 -0.225117 -0.086278 0.909324 -0.339128
1732438981.641148806 0.368211 0.976249 -0.055590 -0.223830 -0.089479 0.904472 -0.351886
1732438981.741004467 0.340059 0.932699 -0.054883 -0.223378 -0.092484 0.898743 -0.365801
1732438981.841532707 0.313029 0.886023 -0.055224 -0.222232 -0.095943 0.893078 -0.379234
1732438981.941792965 0.289997 0.840751 -0.054323 -0.219740 -0.099223 0.887217 -0.393338
1732438982.040921211 0.267005 0.793933 -0.053835 -0.218443 -0.102739 0.881041 -0.406811
1732438982.141575336 0.246350 0.747425 -0.052944 -0.215778 -0.105514 0.875046 -0.420239
1732438982.241055250 0.226002 0.701357 -0.051474 -0.213953 -0.108041 0.868647 -0.433594
1732438982.341416359 0.209906 0.651353 -0.051899 -0.212251 -0.112823 0.862177 -0.445949
1732438982.441386938 0.190680 0.607933 -0.050649 -0.209932 -0.112807 0.856246 -0.458308
1732438982.541161776 0.175942 0.559015 -0.050572 -0.208004 -0.116634 0.849237 -0.471091
1732438982.641635895 0.161955 0.512243 -0.049959 -0.204833 -0.118564 0.842262 -0.484336
1732438982.741522789 0.150355 0.462695 -0.049517 -0.203166 -0.122454 0.834910 -0.496643
1732438982.841062784 0.139799 0.414892 -0.048779 0.200893 0.124908 -0.827244 0.509615
1732438982.941070080 0.131168 0.365743 -0.047783 0.198356 0.128199 -0.819801 0.521677
1732438983.041501999 0.125148 0.316161 -0.047395 0.194720 0.131296 -0.812073 0.534213
1732438983.141401052 0.118659 0.265636 -0.045919 0.193169 0.135373 -0.803841 0.546076
1732438983.241594553 0.113500 0.216109 -0.045065 0.191159 0.137541 -0.795536 0.558268
1732438983.341129065 0.111436 0.165701 -0.043631 0.188487 0.140453 -0.786700 0.570831
1732438983.441547155 0.106397 0.114504 -0.042486 0.188506 0.142916 -0.777346 0.582902
1732438983.541536331 0.108440 0.064544 -0.041509 0.185092 0.146115 -0.768878 0.594321
1732438983.641175508 0.110718 0.014859 -0.040736 0.182789 0.149655 -0.759839 0.605670
1732438983.741490602 0.112756 -0.034267 -0.039971 0.180586 0.152011 -0.750923 0.616763
1732438983.841615438 0.118258 -0.081810 -0.039598 0.178373 0.155675 -0.742406 0.626723
1732438983.941469193 0.122348 -0.125304 -0.038844 0.176406 0.157730 -0.734635 0.635857
1732438984.041492701 0.126697 -0.165934 -0.038450 0.174363 0.159679 -0.729162 0.642202
1732438984.141444683 0.127023 -0.201840 -0.037854 0.173773 0.160049 -0.725358 0.646562
1732438984.241529226 0.127043 -0.231944 -0.037360 0.173150 0.160255 -0.723773 0.648452
1732438984.341450691 0.126453 -0.253471 -0.036685 0.173344 0.160825 -0.723217 0.648880
1732438984.441037655 0.125308 -0.264512 -0.036519 0.173725 0.160852 -0.723115 0.648885
1732438984.541113377 0.125551 -0.264465 -0.036453 0.173178 0.160690 -0.723063 0.649129
1732438984.641123295 0.125687 -0.258685 -0.036772 0.172952 0.160143 -0.723428 0.648918
1732438984.741499662 0.127194 -0.249726 -0.036666 0.172535 0.160261 -0.722771 0.649731
1732438984.841590881 0.128485 -0.237145 -0.037148 0.172351 0.160774 -0.721634 0.650915
1732438984.941500425 0.132178 -0.219162 -0.037254 0.171978 0.161709 -0.719540 0.653097
1732438985.041465044 0.135794 -0.196840 -0.037964 0.171500 0.162775 -0.716863 0.655896
1732438985.141211987 0.140857 -0.168357 -0.038475 0.170252 0.163955 -0.713666 0.659404
1732438985.241115808 0.146252 -0.134087 -0.039163 0.169337 0.165806 -0.709564 0.663590
1732438985.341068506 0.151235 -0.094043 -0.039524 0.167978 0.166846 -0.705590 0.667898
1732438985.441219330 0.154550 -0.049077 -0.040261 0.166927 0.167824 -0.701124 0.672603
1732438985.541091681 0.158828 -0.000688 -0.040314 0.165879 0.169557 -0.696523 0.677194
1732438985.641540051 0.160316 0.052283 -0.041322 0.164494 0.169345 -0.692486 0.681709
1732438985.741638899 0.162858 0.108410 -0.042400 0.162298 0.170285 -0.688448 0.686077
1732438985.841617823 0.165085 0.164969 -0.044000 0.161267 0.172817 -0.683864 0.690259
1732438985.941653728 0.164378 0.225357 -0.044521 0.159460 0.172476 -0.679608 0.694952
1732438986.041627407 0.164365 0.283721 -0.045074 0.157824 0.173719 -0.675207 0.699291
1732438986.140960217 0.160658 0.342226 -0.045294 0.158047 0.174528 -0.670252 0.703792
1732438986.241631031 0.159905 0.400680 -0.046761 0.156523 0.176344 -0.665658 0.708028
1732438986.341190100 0.155123 0.459188 -0.046956 0.156357 0.177014 -0.660686 0.712539
1732438986.441005468 0.151377 0.516604 -0.047786 0.155892 0.178945 -0.655644 0.716804
1732438986.541696548 0.145148 0.577438 -0.048035 0.153778 0.178395 -0.652043 0.720672
1732438986.641283512 0.139874 0.631798 -0.051253 0.154218 0.181632 -0.647175 0.724149
1732438986.741009951 0.131248 0.689231 -0.050720 0.153583 0.181224 -0.646465 0.725020
1732438986.841634750 0.122938 0.741685 -0.051934 0.153804 0.182498 -0.644997 0.725960
1732438986.941211224 0.114428 0.791074 -0.051980 0.153731 0.182900 -0.644076 0.726691
1732438987.041240931 0.105978 0.837591 -0.052468 0.153882 0.183089 -0.643426 0.727188
1732438987.141627073 0.098341 0.880843 -0.052678 0.154086 0.184076 -0.642582 0.727642
1732438987.241022110 0.093126 0.922115 -0.053118 0.153486 0.185217 -0.642405 0.727635
1732438987.341030359 0.085248 0.961752 -0.053536 0.153799 0.185276 -0.641755 0.728127
1732438987.440956116 0.079368 0.998842 -0.053871 0.153817 0.186090 -0.641299 0.728317
1732438987.541109562 0.071738 1.032741 -0.054203 0.154438 0.185687 -0.640506 0.728987
1732438987.641006947 0.067198 1.062420 -0.054005 0.153448 0.185942 -0.639678 0.729857
1732438987.740971088 0.063858 1.082946 -0.054136 0.153861 0.186813 -0.639292 0.729886
1732438987.841268778 0.060500 1.098582 -0.054012 0.153500 0.185953 -0.639154 0.730302
1732438987.941176653 0.059527 1.106429 -0.054565 0.153169 0.185906 -0.638815 0.730680
1732438988.041001320 0.059432 1.105223 -0.054735 0.153628 0.186142 -0.638694 0.730630
1732438988.141124725 0.061139 1.100613 -0.055051 0.153909 0.187175 -0.638299 0.730652
1732438988.240985394 0.062541 1.095021 -0.054933 0.153822 0.187333 -0.637603 0.731237
1732438988.341502190 0.064904 1.087890 -0.054824 0.153522 0.187316 -0.637162 0.731689
1732438988.441295147 0.068411 1.077338 -0.054570 0.153023 0.187308 -0.635649 0.733110
1732438988.540978909 0.073468 1.061003 -0.054437 0.152367 0.187087 -0.633098 0.735506
1732438988.641516447 0.081927 1.038350 -0.054216 0.151227 0.187848 -0.629465 0.738659
1732438988.741034985 0.092954 1.011542 -0.053776 0.149774 0.188976 -0.625280 0.742213
1732438988.840970755 0.105513 0.980423 -0.053814 0.148053 0.189389 -0.619979 0.746886
1732438988.941287994 0.121010 0.943773 -0.053745 0.145993 0.190217 -0.613765 0.752194
1732438989.040968180 0.136739 0.902904 -0.053659 0.144465 0.190015 -0.607269 0.757791
1732438989.141682386 0.156134 0.857509 -0.052942 0.142876 0.191405 -0.600110 0.763425
1732438989.240987062 0.178290 0.809205 -0.052450 0.140945 0.192290 -0.593096 0.769023
1732438989.341026783 0.203069 0.756298 -0.051674 0.138641 0.192999 -0.584976 0.775456
1732438989.441674709 0.232480 0.699287 -0.051207 0.135974 0.195173 -0.576632 0.781610
1732438989.540944815 0.264548 0.643573 -0.049981 0.132847 0.197219 -0.567877 0.788018
1732438989.641145229 0.298091 0.585570 -0.050026 0.130426 0.198764 -0.558676 0.794584
1732438989.740969181 0.334924 0.528440 -0.049417 0.127668 0.201133 -0.549286 0.800956
1732438989.840909004 0.371501 0.470368 -0.048891 0.125442 0.202775 -0.539196 0.807721
1732438989.941072226 0.410444 0.413016 -0.048752 0.123033 0.205112 -0.529851 0.813664
1732438990.040994167 0.450492 0.360066 -0.048784 0.119361 0.206522 -0.519463 0.820524
1732438990.141556740 0.488641 0.309097 -0.048137 0.117136 0.208092 -0.508331 0.827391
1732438990.241055727 0.529101 0.263833 -0.046812 0.113769 0.210603 -0.497545 0.833758
1732438990.341012001 0.567091 0.222645 -0.046926 0.110316 0.211631 -0.486045 0.840716
1732438990.441171646 0.603150 0.186268 -0.045994 0.107653 0.213160 -0.475448 0.846713
1732438990.540973902 0.636268 0.154918 -0.045756 0.104592 0.214602 -0.465546 0.852217
1732438990.641066551 0.665534 0.128538 -0.044945 0.102128 0.215362 -0.456451 0.857229
1732438990.741306067 0.693636 0.107294 -0.044681 0.098247 0.216315 -0.448892 0.861424
1732438990.841002226 0.718248 0.088008 -0.044297 0.096146 0.216638 -0.440693 0.865802
1732438990.941031933 0.740815 0.063469 -0.045005 0.097162 0.219000 -0.432161 0.869388
1732438991.041177511 0.766613 0.047085 -0.044792 0.094053 0.219880 -0.424676 0.873188
1732438991.141056061 0.789619 0.029802 -0.044497 0.092359 0.220431 -0.416977 0.876932
1732438991.241044044 0.813233 0.015158 -0.044289 0.089780 0.221132 -0.410214 0.880207
1732438991.341050863 0.836346 -0.001130 -0.044308 0.088367 0.222395 -0.402847 0.883429
1732438991.441067457 0.861754 -0.016422 -0.044080 0.086029 0.223607 -0.395549 0.886645
1732438991.541102886 0.888268 -0.032127 -0.043718 0.083774 0.224629 -0.387919 0.889968
1732438991.641654253 0.915481 -0.047427 -0.043618 0.081298 0.225220 -0.379712 0.893580
1732438991.741045237 0.943850 -0.063927 -0.043452 0.079179 0.225983 -0.371074 0.897199
1732438991.841025352 0.975032 -0.080972 -0.043332 0.076671 0.227219 -0.361857 0.900862
1732438991.941160917 1.008184 -0.098950 -0.043019 0.074982 0.228503 -0.352075 0.904548
1732438992.041068077 1.043450 -0.115952 -0.042907 0.072432 0.229285 -0.341704 0.908526
1732438992.140942812 1.081729 -0.133934 -0.043471 0.069352 0.229263 -0.329753 0.913177
1732438992.241050720 1.124131 -0.151056 -0.043703 0.065690 0.229539 -0.316873 0.917926
1732438992.341607809 1.170353 -0.169508 -0.043821 0.062180 0.231295 -0.303603 0.922205
1732438992.440977335 1.217763 -0.186556 -0.043471 0.058571 0.232155 -0.289471 0.926758
1732438992.540983915 1.268859 -0.202766 -0.043876 0.054620 0.234462 -0.275214 0.930753
1732438992.641041994 1.319705 -0.217491 -0.043940 0.050721 0.234380 -0.259818 0.935408
1732438992.740972996 1.373826 -0.229277 -0.043886 0.045528 0.235414 -0.244503 0.939535
1732438992.841042995 1.429664 -0.242214 -0.043611 0.041858 0.236395 -0.228098 0.943577
1732438992.941035271 1.487417 -0.252737 -0.043407 0.037650 0.237980 -0.212005 0.947102
1732438993.040965796 1.543301 -0.260214 -0.043828 0.032924 0.238661 -0.196133 0.950520
1732438993.140986443 1.598312 -0.267034 -0.044025 0.029298 0.240375 -0.179982 0.953398
1732438993.241091728 1.649779 -0.272245 -0.044066 0.025831 0.240144 -0.164511 0.956347
1732438993.341028690 1.702081 -0.273043 -0.044419 0.021114 0.241602 -0.149965 0.958485
1732438993.441077948 1.750480 -0.275113 -0.044376 0.018066 0.241144 -0.135133 0.960865
1732438993.540997267 1.799461 -0.273973 -0.044933 0.013896 0.241903 -0.121255 0.962594
1732438993.640969992 1.847942 -0.272696 -0.045045 0.010734 0.242270 -0.107266 0.964201
1732438993.741035700 1.896552 -0.269418 -0.044866 0.007141 0.243234 -0.093834 0.965392
1732438993.841110229 1.943664 -0.264963 -0.045165 0.003893 0.242977 -0.079046 0.966798
1732438993.941017866 1.991649 -0.257444 -0.045422 -0.000234 0.243658 -0.065409 0.967653
1732438994.041013241 2.038419 -0.248928 -0.045798 -0.004088 0.242821 -0.051188 0.968711
1732438994.141041517 2.083981 -0.241835 -0.045044 -0.006583 0.241907 -0.038197 0.969525
1732438994.241167307 2.131974 -0.233960 -0.045971 -0.009841 0.243313 -0.029533 0.969448
1732438994.341073275 2.177247 -0.229818 -0.046030 -0.011324 0.243263 -0.024514 0.969584
1732438994.441012859 2.222910 -0.228933 -0.045467 -0.011505 0.243171 -0.023346 0.969634
1732438994.541140556 2.268813 -0.230667 -0.046211 -0.010685 0.242360 -0.025320 0.969797
1732438994.641009331 2.315661 -0.233632 -0.045717 -0.009478 0.242984 -0.029403 0.969538
1732438994.741140127 2.362607 -0.238402 -0.045290 -0.007915 0.243233 -0.034350 0.969327
1732438994.841027498 2.410601 -0.242649 -0.045163 -0.006791 0.243791 -0.039171 0.969013
1732438994.941787243 2.458949 -0.248875 -0.045036 -0.005077 0.243895 -0.044061 0.968787
1732438995.041724205 2.507593 -0.254254 -0.044634 -0.003918 0.243901 -0.049442 0.968531
1732438995.141124249 2.557128 -0.260682 -0.044333 -0.002389 0.243833 -0.054931 0.968257
1732438995.241070747 2.606238 -0.268475 -0.043600 -0.000560 0.244544 -0.059104 0.967835
1732438995.341159582 2.657029 -0.272973 -0.044289 -0.000357 0.244103 -0.064408 0.967608
1732438995.441070557 2.710254 -0.280846 -0.043671 0.001079 0.243696 -0.067854 0.967475
1732438995.541184664 2.767862 -0.288282 -0.043854 0.001697 0.244304 -0.071171 0.967082
1732438995.641068459 2.825720 -0.295390 -0.043588 0.002489 0.243084 -0.074171 0.967162
1732438995.741125822 2.885724 -0.301606 -0.042819 0.002835 0.242838 -0.074842 0.967171
1732438995.841138363 2.945355 -0.308959 -0.041909 0.003828 0.242439 -0.074558 0.967290
1732438995.941047907 3.005745 -0.313385 -0.041632 0.003293 0.242561 -0.074084 0.967298
1732438996.041153431 3.066318 -0.320366 -0.041659 0.003992 0.241361 -0.073310 0.967654
1732438996.141068459 3.129063 -0.324134 -0.042002 0.003288 0.241828 -0.072385 0.967610
1732438996.241204739 3.192104 -0.330858 -0.041405 0.003906 0.242501 -0.070886 0.967550
1732438996.341136456 3.254867 -0.334011 -0.041874 0.002871 0.241562 -0.069913 0.967859
1732438996.441035748 3.318443 -0.339838 -0.041400 0.003149 0.241966 -0.068582 0.967853
1732438996.541212082 3.382364 -0.343620 -0.041756 0.002506 0.242267 -0.067766 0.967837
1732438996.641035080 3.445660 -0.348795 -0.041137 0.002955 0.243471 -0.066868 0.967596
1732438996.741176844 3.508742 -0.353451 -0.041497 0.002929 0.243181 -0.066306 0.967708
1732438996.841102362 3.574131 -0.356601 -0.041234 0.002314 0.244899 -0.064789 0.967379
1732438996.941188574 3.637178 -0.359444 -0.041972 0.001347 0.243385 -0.065058 0.967744
1732438997.041104078 3.704122 -0.363256 -0.041893 0.000948 0.244735 -0.063541 0.967505
1732438997.141049623 3.768949 -0.366590 -0.041741 0.000405 0.245563 -0.062882 0.967339
1732438997.241174698 3.830340 -0.370216 -0.041044 0.000072 0.243671 -0.062218 0.967860
1732438997.341134548 3.891425 -0.373746 -0.041412 0.000013 0.242884 -0.061810 0.968084
1732438997.441208601 3.954057 -0.379293 -0.042040 0.000940 0.244432 -0.061168 0.967735
1732438997.541215181 4.017335 -0.380033 -0.042359 -0.000751 0.245878 -0.061124 0.967371
1732438997.641170025 4.078445 -0.385903 -0.042576 0.000172 0.245157 -0.059897 0.967631
1732438997.741081953 4.139901 -0.386827 -0.043050 -0.001041 0.245802 -0.058992 0.967523
1732438997.841089010 4.199113 -0.389026 -0.042971 -0.001212 0.245453 -0.055603 0.967812
1732438997.941186905 4.258046 -0.386378 -0.043178 -0.003196 0.245467 -0.050156 0.968101
1732438998.041100025 4.317262 -0.383209 -0.043100 -0.004872 0.245858 -0.042802 0.968348
1732438998.141067028 4.376298 -0.375079 -0.043136 -0.008231 0.246181 -0.032822 0.968633
1732438998.241336107 4.435392 -0.368362 -0.043126 -0.009931 0.246011 -0.020120 0.969007
1732438998.341826916 4.494615 -0.354960 -0.043769 -0.014246 0.245763 -0.007488 0.969196
1732438998.441210508 4.551907 -0.340188 -0.043827 -0.018088 0.244622 0.007106 0.969424
1732438998.541187286 4.609623 -0.325368 -0.043995 -0.020933 0.244502 0.022271 0.969167
1732438998.641089678 4.666061 -0.309078 -0.043501 -0.023935 0.243848 0.037324 0.968799
1732438998.741107464 4.720516 -0.288730 -0.044178 -0.028313 0.243638 0.051892 0.968063
1732438998.841096163 4.773664 -0.270019 -0.043571 -0.030552 0.243521 0.065812 0.967178
1732438998.941387653 4.825480 -0.249155 -0.044417 -0.034131 0.243520 0.079477 0.966031
1732438999.041125536 4.875785 -0.226691 -0.044844 -0.037205 0.244744 0.092498 0.964448
1732438999.141849756 4.922179 -0.203743 -0.045917 -0.040761 0.243532 0.106099 0.963210
1732438999.241187811 4.967103 -0.180100 -0.046865 -0.043918 0.244098 0.118608 0.961467
1732438999.341090202 5.008511 -0.156027 -0.047302 -0.046731 0.242932 0.131705 0.959924
1732438999.441125154 5.049306 -0.130785 -0.047904 -0.049977 0.242852 0.144589 0.957925
1732438999.541130066 5.088853 -0.104565 -0.048510 -0.053155 0.242841 0.157301 0.955751
1732438999.641132832 5.126396 -0.077225 -0.048978 -0.056711 0.241850 0.170223 0.953581
1732438999.741153002 5.164428 -0.049172 -0.049961 -0.059443 0.241196 0.183701 0.951076
1732438999.841099024 5.202064 -0.019762 -0.050574 -0.062114 0.240177 0.197755 0.948340
1732438999.941200495 5.241503 0.012353 -0.050976 -0.065255 0.240356 0.211590 0.945093
1732439000.041183472 5.278187 0.047651 -0.051271 -0.069304 0.238408 0.226019 0.941952
1732439000.141282320 5.316906 0.082853 -0.051186 -0.072110 0.237409 0.240649 0.938363
1732439000.241214752 5.354132 0.122057 -0.051945 -0.076632 0.236693 0.255415 0.934273
1732439000.341133118 5.391994 0.161817 -0.052501 -0.079921 0.236380 0.270403 0.929849
1732439000.441327572 5.428478 0.203242 -0.052913 -0.083855 0.234980 0.285974 0.925187
1732439000.541199923 5.464705 0.246714 -0.052941 -0.087455 0.233770 0.301420 0.920244
1732439000.641130209 5.499085 0.292993 -0.053288 -0.091392 0.232018 0.317382 0.914923
1732439000.741220951 5.533810 0.340725 -0.053832 -0.095389 0.231762 0.332959 0.909025
1732439000.841197491 5.566757 0.391081 -0.054736 -0.100157 0.231614 0.348256 0.902796
1732439000.941282511 5.594965 0.439691 -0.055455 -0.103398 0.228916 0.364100 0.896849
1732439001.041214466 5.623889 0.487060 -0.056371 -0.105999 0.227851 0.379038 0.890605
1732439001.141143799 5.648545 0.536713 -0.057136 -0.109927 0.225839 0.393710 0.884254
1732439001.241307974 5.671601 0.582554 -0.058060 -0.112223 0.224352 0.408087 0.877802
1732439001.341248035 5.691494 0.626527 -0.058807 -0.115176 0.222359 0.421417 0.871607
1732439001.441192627 5.707415 0.667625 -0.059538 -0.117862 0.220352 0.432011 0.866557
1732439001.541265011 5.724213 0.705587 -0.060240 -0.120513 0.219690 0.439397 0.862638
1732439001.641178370 5.741227 0.736152 -0.060660 -0.121211 0.219671 0.443212 0.860590
1732439001.741158724 5.755164 0.758671 -0.060770 -0.121168 0.219602 0.445528 0.859417
1732439001.841255188 5.764362 0.773577 -0.061511 -0.121760 0.219998 0.445632 0.859179
1732439001.941181898 5.768040 0.778274 -0.061374 -0.121411 0.219822 0.445844 0.859163
1732439002.041165113 5.765338 0.774492 -0.061712 -0.121054 0.219070 0.446035 0.859306
1732439002.141238928 5.760125 0.768068 -0.061386 -0.121292 0.218734 0.447388 0.858655
1732439002.241194725 5.752978 0.759695 -0.061159 -0.121954 0.218542 0.448845 0.857849
1732439002.341267347 5.743374 0.748783 -0.060975 -0.122770 0.217990 0.451609 0.856421
1732439002.441228628 5.730749 0.734460 -0.061039 -0.124014 0.217316 0.454881 0.854680
1732439002.541158915 5.715735 0.717275 -0.060735 -0.125306 0.216882 0.458910 0.852445
1732439002.641252756 5.699115 0.696524 -0.060683 -0.126600 0.216260 0.463861 0.849728
1732439002.741221189 5.680450 0.671764 -0.060331 -0.127676 0.215742 0.469081 0.846828
1732439002.841174364 5.659714 0.643937 -0.059951 -0.128994 0.215365 0.474651 0.843614
1732439002.941218853 5.637919 0.612871 -0.059909 -0.130323 0.214611 0.480253 0.840426
1732439003.041157484 5.615036 0.578918 -0.059568 -0.132601 0.214549 0.485925 0.836817
1732439003.141315222 5.591207 0.541614 -0.059370 -0.133992 0.213787 0.491757 0.833377
1732439003.241216421 5.565618 0.501745 -0.058371 -0.136193 0.212877 0.497792 0.829661
1732439003.341959000 5.539566 0.459516 -0.058003 -0.138463 0.211981 0.503720 0.825929
1732439003.441224813 5.515452 0.415215 -0.056856 -0.139325 0.211155 0.508878 0.822828
1732439003.541243792 5.491273 0.370222 -0.056155 -0.140563 0.209722 0.512533 0.820712
1732439003.641198397 5.471232 0.326421 -0.055319 -0.141578 0.209836 0.514784 0.819098
1732439003.741208315 5.451604 0.282558 -0.054708 -0.141611 0.208971 0.516068 0.818506
1732439003.841163874 5.433822 0.239140 -0.053894 -0.141843 0.209058 0.516924 0.817903
1732439003.941225767 5.415984 0.196595 -0.053411 -0.142205 0.209150 0.517772 0.817280
1732439004.041218758 5.399354 0.153793 -0.052436 -0.141877 0.208872 0.518518 0.816935
1732439004.141304970 5.382799 0.113518 -0.052021 -0.142332 0.209125 0.518860 0.816574
1732439004.241295815 5.366726 0.073237 -0.051690 -0.142265 0.208459 0.519460 0.816374
1732439004.341188431 5.350246 0.034913 -0.051270 -0.142590 0.208179 0.519695 0.816240
1732439004.441354275 5.335470 -0.003243 -0.050070 -0.142114 0.207818 0.520536 0.815879
1732439004.541250706 5.322528 -0.037508 -0.049274 -0.142139 0.208183 0.520547 0.815774
1732439004.641207218 5.310010 -0.068107 -0.048428 -0.142270 0.207534 0.521282 0.815447
1732439004.741342068 5.299560 -0.094951 -0.047812 -0.141691 0.206821 0.521633 0.815504
1732439004.841253996 5.292688 -0.114728 -0.047300 -0.141267 0.206886 0.521892 0.815396
1732439004.941377878 5.289292 -0.125580 -0.047134 -0.140885 0.206996 0.521873 0.815446
1732439005.041311264 5.289265 -0.125746 -0.046973 -0.140884 0.206972 0.522206 0.815239
1732439005.141219378 5.290607 -0.118952 -0.047726 -0.141911 0.207622 0.523084 0.814332
1732439005.241313219 5.292170 -0.111389 -0.047395 -0.142308 0.207296 0.524711 0.813299
1732439005.341243505 5.293420 -0.102082 -0.047900 -0.142770 0.206924 0.526552 0.812122
1732439005.441219091 5.295235 -0.089149 -0.047973 -0.143746 0.206479 0.529581 0.810091
1732439005.541301966 5.297768 -0.072233 -0.048388 -0.144547 0.205995 0.533612 0.807422
1732439005.641240120 5.301157 -0.051371 -0.048707 -0.145211 0.204934 0.538940 0.804027
1732439005.741358280 5.304164 -0.024090 -0.049187 -0.146425 0.203815 0.545428 0.799704
1732439005.841260433 5.306911 0.009381 -0.049976 -0.148416 0.202323 0.553324 0.794274
1732439005.941425323 5.309301 0.049043 -0.050717 -0.151027 0.200990 0.562279 0.787805
1732439006.041316271 5.310567 0.094080 -0.051700 -0.154004 0.198916 0.572901 0.780064
1732439006.141255617 5.312098 0.143430 -0.052337 -0.156979 0.197536 0.584027 0.771524
1732439006.241416693 5.311042 0.197254 -0.052745 -0.160760 0.195672 0.595988 0.762015
1732439006.341316700 5.308818 0.251393 -0.053578 -0.162776 0.192900 0.608648 0.752224
1732439006.441292524 5.304834 0.308944 -0.054560 -0.165117 0.190320 0.621982 0.741385
1732439006.541362524 5.297461 0.368461 -0.055231 -0.168655 0.187808 0.635186 0.729947
1732439006.641321659 5.289342 0.428472 -0.056134 -0.171089 0.185324 0.649367 0.717430
1732439006.741225004 5.277092 0.488489 -0.056529 -0.174047 0.181213 0.663049 0.705150
1732439006.841311693 5.262512 0.549216 -0.056886 -0.177104 0.177702 0.676307 0.692579
1732439006.941341162 5.245528 0.609302 -0.057767 -0.180570 0.173998 0.689291 0.679704
1732439007.041261196 5.227064 0.667263 -0.057681 -0.183226 0.170527 0.702398 0.666323
1732439007.141249418 5.207253 0.721972 -0.057799 -0.185261 0.166358 0.714847 0.653451
1732439007.241329670 5.186618 0.775022 -0.058002 -0.188078 0.163463 0.726296 0.640625
1732439007.341413975 5.165151 0.822916 -0.058070 -0.190429 0.159733 0.736687 0.628899
1732439007.441436768 5.143656 0.867721 -0.058818 -0.192299 0.156764 0.746524 0.617371
1732439007.542038679 5.122669 0.908887 -0.059261 -0.194257 0.154061 0.755500 0.606424
1732439007.641257286 5.101313 0.946021 -0.059542 -0.196560 0.151247 0.763172 0.596705
1732439007.741280079 5.079692 0.979303 -0.059739 -0.197798 0.147500 0.770674 0.587521
1732439007.841332674 5.061345 1.012202 -0.059874 -0.199109 0.145820 0.777636 0.578251
1732439007.941239834 5.039873 1.043025 -0.059978 -0.201274 0.143686 0.783869 0.569555
1732439008.041368484 5.021202 1.072994 -0.060012 -0.202612 0.142412 0.789944 0.560943
1732439008.141348839 5.000166 1.101018 -0.060026 -0.204326 0.139875 0.795887 0.552493
1732439008.241290092 4.980173 1.129021 -0.059873 -0.206027 0.138671 0.800974 0.544760
1732439008.341436148 4.960642 1.154292 -0.060070 -0.206995 0.136317 0.806597 0.536630
1732439008.441372871 4.942235 1.177661 -0.060061 -0.207629 0.134387 0.811831 0.528924
1732439008.541467428 4.922999 1.200116 -0.060581 -0.208899 0.132347 0.816540 0.521639
1732439008.641380548 4.903629 1.221803 -0.060795 -0.210013 0.130550 0.821230 0.514230
1732439008.742019176 4.884881 1.242131 -0.061186 -0.210671 0.128286 0.825982 0.506867
1732439008.841265202 4.864991 1.262479 -0.061421 -0.212045 0.126295 0.830161 0.499920
1732439008.941380739 4.844051 1.284303 -0.061566 -0.213352 0.124685 0.834695 0.492156
1732439009.041312456 4.821723 1.306201 -0.062125 -0.214703 0.122470 0.839089 0.484596
1732439009.141411304 4.798408 1.327097 -0.061885 -0.215788 0.120044 0.843734 0.476590
1732439009.241377592 4.774753 1.348617 -0.062242 -0.216407 0.117761 0.848626 0.468118
1732439009.341324329 4.749354 1.370853 -0.061901 -0.217631 0.115575 0.853356 0.459415
1732439009.441425323 4.724396 1.393820 -0.062064 -0.218304 0.113784 0.858384 0.450081
1732439009.541321993 4.696500 1.417056 -0.061751 -0.219104 0.111228 0.863567 0.440310
1732439009.641460180 4.665522 1.441012 -0.062059 -0.221146 0.108721 0.868370 0.430357
1732439009.741380692 4.632636 1.465388 -0.062215 -0.221806 0.105894 0.873914 0.419361
1732439009.841302395 4.597030 1.490035 -0.062450 -0.223116 0.102602 0.879690 0.407232
1732439009.941456556 4.557575 1.514579 -0.062748 -0.224429 0.098645 0.885368 0.395000
1732439010.041333199 4.516449 1.539316 -0.062826 -0.225918 0.095055 0.891135 0.381843
1732439010.141317368 4.474088 1.562587 -0.063181 -0.227768 0.091107 0.896636 0.368598
1732439010.241406441 4.432955 1.584556 -0.062983 -0.228078 0.087581 0.902503 0.354680
1732439010.341372013 4.388274 1.605038 -0.063402 -0.229881 0.083574 0.907534 0.341398
1732439010.441469669 4.342974 1.626690 -0.063102 -0.231335 0.080494 0.912705 0.327069
1732439010.541347504 4.296236 1.647550 -0.063410 -0.232722 0.077461 0.917654 0.312653
1732439010.641317129 4.248878 1.665923 -0.063353 -0.234720 0.073965 0.922066 0.298715
1732439010.741465807 4.203152 1.681965 -0.063410 -0.235625 0.070592 0.926431 0.284998
1732439010.841285706 4.157560 1.696521 -0.064210 -0.236521 0.067085 0.930661 0.270975
1732439010.941475630 4.112202 1.709269 -0.064375 -0.238028 0.063262 0.934297 0.257741
1732439011.041381836 4.068472 1.719474 -0.064719 -0.239474 0.059351 0.937605 0.245005
1732439011.141331434 4.028123 1.729167 -0.064227 -0.238984 0.056441 0.941043 0.232677
1732439011.241509914 3.986345 1.737910 -0.064552 -0.239704 0.053088 0.943895 0.220874
1732439011.341439009 3.945004 1.745162 -0.064389 -0.239812 0.049711 0.946862 0.208499
1732439011.441419601 3.903989 1.753429 -0.064501 -0.241149 0.047547 0.948868 0.198083
1732439011.541462421 3.864829 1.759758 -0.063906 -0.240099 0.044845 0.951118 0.188984
1732439011.641411781 3.826058 1.771124 -0.063561 -0.239994 0.044682 0.952240 0.183424
1732439011.741155386 3.788332 1.782144 -0.063022 -0.239898 0.044012 0.952723 0.181191
1732439011.841199160 3.749192 1.791230 -0.064035 -0.241080 0.042050 0.952758 0.179900
1732439011.941429615 3.713933 1.804295 -0.063608 -0.241111 0.042596 0.952869 0.179144
1732439012.041436195 3.678594 1.815287 -0.063712 -0.240679 0.042206 0.952938 0.179446
1732439012.141577244 3.643654 1.827184 -0.063323 -0.240811 0.042419 0.952955 0.179128
1732439012.241457462 3.607697 1.837587 -0.063670 -0.240701 0.041759 0.952941 0.179504
1732439012.341465473 3.572604 1.849383 -0.063186 -0.239785 0.041816 0.953200 0.179343
1732439012.441452503 3.535060 1.860973 -0.063213 -0.239249 0.040952 0.953406 0.179161
1732439012.541526079 3.496282 1.874716 -0.062947 -0.238917 0.041681 0.953435 0.179285
1732439012.641448975 3.453961 1.889932 -0.062850 -0.239034 0.042247 0.953508 0.178606
1732439012.741516113 3.408781 1.904307 -0.062730 -0.239087 0.041937 0.953518 0.178557
1732439012.841486931 3.360409 1.919085 -0.063090 -0.239038 0.041348 0.953635 0.178136
1732439012.941572428 3.309734 1.937087 -0.062691 -0.240623 0.042592 0.953580 0.175988
1732439013.041450739 3.258128 1.948886 -0.063608 -0.239367 0.040642 0.954302 0.174236
1732439013.141367435 3.201688 1.962703 -0.064123 -0.240912 0.039602 0.955079 0.167979
1732439013.241587877 3.144236 1.972948 -0.064331 -0.241867 0.037600 0.956159 0.160768
1732439013.341536045 3.086295 1.982836 -0.064209 -0.241424 0.035622 0.957909 0.151179
1732439013.441533327 3.024321 1.989972 -0.064056 -0.242800 0.032635 0.959092 0.141866
1732439013.541529417 2.962196 1.998226 -0.064432 -0.243008 0.030437 0.960227 0.134109
1732439013.641380310 2.898329 2.007704 -0.064329 -0.244663 0.028523 0.960552 0.129099
1732439013.741551161 2.837158 2.017550 -0.064325 -0.243884 0.027364 0.961334 0.124936
1732439013.841483355 2.776013 2.027568 -0.064540 -0.244004 0.026647 0.961838 0.120911
1732439013.941474676 2.717677 2.036681 -0.065048 -0.242843 0.026325 0.962827 0.115321
1732439014.041377306 2.657405 2.042597 -0.064563 -0.243405 0.024359 0.963497 0.108788
1732439014.141526937 2.597603 2.049204 -0.064312 -0.243868 0.023830 0.964228 0.101115
1732439014.241428614 2.538507 2.050761 -0.064744 -0.243621 0.021267 0.965051 0.094198
1732439014.341514587 2.481213 2.053238 -0.064330 -0.243802 0.019481 0.965921 0.084721
1732439014.441488981 2.426925 2.051323 -0.064248 -0.244510 0.016606 0.966509 0.076156
1732439014.541670322 2.376742 2.050686 -0.064446 -0.243070 0.014811 0.967652 0.065941
1732439014.641616344 2.327932 2.044823 -0.064397 -0.243124 0.011191 0.968284 0.056493
1732439014.741462469 2.280924 2.041126 -0.063953 -0.242428 0.008951 0.968986 0.047067
1732439014.841488600 2.233876 2.035321 -0.063909 -0.242362 0.006315 0.969422 0.037976
1732439014.941393137 2.186200 2.029204 -0.064049 -0.243190 0.003816 0.969545 0.028736
1732439015.041568518 2.141203 2.022784 -0.063742 -0.242901 0.001677 0.969849 0.019738
1732439015.141476870 2.097203 2.014365 -0.063723 -0.242549 -0.001220 0.970072 0.011317
1732439015.241494179 2.052712 2.007631 -0.064040 -0.242514 -0.002760 0.970138 0.003267
1732439015.341395378 2.006804 2.001101 -0.063932 -0.243076 -0.004221 0.969995 -0.002501
1732439015.441612959 1.961824 1.994385 -0.063703 -0.242594 -0.005702 0.970090 -0.006485
1732439015.541496277 1.916588 1.990628 -0.063315 -0.242657 -0.005645 0.970051 -0.009346
1732439015.641421795 1.870386 1.986213 -0.063067 -0.242451 -0.006194 0.970092 -0.010075
1732439015.741354227 1.822100 1.982599 -0.062971 -0.242453 -0.005943 0.970094 -0.009936
1732439015.841521978 1.772669 1.979247 -0.062362 -0.242487 -0.005573 0.970087 -0.010053
1732439015.941284418 1.721411 1.975249 -0.062365 -0.243137 -0.005661 0.969931 -0.009283
1732439016.041390419 1.669644 1.972102 -0.062167 -0.241897 -0.005243 0.970244 -0.009197
1732439016.140980244 1.616085 1.966827 -0.062005 -0.241844 -0.006132 0.970253 -0.009085
1732439016.241324425 1.561351 1.962057 -0.061577 -0.241837 -0.006662 0.970242 -0.010085
1732439016.341464281 1.506779 1.953891 -0.061807 -0.240735 -0.008205 0.970480 -0.012197
1732439016.441427708 1.451876 1.945447 -0.061356 -0.240690 -0.009484 0.970416 -0.016439
1732439016.541442871 1.396798 1.935726 -0.060952 -0.240453 -0.011152 0.970346 -0.022069
1732439016.641460180 1.341113 1.926248 -0.060824 -0.240481 -0.012133 0.970154 -0.028691
1732439016.741586924 1.285173 1.915132 -0.061201 -0.240232 -0.013356 0.969968 -0.035671
1732439016.841567039 1.227798 1.902165 -0.061061 -0.241422 -0.015515 0.969366 -0.042469
1732439016.941731930 1.172101 1.889117 -0.060753 -0.240517 -0.017049 0.969231 -0.049522
1732439017.041609764 1.115725 1.874877 -0.060318 -0.240733 -0.018643 0.968755 -0.056683
1732439017.141518831 1.061013 1.859706 -0.059955 -0.240599 -0.020519 0.968365 -0.062927
1732439017.241469145 1.006112 1.843686 -0.059393 -0.240865 -0.022344 0.967835 -0.069136
1732439017.341557026 0.952745 1.827250 -0.058859 -0.240334 -0.023739 0.967286 -0.077676
1732439017.441503286 0.898198 1.809272 -0.058683 -0.241097 -0.025563 0.966332 -0.086145
1732439017.541595697 0.846757 1.788591 -0.058535 -0.239909 -0.028128 0.965688 -0.095393
1732439017.641627073 0.795285 1.766871 -0.058261 -0.239272 -0.031028 0.964745 -0.105137
1732439017.741445780 0.745140 1.744534 -0.057690 -0.239579 -0.033725 0.963501 -0.114586
1732439017.841655254 0.699950 1.725773 -0.056390 -0.237300 -0.033998 0.962861 -0.124222
1732439017.941518068 0.655710 1.699039 -0.057913 -0.237697 -0.039177 0.961257 -0.133979
1732439018.041488647 0.612224 1.677745 -0.057512 -0.236602 -0.040444 0.960061 -0.143761
1732439018.141734362 0.567694 1.652857 -0.057590 -0.236897 -0.043108 0.958404 -0.153245
1732439018.241606474 0.524977 1.629737 -0.057351 -0.236680 -0.044595 0.956729 -0.163289
1732439018.341670990 0.482625 1.603116 -0.057692 -0.236584 -0.047273 0.954929 -0.172925
1732439018.441569090 0.440984 1.574606 -0.057614 -0.236664 -0.050421 0.952687 -0.183942
1732439018.541494370 0.401113 1.545529 -0.057757 -0.236574 -0.053577 0.950296 -0.195193
1732439018.641614914 0.362872 1.515596 -0.058122 -0.235948 -0.056428 0.947790 -0.206975
1732439018.741495609 0.323596 1.484864 -0.057770 -0.236007 -0.059353 0.944703 -0.219806
1732439018.841676474 0.287262 1.452060 -0.057633 -0.234643 -0.062948 0.941773 -0.232473
1732439018.941591978 0.249740 1.418713 -0.057108 -0.234818 -0.065754 0.938137 -0.245838
1732439019.041556120 0.214048 1.384273 -0.056922 -0.233521 -0.068765 0.934879 -0.258343
1732439019.141602278 0.180191 1.346933 -0.056852 -0.232237 -0.072169 0.931356 -0.270986
1732439019.241547823 0.145621 1.311353 -0.056480 -0.231230 -0.074868 0.927505 -0.284012
1732439019.341635942 0.113235 1.273392 -0.056486 -0.229373 -0.077944 0.923690 -0.296834
1732439019.441636086 0.081353 1.235629 -0.056125 -0.228615 -0.080935 0.919458 -0.309486
1732439019.541568518 0.052107 1.196526 -0.056251 -0.227196 -0.084194 0.915186 -0.322068
1732439019.641664028 0.022639 1.157576 -0.055980 -0.225841 -0.086813 0.910763 -0.334619
1732439019.741539955 -0.004700 1.117147 -0.055660 -0.224095 -0.090000 0.906348 -0.346719
1732439019.841447592 -0.031935 1.076559 -0.055219 -0.222678 -0.092902 0.901618 -0.358983
1732439019.941525459 -0.056869 1.033541 -0.055126 -0.221241 -0.096433 0.896673 -0.371122
1732439020.041648626 -0.083091 0.990663 -0.054949 -0.220702 -0.098793 0.891222 -0.383736
1732439020.141513109 -0.106568 0.944806 -0.055026 -0.219226 -0.102336 0.885803 -0.396006
1732439020.241657495 -0.128744 0.898614 -0.054496 -0.217137 -0.105516 0.880159 -0.408703
1732439020.341545582 -0.150125 0.852659 -0.053799 -0.215629 -0.108413 0.874124 -0.421494
1732439020.441378832 -0.168899 0.805906 -0.053567 -0.213630 -0.111508 0.868049 -0.434073
1732439020.541392088 -0.187392 0.760322 -0.052433 -0.211762 -0.114046 0.861847 -0.446508
1732439020.641263247 -0.203420 0.715584 -0.051667 -0.208664 -0.115929 0.855621 -0.459274
1732439020.741611481 -0.219189 0.668084 -0.051284 -0.207205 -0.118720 0.849232 -0.470931
1732439020.841533184 -0.232681 0.621242 -0.050385 -0.204626 -0.121194 0.842620 -0.483148
1732439020.941545248 -0.247010 0.573272 -0.049863 -0.203385 -0.123640 0.835347 -0.495524
1732439021.041538477 -0.259290 0.526352 -0.049222 0.201246 0.125378 -0.828737 0.506928
1732439021.141720057 -0.267635 0.477053 -0.048581 0.198457 0.128745 -0.821766 0.518401
1732439021.241607904 -0.276214 0.428206 -0.048100 0.197128 0.131764 -0.814498 0.529501
1732439021.341488600 -0.283559 0.381138 -0.047696 0.194992 0.134380 -0.807600 0.540094
1732439021.441688061 -0.290089 0.335824 -0.047122 0.193228 0.136755 -0.801317 0.549411
1732439021.541354179 -0.296401 0.295207 -0.046764 0.191696 0.138496 -0.796927 0.555859
1732439021.641536951 -0.303429 0.258806 -0.046199 0.190723 0.139583 -0.794156 0.559872
1732439021.741561413 -0.310281 0.227586 -0.046188 0.190319 0.140906 -0.792765 0.561647
1732439021.841547012 -0.316254 0.204657 -0.045820 0.190595 0.141479 -0.792421 0.561895
1732439021.941501379 -0.319480 0.190871 -0.045717 0.190602 0.141564 -0.792210 0.562169
1732439022.041589022 -0.321002 0.186456 -0.045726 0.190783 0.141591 -0.792072 0.562296
1732439022.141563177 -0.319894 0.189839 -0.045930 0.190028 0.141188 -0.792329 0.562290
1732439022.241567850 -0.318221 0.195913 -0.046019 0.190117 0.141327 -0.792156 0.562468
1732439022.341696978 -0.315581 0.204661 -0.046313 0.190351 0.141335 -0.792223 0.562292
1732439022.441739321 -0.311967 0.217533 -0.046602 0.189890 0.140876 -0.791996 0.562884
1732439022.541571140 -0.306915 0.234696 -0.046909 0.189986 0.140920 -0.791533 0.563492
1732439022.641720295 -0.299902 0.257268 -0.047573 0.190051 0.141375 -0.790934 0.564196
1732439022.741729021 -0.290365 0.285602 -0.048119 0.189968 0.141829 -0.789602 0.565973
1732439022.841783285 -0.278803 0.320701 -0.048436 0.189471 0.142500 -0.787648 0.568687
1732439022.941670418 -0.263588 0.362247 -0.049241 0.188489 0.143541 -0.784545 0.573024
1732439023.041711807 -0.247268 0.410308 -0.049660 0.188419 0.145470 -0.780604 0.577923
1732439023.141717672 -0.229887 0.464938 -0.049897 0.187250 0.146553 -0.776048 0.584131
1732439023.241568089 -0.209239 0.524135 -0.050327 0.186119 0.149262 -0.770903 0.590583
1732439023.341703653 -0.189938 0.590648 -0.050997 0.184666 0.150361 -0.764424 0.599121
1732439023.441592693 -0.165828 0.659052 -0.052177 0.182907 0.155163 -0.756494 0.608429
1732439023.541385174 -0.145096 0.733988 -0.052637 0.181085 0.157763 -0.748160 0.618527
1732439023.641718626 -0.123120 0.812318 -0.053911 0.178567 0.161779 -0.739034 0.629103
1732439023.741621494 -0.105397 0.893656 -0.054829 0.176132 0.164570 -0.730093 0.639421
1732439023.841781616 -0.092076 0.975039 -0.055086 0.174031 0.166522 -0.723272 0.647195
1732439023.941726446 -0.084856 1.051026 -0.054968 0.173509 0.167605 -0.718613 0.652226
1732439024.041594982 -0.079485 1.119893 -0.055259 0.172808 0.168392 -0.715783 0.655314
1732439024.141545057 -0.079010 1.180799 -0.055140 0.173870 0.168171 -0.714181 0.656836
1732439024.241703510 -0.077446 1.232061 -0.055461 0.173962 0.168733 -0.713231 0.657699
1732439024.341628551 -0.076314 1.276249 -0.055522 0.172857 0.168123 -0.712963 0.658436
1732439024.441710234 -0.075740 1.308898 -0.055603 0.173050 0.168491 -0.712557 0.658731
1732439024.541625023 -0.075288 1.330147 -0.055242 0.172513 0.168080 -0.712218 0.659344
1732439024.641500473 -0.075214 1.339573 -0.055538 0.172533 0.168251 -0.712097 0.659425
1732439024.741085529 -0.075105 1.336745 -0.055608 0.172824 0.168577 -0.711953 0.659421
1732439024.841084003 -0.075080 1.328671 -0.055686 0.173106 0.169207 -0.711882 0.659263
1732439024.941147804 -0.075126 1.317735 -0.055659 0.173279 0.169245 -0.711910 0.659177
1732439025.041600943 -0.074938 1.302702 -0.055399 0.173181 0.169254 -0.711717 0.659409
1732439025.141699076 -0.074889 1.283614 -0.055319 0.173115 0.169171 -0.711298 0.659900
1732439025.241688728 -0.074781 1.260043 -0.055289 0.172922 0.169456 -0.710407 0.660836
1732439025.341387033 -0.074065 1.231806 -0.055102 0.172863 0.169764 -0.708618 0.662690
1732439025.441700459 -0.071541 1.199077 -0.055161 0.172332 0.170360 -0.706488 0.664947
1732439025.541683435 -0.068186 1.162202 -0.054862 0.171139 0.170799 -0.703731 0.668058
1732439025.641535521 -0.062354 1.119874 -0.055051 0.169753 0.172138 -0.700615 0.671335
1732439025.741574764 -0.057636 1.073913 -0.054711 0.168637 0.173083 -0.697151 0.674970
1732439025.841787338 -0.052540 1.024113 -0.054354 0.167699 0.173576 -0.693035 0.679302
1732439025.941737413 -0.044749 0.971965 -0.053770 0.165433 0.173988 -0.688728 0.684116
1732439026.041666031 -0.037413 0.914431 -0.053543 0.164600 0.174875 -0.684170 0.688649
1732439026.141783237 -0.026461 0.854430 -0.052993 0.162300 0.176341 -0.678977 0.693940
1732439026.241724730 -0.017061 0.791745 -0.052451 0.161389 0.176762 -0.672602 0.700225
1732439026.341559172 -0.002668 0.728083 -0.051538 0.158260 0.177629 -0.665855 0.707135
1732439026.441715240 0.013946 0.660717 -0.050484 0.157210 0.180376 -0.657210 0.714720
1732439026.541630507 0.034548 0.596513 -0.049493 0.153945 0.181780 -0.647507 0.723873
1732439026.641521454 0.057162 0.533884 -0.047717 0.150101 0.182457 -0.636532 0.734171
1732439026.741381645 0.082709 0.472535 -0.046647 0.146357 0.184003 -0.623658 0.745502
1732439026.841583252 0.114937 0.410860 -0.045494 0.142640 0.188505 -0.610416 0.755984
1732439026.941537619 0.144751 0.351646 -0.045123 0.138713 0.189322 -0.594815 0.768837
1732439027.041709423 0.180194 0.294025 -0.045083 0.134818 0.192394 -0.580339 0.779754
1732439027.141598463 0.217028 0.237038 -0.044679 0.131556 0.196757 -0.565248 0.790237
1732439027.241470814 0.256601 0.184880 -0.044845 0.127250 0.200616 -0.550544 0.800289
1732439027.341582775 0.296664 0.135531 -0.044507 0.122641 0.203823 -0.536066 0.809969
1732439027.441782236 0.335535 0.086220 -0.043300 0.119960 0.207335 -0.521125 0.819176
1732439027.541822195 0.375748 0.043813 -0.043151 0.114567 0.207926 -0.507472 0.828320
1732439027.641851902 0.414850 -0.001895 -0.041804 0.113671 0.211842 -0.493214 0.836027
1732439027.741664171 0.456009 -0.038090 -0.041016 0.108040 0.212443 -0.479892 0.844333
1732439027.841854811 0.496086 -0.074749 -0.040768 0.104507 0.214132 -0.466432 0.851861
1732439027.941862345 0.538229 -0.104979 -0.040563 0.098648 0.215144 -0.453566 0.859220
1732439028.041765451 0.577695 -0.135331 -0.039793 0.094305 0.216032 -0.440064 0.866476
1732439028.141762972 0.616772 -0.165551 -0.039839 0.091219 0.216739 -0.427133 0.873076
1732439028.241662502 0.658336 -0.196872 -0.040059 0.089442 0.220248 -0.414266 0.878564
1732439028.341631889 0.699366 -0.225514 -0.040822 0.086868 0.223023 -0.400899 0.884305
1732439028.441799641 0.737019 -0.249557 -0.040458 0.084036 0.224129 -0.389197 0.889511
1732439028.541674852 0.771414 -0.271337 -0.040294 0.082049 0.226116 -0.380356 0.893011
1732439028.641844988 0.800679 -0.290330 -0.039862 0.080030 0.227511 -0.373712 0.895641
1732439028.741769552 0.822151 -0.304444 -0.039819 0.078934 0.229018 -0.371041 0.896465
1732439028.841854095 0.832545 -0.313522 -0.039526 0.078877 0.229794 -0.369367 0.896962
1732439028.941533566 0.833641 -0.313832 -0.039323 0.078656 0.229602 -0.369020 0.897174
1732439029.041751146 0.827379 -0.308144 -0.039837 0.078555 0.228820 -0.369198 0.897309
1732439029.141906738 0.817184 -0.297459 -0.039769 0.078173 0.228793 -0.367936 0.897867
1732439029.241707563 0.802761 -0.283347 -0.040097 0.077635 0.228686 -0.365325 0.899007
1732439029.341666698 0.784975 -0.263882 -0.039978 0.076721 0.228886 -0.361050 0.900760
1732439029.441864491 0.762532 -0.239527 -0.041008 0.075051 0.229011 -0.355471 0.903085
1732439029.541630507 0.735551 -0.210337 -0.041082 0.073386 0.229919 -0.348635 0.905652
1732439029.641583443 0.702554 -0.176894 -0.042238 0.071462 0.230521 -0.340815 0.908624
1732439029.741731882 0.664973 -0.139908 -0.041724 0.069222 0.230531 -0.331609 0.912195
1732439029.841658115 0.625327 -0.098585 -0.040420 0.063000 0.228882 -0.322718 0.916241
1732439029.941647053 0.587892 -0.064504 -0.041040 0.061777 0.232152 -0.316740 0.917586
1732439030.041792631 0.539439 -0.034246 -0.042121 0.063973 0.231112 -0.312317 0.919213
1732439030.141632318 0.495351 0.001544 -0.043246 0.061710 0.233067 -0.309283 0.919900
1732439030.241642475 0.445980 0.033477 -0.043892 0.062073 0.231807 -0.307334 0.920847
1732439030.341739178 0.402320 0.061207 -0.044203 0.062591 0.231880 -0.305962 0.921250
1732439030.440938711 0.364897 0.085010 -0.044112 0.062679 0.231250 -0.305527 0.921547
1732439030.541414499 0.333856 0.103182 -0.044940 0.062735 0.229672 -0.307234 0.921370
1732439030.641632080 0.315055 0.113868 -0.044582 0.063289 0.229501 -0.308750 0.920867
1732439030.741619110 0.306117 0.117850 -0.044714 0.063597 0.229165 -0.309629 0.920635
1732439030.841453552 0.310113 0.116161 -0.045167 0.063810 0.230607 -0.309054 0.920453
1732439030.941834927 0.316152 0.113061 -0.045338 0.063391 0.230572 -0.307738 0.920932
1732439031.041653156 0.325035 0.109583 -0.045411 0.062753 0.230997 -0.305787 0.921519
1732439031.141539812 0.335477 0.105039 -0.045212 0.062147 0.231268 -0.303158 0.922360
1732439031.241562605 0.348780 0.099479 -0.045129 0.061127 0.231637 -0.299664 0.923477
1732439031.341687441 0.365029 0.092955 -0.044904 0.060251 0.232188 -0.295603 0.924704
1732439031.441661835 0.384316 0.085195 -0.044596 0.058991 0.232885 -0.291286 0.925979
1732439031.541763067 0.407184 0.076828 -0.044601 0.057543 0.233602 -0.285746 0.927614
1732439031.641854048 0.433263 0.067947 -0.044521 0.055616 0.234007 -0.279274 0.929599
1732439031.741486311 0.462636 0.058403 -0.044064 0.053182 0.234106 -0.272015 0.931866
1732439031.841649294 0.495253 0.048298 -0.043912 0.050848 0.234207 -0.263945 0.934288
1732439031.941779137 0.530024 0.037084 -0.043858 0.049228 0.234579 -0.255321 0.936675
1732439032.041764259 0.567636 0.023708 -0.044628 0.048624 0.236884 -0.246334 0.938531
1732439032.141801357 0.607158 0.009535 -0.044852 0.048541 0.239723 -0.237195 0.940168
1732439032.241871119 0.645076 0.000684 -0.044851 0.045367 0.239331 -0.228313 0.942622
1732439032.340974092 0.682728 -0.009422 -0.044858 0.044028 0.240517 -0.219921 0.944377
1732439032.441555738 0.720165 -0.015621 -0.045395 0.040340 0.239952 -0.212864 0.946301
1732439032.541783571 0.756662 -0.024204 -0.045417 0.038546 0.240649 -0.205049 0.947923
1732439032.641749382 0.790440 -0.030251 -0.045518 0.036563 0.241949 -0.198193 0.949128
1732439032.741096497 0.820607 -0.035377 -0.045777 0.034433 0.241844 -0.191625 0.950582
1732439032.841065168 0.849557 -0.040736 -0.045753 0.033258 0.242030 -0.185389 0.951812
1732439032.941692352 0.878024 -0.044888 -0.046179 0.031051 0.242330 -0.179733 0.952895
1732439033.041790724 0.905743 -0.048138 -0.046090 0.029137 0.242998 -0.174139 0.953823
1732439033.140984774 0.934674 -0.051052 -0.046524 0.027030 0.243986 -0.168632 0.954622
1732439033.241103172 0.962819 -0.053618 -0.046224 0.025126 0.245259 -0.162969 0.955331
1732439033.341588259 0.989101 -0.057009 -0.046091 0.024026 0.243932 -0.156034 0.956856
1732439033.441752434 1.018275 -0.062370 -0.046528 0.024216 0.241940 -0.148051 0.958624
1732439033.541084290 1.052645 -0.061929 -0.047186 0.020469 0.243550 -0.140738 0.959405
1732439033.641792059 1.087334 -0.064420 -0.047290 0.018700 0.243441 -0.131894 0.960724
1732439033.741658688 1.122909 -0.065384 -0.047266 0.016386 0.243647 -0.124177 0.961742
1732439033.841729164 1.160320 -0.066128 -0.047001 0.014232 0.242864 -0.115543 0.963050
1732439033.941857100 1.199026 -0.066353 -0.046869 0.011993 0.243466 -0.106051 0.964019
1732439034.041746855 1.241460 -0.065573 -0.047934 0.009521 0.244410 -0.096709 0.964790
1732439034.141034603 1.286304 -0.063207 -0.047955 0.006803 0.244490 -0.086704 0.965744
1732439034.241817951 1.333692 -0.060086 -0.048662 0.004042 0.243966 -0.075808 0.966808
1732439034.341911077 1.382383 -0.056484 -0.048336 0.001371 0.244872 -0.065587 0.967334
1732439034.441711187 1.433520 -0.052979 -0.049258 -0.000861 0.245561 -0.056548 0.967730
1732439034.541657209 1.487350 -0.050478 -0.049387 -0.002513 0.246214 -0.050404 0.967901
1732439034.641612530 1.540025 -0.050177 -0.050089 -0.003414 0.245139 -0.046930 0.968345
1732439034.741702795 1.593983 -0.052262 -0.049684 -0.003383 0.245501 -0.047424 0.968230
1732439034.841770649 1.645495 -0.055961 -0.049840 -0.002972 0.245181 -0.050648 0.968149
1732439034.941652775 1.695322 -0.062348 -0.049438 -0.001580 0.244039 -0.054778 0.968216
1732439035.041039467 1.744479 -0.067404 -0.049502 -0.001271 0.243738 -0.059599 0.968007
1732439035.140980005 1.792798 -0.074528 -0.049124 0.000051 0.243930 -0.064825 0.967624
1732439035.241703510 1.840839 -0.082516 -0.048980 0.001576 0.244617 -0.069563 0.967120
1732439035.341701746 1.886955 -0.090726 -0.048428 0.003024 0.243759 -0.074674 0.966952
1732439035.441735744 1.931158 -0.098609 -0.047932 0.003916 0.242554 -0.079686 0.966852
1732439035.541651487 1.975991 -0.106441 -0.047800 0.004744 0.242023 -0.083361 0.966671
1732439035.641792536 2.021733 -0.114024 -0.048018 0.005447 0.242430 -0.086431 0.966296
1732439035.741864204 2.066092 -0.121545 -0.047550 0.006161 0.240914 -0.088995 0.966438
1732439035.841947556 2.111960 -0.129095 -0.047187 0.006571 0.241325 -0.090674 0.966177
1732439035.941147327 2.159724 -0.134637 -0.047588 0.006234 0.241322 -0.091860 0.966068
1732439036.041193008 2.208679 -0.142059 -0.047210 0.006773 0.241674 -0.091749 0.965986
1732439036.140995026 2.259886 -0.148272 -0.046971 0.006607 0.242686 -0.091496 0.965758
1732439036.241688251 2.312469 -0.153715 -0.046997 0.006035 0.242702 -0.091227 0.965783
1732439036.341943741 2.365644 -0.162309 -0.046506 0.007250 0.242806 -0.090036 0.965860
1732439036.440968037 2.419675 -0.167821 -0.046252 0.006787 0.242686 -0.089757 0.965920
1732439036.541732073 2.474397 -0.175085 -0.045694 0.006972 0.243406 -0.089047 0.965803
1732439036.641660929 2.529177 -0.180156 -0.046025 0.006125 0.243442 -0.088556 0.965845
1732439036.740942955 2.583363 -0.185765 -0.045478 0.005924 0.244705 -0.087928 0.965584
1732439036.841562033 2.635315 -0.192321 -0.045324 0.006118 0.244786 -0.086986 0.965648
1732439036.940945387 2.685955 -0.197648 -0.045115 0.005701 0.244598 -0.086721 0.965722
1732439037.041740179 2.735341 -0.203301 -0.044842 0.005744 0.243253 -0.086117 0.966115
1732439037.141545773 2.784917 -0.208248 -0.044923 0.005277 0.243033 -0.086099 0.966175
1732439037.241587639 2.835175 -0.213634 -0.045139 0.005160 0.243724 -0.085737 0.966034
1732439037.341582298 2.884334 -0.219321 -0.044816 0.005220 0.242730 -0.085125 0.966338
1732439037.440960884 2.932154 -0.224938 -0.043660 0.005158 0.241166 -0.084821 0.966756
1732439037.540951490 2.982437 -0.230296 -0.043436 0.005097 0.241581 -0.083882 0.966735
1732439037.640891552 3.035030 -0.237718 -0.043932 0.005977 0.242111 -0.082326 0.966731
1732439037.740961790 3.088167 -0.242922 -0.043852 0.006054 0.242470 -0.083095 0.966575
1732439037.841791153 3.140922 -0.247987 -0.043101 0.005524 0.241780 -0.082319 0.966817
1732439037.941647053 3.193756 -0.255077 -0.042415 0.006061 0.241798 -0.082166 0.966823
1732439038.041613340 3.246644 -0.259246 -0.042082 0.005302 0.241247 -0.081675 0.967006
1732439038.140971422 3.299723 -0.264859 -0.042088 0.005141 0.240889 -0.081166 0.967139
1732439038.241622210 3.355467 -0.268607 -0.042217 0.004247 0.241321 -0.081356 0.967020
1732439038.341033459 3.409940 -0.273859 -0.042456 0.004098 0.241924 -0.081164 0.966886
1732439038.441782475 3.467628 -0.281545 -0.042208 0.005284 0.244196 -0.080676 0.966350
1732439038.541112900 3.521143 -0.285759 -0.042621 0.004618 0.242675 -0.080775 0.966728
1732439038.641041756 3.575382 -0.293763 -0.042225 0.005794 0.242363 -0.080093 0.966857
1732439038.741006613 3.631257 -0.295722 -0.042689 0.004396 0.242024 -0.080715 0.966897
1732439038.841645241 3.689068 -0.303122 -0.042939 0.004645 0.243465 -0.079495 0.966635
1732439038.941669226 3.744210 -0.307166 -0.042967 0.003950 0.244098 -0.080290 0.966413
1732439039.040992260 3.798799 -0.312456 -0.042683 0.003879 0.244250 -0.080235 0.966379
1732439039.141700268 3.850491 -0.316298 -0.042226 0.003406 0.244373 -0.080138 0.966358
1732439039.241686106 3.900814 -0.322831 -0.042607 0.004001 0.243736 -0.079712 0.966552
1732439039.341620207 3.950966 -0.329398 -0.042833 0.004964 0.245266 -0.079923 0.966143
1732439039.441687346 4.001187 -0.332531 -0.043405 0.003680 0.245527 -0.079509 0.966117
1732439039.541783810 4.050058 -0.338213 -0.042999 0.004372 0.245412 -0.078953 0.966188
1732439039.641625404 4.098362 -0.341794 -0.043192 0.003808 0.245429 -0.078844 0.966196
1732439039.741016388 4.145747 -0.346037 -0.043261 0.003430 0.245545 -0.078837 0.966168
1732439039.840959072 4.192688 -0.348879 -0.043293 0.002319 0.245841 -0.078405 0.966131
1732439039.941709757 4.235942 -0.354340 -0.043061 0.002952 0.245576 -0.078121 0.966220
1732439040.041010141 4.277847 -0.358032 -0.042912 0.002754 0.245948 -0.078103 0.966127
1732439040.141743660 4.319629 -0.362402 -0.042596 0.002951 0.245633 -0.077963 0.966218
1732439040.241028309 4.360536 -0.365227 -0.042299 0.002183 0.245299 -0.078323 0.966276
1732439040.340954304 4.401924 -0.368725 -0.042217 0.002000 0.244768 -0.077907 0.966445
1732439040.441772938 4.443219 -0.375524 -0.041942 0.003440 0.243947 -0.077143 0.966709
1732439040.541059971 4.486559 -0.378225 -0.042576 0.002416 0.242410 -0.077389 0.967079
1732439040.640982389 4.533626 -0.382535 -0.042821 0.002355 0.242754 -0.076841 0.967037
1732439040.741785526 4.583455 -0.386026 -0.042926 0.002026 0.242750 -0.074899 0.967191
1732439040.841676474 4.634241 -0.388339 -0.042335 0.001521 0.242814 -0.071363 0.967443
1732439040.941023827 4.684596 -0.388969 -0.042147 0.000555 0.243674 -0.065031 0.967674
1732439041.041675329 4.735531 -0.386684 -0.041797 -0.001316 0.243230 -0.056989 0.968292
1732439041.141629219 4.787799 -0.382647 -0.041647 -0.003400 0.243678 -0.047475 0.968688
1732439041.241792202 4.838237 -0.376065 -0.041710 -0.006178 0.243348 -0.037041 0.969212
1732439041.341271639 4.888490 -0.368146 -0.041607 -0.009020 0.244541 -0.026620 0.969231
1732439041.441907167 4.937624 -0.357412 -0.042210 -0.012969 0.244199 -0.015536 0.969514
1732439041.541811943 4.987274 -0.348690 -0.042629 -0.014788 0.244619 -0.004291 0.969497
1732439041.641002893 5.035252 -0.337715 -0.042969 -0.017237 0.243921 0.007097 0.969616
1732439041.741809607 5.085575 -0.325902 -0.042784 -0.019412 0.244631 0.018892 0.969238
1732439041.841656208 5.135559 -0.311226 -0.043410 -0.022473 0.244723 0.030293 0.968859
1732439041.940912247 5.185238 -0.296831 -0.044291 -0.024691 0.244550 0.041852 0.968418
1732439042.041759968 5.235678 -0.277173 -0.044974 -0.028570 0.244573 0.053939 0.967708
1732439042.141219378 5.285756 -0.259526 -0.045000 -0.031087 0.245040 0.066322 0.966742
1732439042.241747618 5.335379 -0.237800 -0.046272 -0.034738 0.244619 0.079227 0.965752
1732439042.341058254 5.384093 -0.216508 -0.046363 -0.037596 0.244602 0.092474 0.964471
1732439042.441029549 5.433524 -0.192843 -0.046925 -0.040766 0.243690 0.105859 0.963196
1732439042.541852951 5.482674 -0.166716 -0.046964 -0.044452 0.242763 0.120118 0.961593
1732439042.641812801 5.531468 -0.138496 -0.047347 -0.048182 0.242971 0.133823 0.959549
1732439042.741109848 5.576714 -0.109352 -0.047714 -0.051816 0.241606 0.147749 0.957660
1732439042.841064215 5.623964 -0.080430 -0.047809 -0.054570 0.242091 0.162079 0.955063
1732439042.940959692 5.668497 -0.049793 -0.047844 -0.057371 0.240677 0.176233 0.952746
1732439043.041704416 5.714385 -0.016629 -0.047948 -0.061052 0.240821 0.189901 0.949850
1732439043.141006947 5.757763 0.015705 -0.048501 -0.063987 0.239602 0.203779 0.947085
1732439043.241736650 5.800172 0.052299 -0.048864 -0.068041 0.238545 0.217184 0.944086
1732439043.341121197 5.843153 0.087764 -0.049675 -0.071255 0.238997 0.230363 0.940604
1732439043.441024542 5.884662 0.126185 -0.050097 -0.075528 0.239815 0.243274 0.936804
1732439043.541735411 5.924155 0.163235 -0.051399 -0.077649 0.238413 0.256691 0.933402
1732439043.641060114 5.961289 0.202698 -0.052273 -0.080938 0.237604 0.269361 0.929752
1732439043.741024971 5.997459 0.242085 -0.053642 -0.084081 0.236572 0.281957 0.925994
1732439043.841726542 6.032103 0.281450 -0.054697 -0.087497 0.236376 0.293182 0.922234
1732439043.941887617 6.062141 0.318468 -0.055483 -0.090637 0.234918 0.302986 0.919129
1732439044.041847706 6.092001 0.349190 -0.056119 -0.091847 0.234360 0.309238 0.917067
1732439044.140975237 6.116283 0.374411 -0.056540 -0.092799 0.233182 0.312051 0.916318
1732439044.241238117 6.140012 0.391895 -0.056929 -0.092033 0.233878 0.312340 0.916119
1732439044.341042280 6.155614 0.403828 -0.057048 -0.091529 0.233859 0.311326 0.916520
1732439044.441745043 6.163449 0.408968 -0.057086 -0.091224 0.233959 0.310529 0.916795
1732439044.541077852 6.162842 0.408827 -0.057220 -0.091271 0.233577 0.310682 0.916836
1732439044.641027927 6.158042 0.405633 -0.057286 -0.091277 0.232744 0.311603 0.916735
1732439044.740969419 6.152209 0.402238 -0.057268 -0.091655 0.232583 0.312815 0.916325
1732439044.841079235 6.144761 0.397633 -0.056985 -0.092337 0.232259 0.314621 0.915720
1732439044.941848993 6.134803 0.391737 -0.056787 -0.093045 0.232253 0.317108 0.914792
1732439045.041188240 6.122730 0.384578 -0.056676 -0.094242 0.232222 0.319729 0.913764
1732439045.141031265 6.108563 0.375594 -0.056719 -0.095082 0.232248 0.323281 0.912420
1732439045.241153002 6.091593 0.364372 -0.056426 -0.096234 0.232473 0.327383 0.910778
1732439045.341060638 6.070482 0.350519 -0.056265 -0.097743 0.232183 0.331985 0.909023
1732439045.441827774 6.046185 0.333235 -0.056283 -0.099281 0.231685 0.337272 0.907035
1732439045.541121721 6.020494 0.313044 -0.055965 -0.100785 0.231851 0.343059 0.904654
1732439045.641022444 5.991765 0.290280 -0.055616 -0.102429 0.231078 0.348938 0.902415
1732439045.741819143 5.961931 0.264503 -0.054698 -0.103287 0.230840 0.355113 0.899966
1732439045.840998411 5.930995 0.237395 -0.054106 -0.104339 0.230722 0.361463 0.897344
1732439045.941097498 5.898849 0.209351 -0.053661 -0.106067 0.230176 0.367956 0.894638
1732439046.040988922 5.864700 0.179538 -0.053449 -0.108102 0.229130 0.374391 0.891989
1732439046.141098976 5.829289 0.147537 -0.052747 -0.110006 0.227820 0.381117 0.889239
1732439046.241961002 5.793270 0.113291 -0.051852 -0.111637 0.226548 0.388433 0.886190
1732439046.341054440 5.758225 0.078411 -0.051054 -0.113179 0.225317 0.395491 0.883181
1732439046.441125393 5.722364 0.043447 -0.049993 -0.115202 0.224245 0.403224 0.879689
1732439046.541067362 5.687543 0.007839 -0.049409 -0.116991 0.223158 0.411331 0.875968
1732439046.641891479 5.652058 -0.028524 -0.048669 -0.119057 0.221830 0.420472 0.871677
1732439046.741151333 5.619440 -0.062982 -0.048575 -0.121701 0.221382 0.428340 0.867585
1732439046.841105223 5.587795 -0.099065 -0.048181 -0.123111 0.219778 0.436371 0.863784
1732439046.941061735 5.556809 -0.134020 -0.047315 -0.125036 0.218392 0.443937 0.859995
1732439047.041237831 5.529160 -0.166671 -0.046870 -0.127036 0.217639 0.451342 0.856029
1732439047.141100407 5.504183 -0.196608 -0.046504 -0.128908 0.216832 0.457218 0.852830
1732439047.241875172 5.484134 -0.224967 -0.045842 -0.129273 0.215838 0.462089 0.850398
1732439047.341167927 5.468606 -0.248531 -0.045496 -0.129749 0.215343 0.464252 0.849272
1732439047.441072464 5.456628 -0.268515 -0.044733 -0.129598 0.214880 0.465874 0.848524
1732439047.541868687 5.448608 -0.282551 -0.044436 -0.129916 0.215062 0.466399 0.848141
1732439047.641186476 5.443795 -0.290029 -0.044152 -0.130211 0.214869 0.466616 0.848025
1732439047.741084099 5.443988 -0.290629 -0.044356 -0.130216 0.214945 0.466687 0.847966
1732439047.841813564 5.446035 -0.286496 -0.044199 -0.130580 0.215561 0.466690 0.847752
1732439047.941180229 5.447817 -0.282925 -0.044813 -0.130555 0.215495 0.467045 0.847576
1732439048.040995598 5.450231 -0.277910 -0.044478 -0.130138 0.215180 0.467548 0.847444
1732439048.141788721 5.453822 -0.270079 -0.045007 -0.130404 0.215253 0.468407 0.846910
1732439048.241117716 5.457894 -0.259255 -0.044869 -0.130736 0.214856 0.469906 0.846128
1732439048.341051102 5.463029 -0.244472 -0.045377 -0.131327 0.214577 0.472744 0.844525
1732439048.441188097 5.469251 -0.224603 -0.045899 -0.132453 0.213839 0.476566 0.842386
1732439048.541215658 5.476370 -0.200650 -0.046357 -0.133584 0.213217 0.481391 0.839617
1732439048.641805649 5.485926 -0.172007 -0.047229 -0.134760 0.212712 0.487320 0.836129
1732439048.741108894 5.495911 -0.138372 -0.047987 -0.136099 0.211806 0.494000 0.832213
1732439048.841855049 5.506452 -0.099926 -0.048621 -0.137865 0.210394 0.501382 0.827855
1732439048.941165686 5.516622 -0.058379 -0.049345 -0.139515 0.208906 0.509107 0.823228
1732439049.041108131 5.529387 -0.012192 -0.050104 -0.141717 0.208835 0.516728 0.818106
1732439049.141798735 5.540671 0.037610 -0.051101 -0.143662 0.207491 0.524928 0.812871
1732439049.241165400 5.554390 0.088799 -0.051704 -0.145220 0.207482 0.533136 0.807235
1732439049.341103315 5.564148 0.142279 -0.052712 -0.147411 0.205996 0.541678 0.801512
1732439049.441874743 5.575044 0.196189 -0.053677 -0.149284 0.205301 0.550190 0.795523
1732439049.541157007 5.581717 0.248738 -0.054460 -0.151646 0.202972 0.558170 0.790096
1732439049.641090631 5.587926 0.300450 -0.055124 -0.154035 0.201670 0.566087 0.784313
1732439049.741266489 5.594052 0.350566 -0.055811 -0.155274 0.200052 0.573810 0.778852
1732439049.841138601 5.599569 0.399233 -0.056581 -0.156167 0.198475 0.581551 0.773317
1732439049.941356182 5.603105 0.448169 -0.056978 -0.158134 0.197363 0.588708 0.767766
1732439050.041217566 5.607390 0.494780 -0.057103 -0.159230 0.196442 0.595624 0.762423
1732439050.141991377 5.608777 0.540845 -0.057617 -0.160014 0.194422 0.603091 0.756886
1732439050.241953850 5.608163 0.585329 -0.058084 -0.161128 0.192004 0.610847 0.751024
1732439050.341228485 5.608036 0.627846 -0.058089 -0.162265 0.190571 0.618977 0.744459
1732439050.441199541 5.603987 0.669245 -0.058547 -0.164338 0.188048 0.626648 0.738203
1732439050.541152954 5.598706 0.710634 -0.059520 -0.166595 0.185215 0.634216 0.731923
1732439050.641128302 5.595710 0.750787 -0.059693 -0.167884 0.184063 0.641287 0.725732
1732439050.741105556 5.589926 0.789612 -0.059817 -0.168730 0.181194 0.648591 0.719742
1732439050.841158390 5.585520 0.828319 -0.060031 -0.169842 0.179998 0.655634 0.713372
1732439050.941160679 5.578395 0.865948 -0.059803 -0.171080 0.177709 0.663309 0.706521
1732439051.041909456 5.570875 0.904779 -0.060458 -0.173150 0.176241 0.670496 0.699566
1732439051.141139269 5.561903 0.942268 -0.060364 -0.175522 0.174626 0.677816 0.692288
1732439051.241113901 5.552161 0.978710 -0.060910 -0.176891 0.172316 0.685792 0.684621
1732439051.341259241 5.541704 1.014902 -0.060985 -0.178576 0.170187 0.693917 0.676481
1732439051.441157818 5.531847 1.049517 -0.060325 -0.179620 0.168645 0.701632 0.668587
1732439051.541961432 5.520268 1.083312 -0.060386 -0.181115 0.166819 0.708549 0.661307
1732439051.641212940 5.505716 1.117142 -0.061034 -0.183887 0.164499 0.715210 0.653911
1732439051.741168022 5.493566 1.151305 -0.061116 -0.185886 0.163376 0.722233 0.645860
1732439051.842032194 5.478573 1.185500 -0.061529 -0.187618 0.160832 0.729478 0.637804
1732439051.941362619 5.463524 1.219759 -0.061878 -0.189581 0.158891 0.736261 0.629867
1732439052.041148186 5.446517 1.254946 -0.062342 -0.191695 0.157027 0.743195 0.621496
1732439052.141238213 5.428151 1.289233 -0.062505 -0.193502 0.154539 0.750166 0.613128
1732439052.241173506 5.410975 1.323543 -0.062327 -0.194742 0.152273 0.757682 0.603991
1732439052.341150284 5.392632 1.358906 -0.062295 -0.196255 0.150791 0.764842 0.594779
1732439052.441137791 5.371858 1.393665 -0.062628 -0.197966 0.148053 0.771937 0.585664
1732439052.541235924 5.349646 1.428608 -0.062629 -0.199909 0.145430 0.778712 0.576623
1732439052.642008305 5.325757 1.462418 -0.063437 -0.201957 0.142243 0.785874 0.566905
1732439052.741251945 5.301663 1.496093 -0.063689 -0.203864 0.139621 0.792700 0.557291
1732439052.842027664 5.276619 1.528521 -0.063837 -0.205876 0.136675 0.799318 0.547746
1732439052.941995859 5.252938 1.560076 -0.064173 -0.206960 0.134289 0.806502 0.537298
1732439053.041334629 5.228752 1.590126 -0.064315 -0.208088 0.131754 0.813118 0.527428
1732439053.141988039 5.204707 1.619456 -0.064376 -0.208798 0.129279 0.819528 0.517750
1732439053.241270065 5.179111 1.646507 -0.064135 -0.210321 0.125953 0.825493 0.508391
1732439053.341148376 5.153782 1.673832 -0.063961 -0.211485 0.123422 0.831385 0.498838
1732439053.441988468 5.127757 1.701414 -0.063752 -0.212501 0.121373 0.837014 0.489407
1732439053.541245937 5.101102 1.727217 -0.063635 -0.213699 0.118952 0.842644 0.479722
1732439053.642035723 5.072743 1.753105 -0.063159 -0.214980 0.116547 0.848187 0.469871
1732439053.741290331 5.043669 1.777584 -0.063434 -0.216395 0.113355 0.853309 0.460639
1732439053.841204405 5.014035 1.802078 -0.063127 -0.217921 0.110820 0.858604 0.450587
1732439053.941302299 4.985347 1.825516 -0.063286 -0.218135 0.108308 0.864206 0.440266
1732439054.041251183 4.954434 1.848539 -0.063511 -0.219070 0.105129 0.869483 0.430065
1732439054.141359568 4.923172 1.871754 -0.063242 -0.219969 0.102516 0.874534 0.419874
1732439054.241179228 4.890659 1.892592 -0.063546 -0.220978 0.098843 0.879738 0.409219
1732439054.342075586 4.858153 1.914040 -0.063105 -0.221907 0.095772 0.884603 0.398827
1732439054.442022085 4.823960 1.933712 -0.062841 -0.222898 0.092363 0.889137 0.388871
1732439054.541307926 4.791344 1.952678 -0.062365 -0.223319 0.089384 0.893961 0.378118
1732439054.641264915 4.756387 1.971752 -0.062218 -0.224805 0.086605 0.898454 0.367073
1732439054.741167545 4.721743 1.990510 -0.061981 -0.225430 0.084262 0.902914 0.356128
1732439054.841259718 4.684674 2.007422 -0.062336 -0.226507 0.080808 0.907405 0.344647
1732439054.941353798 4.645143 2.024189 -0.062695 -0.228552 0.076901 0.911497 0.333202
1732439055.041332960 4.606165 2.041325 -0.062696 -0.229455 0.073922 0.915997 0.320680
1732439055.141121626 4.566641 2.056355 -0.063265 -0.230792 0.070327 0.919986 0.308894
1732439055.241171122 4.527786 2.070419 -0.063235 -0.232750 0.067572 0.923547 0.297192
1732439055.341199636 4.490722 2.082183 -0.063468 -0.233766 0.064094 0.927087 0.285930
1732439055.441225767 4.453923 2.094494 -0.063427 -0.236119 0.061886 0.929717 0.275761
1732439055.541290283 4.419644 2.105425 -0.063504 -0.235577 0.059483 0.933058 0.265269
1732439055.641210318 4.383655 2.115086 -0.063025 -0.237419 0.056877 0.935630 0.254938
1732439055.741379023 4.347496 2.123881 -0.063559 -0.238475 0.053899 0.938593 0.243450
1732439055.841300249 4.311124 2.131987 -0.063188 -0.239252 0.051434 0.941169 0.233054
1732439055.941252708 4.274736 2.140056 -0.063208 -0.240320 0.049254 0.943553 0.222549
1732439056.041331768 4.238430 2.145859 -0.063180 -0.241402 0.046037 0.945844 0.212096
1732439056.141247272 4.203495 2.149651 -0.063423 -0.242074 0.042448 0.948044 0.202017
1732439056.242055893 4.169016 2.155207 -0.063358 -0.242306 0.040245 0.949853 0.193512
1732439056.341362953 4.135458 2.162763 -0.063582 -0.242320 0.038814 0.951058 0.187785
1732439056.441267490 4.102606 2.171945 -0.063808 -0.241739 0.038014 0.951775 0.185046
1732439056.542024851 4.069509 2.181770 -0.063699 -0.241192 0.037438 0.952085 0.184282
1732439056.641958475 4.036500 2.192529 -0.063112 -0.240958 0.037317 0.952207 0.183980
1732439056.741273165 4.004600 2.203602 -0.062968 -0.240356 0.037263 0.952358 0.183999
1732439056.842056274 3.969582 2.215061 -0.063323 -0.240269 0.036867 0.952450 0.183712
1732439056.941317558 3.933700 2.227773 -0.063695 -0.239976 0.037395 0.952741 0.182478
1732439057.041158676 3.894693 2.237518 -0.063605 -0.240359 0.036673 0.953329 0.179013
1732439057.141371489 3.853485 2.246690 -0.063975 -0.241355 0.035665 0.954443 0.171799
1732439057.241370678 3.810062 2.250956 -0.064067 -0.241950 0.032887 0.956000 0.162612
1732439057.341431141 3.763979 2.253993 -0.064941 -0.242647 0.029825 0.957963 0.150130
1732439057.441306353 3.719166 2.255464 -0.064799 -0.242943 0.026950 0.959872 0.137471
1732439057.541195869 3.673295 2.255020 -0.064583 -0.243731 0.023423 0.961634 0.123721
1732439057.641372681 3.628291 2.253780 -0.063970 -0.244007 0.020354 0.963178 0.111059
1732439057.741339922 3.584181 2.250822 -0.064044 -0.243922 0.016853 0.964697 0.097865
1732439057.842083693 3.541401 2.246792 -0.063528 -0.244077 0.013352 0.965892 0.085449
1732439057.941306829 3.502157 2.242434 -0.063571 -0.243361 0.010271 0.967090 0.073535
1732439058.041198015 3.464071 2.238094 -0.062817 -0.243501 0.008047 0.967907 0.061629
1732439058.141419888 3.428293 2.233396 -0.063066 -0.242644 0.005993 0.968777 0.050592
1732439058.241449833 3.392148 2.226879 -0.062700 -0.242897 0.003624 0.969251 0.039250
1732439058.341169357 3.356129 2.219690 -0.063095 -0.242997 0.001048 0.969599 0.028806
1732439058.441378355 3.320693 2.212134 -0.063424 -0.243552 -0.001409 0.969711 0.018455
1732439058.542176723 3.285194 2.203956 -0.063288 -0.243545 -0.003859 0.969857 0.007011
1732439058.641185522 3.250581 2.194759 -0.063223 -0.243985 -0.006551 0.969750 -0.003534
1732439058.741430998 3.215412 2.184253 -0.063506 -0.244430 -0.009277 0.969519 -0.014167
1732439058.841457605 3.181315 2.172248 -0.063211 -0.244345 -0.012343 0.969292 -0.024835
1732439058.941474676 3.145401 2.161848 -0.063805 -0.245404 -0.014186 0.968688 -0.034913
1732439059.041484594 3.111443 2.149709 -0.063520 -0.244705 -0.016331 0.968357 -0.046227
1732439059.141396523 3.076138 2.136210 -0.064117 -0.244757 -0.018926 0.967740 -0.056699
1732439059.241349697 3.042677 2.120699 -0.063771 -0.244625 -0.022013 0.967003 -0.067676
1732439059.341137648 3.008568 2.105556 -0.064079 -0.244592 -0.024595 0.966125 -0.078566
1732439059.441165924 2.973627 2.089428 -0.063842 -0.245037 -0.026998 0.964977 -0.089704
1732439059.541561604 2.938982 2.072255 -0.063946 -0.245011 -0.029746 0.963815 -0.100726
1732439059.641379595 2.905784 2.053870 -0.063809 -0.244428 -0.032980 0.962746 -0.110848
1732439059.741316795 2.871468 2.039263 -0.063753 -0.243880 -0.034041 0.961945 -0.118433
1732439059.842211962 2.836634 2.025217 -0.063653 -0.243119 -0.034848 0.961587 -0.122589
1732439059.941296339 2.801984 2.013315 -0.063618 -0.242211 -0.034769 0.961501 -0.125061
1732439060.041394949 2.765518 2.001588 -0.063444 -0.242240 -0.034653 0.961445 -0.125472
1732439060.141372681 2.729354 1.989393 -0.063562 -0.241646 -0.034639 0.961554 -0.125785
1732439060.241441250 2.692196 1.978637 -0.063533 -0.241167 -0.034044 0.961715 -0.125635
1732439060.341358185 2.653208 1.966470 -0.063687 -0.240572 -0.033919 0.961820 -0.126006
1732439060.441280127 2.612862 1.953927 -0.063661 -0.240422 -0.033982 0.961888 -0.125756
1732439060.541429520 2.571359 1.940620 -0.063563 -0.240281 -0.033694 0.961929 -0.125788
1732439060.641366482 2.527889 1.927328 -0.063442 -0.241224 -0.033379 0.961739 -0.125519
1732439060.741371632 2.485332 1.911961 -0.063624 -0.240723 -0.034265 0.961863 -0.125289
1732439060.842191696 2.440160 1.899310 -0.063416 -0.240474 -0.033499 0.961845 -0.126108
1732439060.941222191 2.395055 1.885110 -0.063269 -0.240536 -0.033400 0.962062 -0.124353
1732439061.041430950 2.347694 1.873104 -0.062912 -0.240574 -0.032218 0.962349 -0.122354
1732439061.141370058 2.299900 1.860876 -0.063035 -0.240370 -0.031407 0.962918 -0.118423
1732439061.241332531 2.250280 1.849058 -0.063310 -0.240252 -0.030515 0.963527 -0.113856
1732439061.341243029 2.196829 1.837023 -0.063457 -0.241509 -0.029633 0.963927 -0.107888
1732439061.441210270 2.143716 1.826836 -0.063077 -0.241929 -0.028203 0.964461 -0.102418
1732439061.541419029 2.090701 1.816479 -0.063072 -0.241666 -0.027461 0.965154 -0.096550
1732439061.641360044 2.036981 1.807191 -0.063047 -0.241659 -0.025950 0.965704 -0.091337
1732439061.741584778 1.982368 1.799240 -0.062861 -0.241459 -0.024228 0.966326 -0.085580
1732439061.841181755 1.927667 1.790041 -0.062451 -0.241418 -0.023445 0.966836 -0.079979
1732439061.941486835 1.872880 1.782902 -0.062464 -0.240725 -0.021832 0.967425 -0.075263
1732439062.041472197 1.816876 1.774924 -0.062174 -0.241296 -0.020634 0.967621 -0.071141
1732439062.141447544 1.759441 1.766576 -0.062103 -0.241809 -0.019855 0.967787 -0.067243
1732439062.241343737 1.702851 1.758420 -0.062091 -0.241479 -0.019049 0.968206 -0.062471
1732439062.341228008 1.644054 1.751292 -0.061736 -0.244000 -0.018470 0.967800 -0.059038
1732439062.441392422 1.589904 1.744885 -0.061518 -0.240843 -0.017519 0.968858 -0.054795
1732439062.542176962 1.534257 1.739044 -0.061883 -0.241473 -0.016574 0.968933 -0.050846
1732439062.641183853 1.480499 1.731606 -0.061534 -0.241411 -0.016416 0.969080 -0.048325
1732439062.741402864 1.426007 1.724015 -0.061449 -0.241298 -0.016293 0.969183 -0.046831
1732439062.841292620 1.371468 1.716023 -0.061059 -0.242217 -0.016282 0.968953 -0.046863
1732439062.941447735 1.319630 1.705369 -0.061293 -0.241722 -0.017561 0.968976 -0.048457
1732439063.041423321 1.269221 1.694519 -0.061079 -0.241465 -0.018445 0.968802 -0.052706
1732439063.141239882 1.221250 1.681572 -0.060595 -0.240507 -0.019793 0.968629 -0.059342
1732439063.241431236 1.174219 1.667906 -0.060216 -0.240071 -0.021399 0.968183 -0.067301
1732439063.341387749 1.128255 1.650962 -0.059839 -0.240006 -0.023914 0.967507 -0.075865
1732439063.441362619 1.084477 1.634642 -0.060168 -0.239590 -0.025546 0.966681 -0.086438
1732439063.541376114 1.042417 1.616471 -0.059933 -0.240083 -0.027879 0.965497 -0.096946
1732439063.641376972 1.006915 1.596685 -0.059266 -0.239656 -0.031442 0.964232 -0.108783
1732439063.741472244 0.972484 1.579049 -0.059110 -0.239921 -0.033782 0.962827 -0.119419
1732439063.841276169 0.941766 1.559838 -0.058928 -0.239986 -0.036960 0.961403 -0.129403
1732439063.941561699 0.913066 1.543717 -0.058915 -0.239599 -0.038482 0.960085 -0.139099
1732439064.041388273 0.888232 1.526497 -0.058671 -0.239208 -0.041039 0.958784 -0.147746
1732439064.141377687 0.864313 1.510786 -0.058753 -0.238863 -0.042985 0.957451 -0.156154
1732439064.241413832 0.841717 1.494743 -0.058591 -0.238364 -0.045133 0.956135 -0.164168
1732439064.341243505 0.819660 1.479034 -0.058539 -0.237567 -0.047100 0.954824 -0.172205
1732439064.441244602 0.798353 1.462778 -0.057977 -0.236372 -0.049124 0.953529 -0.180269
1732439064.541488886 0.776218 1.446372 -0.058111 -0.236069 -0.050744 0.951989 -0.188183
1732439064.641387701 0.754358 1.428791 -0.057791 -0.235386 -0.053084 0.950515 -0.195698
1732439064.741497040 0.732372 1.411126 -0.057304 -0.234496 -0.054960 0.948859 -0.204103
1732439064.841428280 0.708480 1.391618 -0.057290 -0.234098 -0.057221 0.946945 -0.212649
1732439064.941260099 0.682968 1.369824 -0.057294 -0.233370 -0.059011 0.944749 -0.222500
1732439065.041459799 0.655265 1.345617 -0.057084 -0.232485 -0.061100 0.942218 -0.233331
1732439065.141378880 0.626191 1.317394 -0.056758 -0.232132 -0.063949 0.939253 -0.244601
1732439065.241538763 0.595615 1.287023 -0.056790 -0.231351 -0.066854 0.935998 -0.256739
1732439065.341439009 0.564252 1.253730 -0.056704 -0.230493 -0.069404 0.932412 -0.269563
1732439065.441362381 0.531601 1.216567 -0.056820 -0.229323 -0.072965 0.928181 -0.283845
1732439065.541491032 0.497060 1.176565 -0.056889 -0.228811 -0.076433 0.923577 -0.298010
1732439065.641315460 0.463421 1.133849 -0.056533 -0.228208 -0.080379 0.918503 -0.312749
1732439065.741529942 0.430142 1.090959 -0.056015 -0.225697 -0.082819 0.913422 -0.328425
1732439065.841442108 0.398762 1.043635 -0.055968 -0.224974 -0.087584 0.907637 -0.343381
1732439065.941598892 0.369005 0.995503 -0.055785 -0.223622 -0.091723 0.901624 -0.358684
1732439066.041477680 0.341073 0.949022 -0.055169 -0.222579 -0.095519 0.895650 -0.373023
1732439066.141598463 0.316176 0.903450 -0.054937 -0.221234 -0.099129 0.889471 -0.387388
1732439066.241499186 0.293032 0.858983 -0.054886 -0.220134 -0.102433 0.883295 -0.401046
1732439066.341435194 0.273326 0.816128 -0.054684 -0.217589 -0.104974 0.877202 -0.414912
1732439066.441445351 0.255565 0.774664 -0.053860 -0.215826 -0.108071 0.871147 -0.427600
1732439066.541285515 0.239427 0.734753 -0.053614 -0.214112 -0.110342 0.865468 -0.439256
1732439066.641418219 0.224014 0.696567 -0.052282 -0.212170 -0.111890 0.859834 -0.450721
1732439066.741745472 0.213185 0.656831 -0.052550 -0.209304 -0.115493 0.854460 -0.461251
1732439066.841679573 0.199915 0.619345 -0.051716 -0.207896 -0.116556 0.849170 -0.471279
1732439066.941529274 0.190427 0.579373 -0.051200 -0.205868 -0.120315 0.843365 -0.481537
1732439067.041690826 0.179456 0.540379 -0.050790 -0.203635 -0.121716 0.837156 -0.492837
1732439067.141635180 0.169793 0.498800 -0.050005 0.202455 0.124224 -0.830501 0.503834
1732439067.241379499 0.160235 0.456935 -0.049253 0.200872 0.126206 -0.823865 0.514751
1732439067.341342688 0.154224 0.412817 -0.048724 0.198423 0.129324 -0.816766 0.526116
1732439067.441402197 0.149084 0.369195 -0.047829 0.195480 0.131892 -0.809777 0.537265
1732439067.541456938 0.145715 0.324667 -0.046522 0.193203 0.136019 -0.803038 0.547084
1732439067.641408443 0.142176 0.284829 -0.046054 0.190280 0.137401 -0.795070 0.559265
1732439067.741518497 0.139159 0.244900 -0.046253 0.189996 0.140690 -0.788286 0.568078
1732439067.841496229 0.138165 0.208649 -0.046126 0.187379 0.142392 -0.781471 0.577856
1732439067.941658258 0.138879 0.174098 -0.045646 0.185660 0.145056 -0.775595 0.585612
1732439068.041288376 0.137834 0.143541 -0.044915 0.184993 0.146986 -0.770499 0.592034
1732439068.141074181 0.134302 0.118237 -0.044538 0.185488 0.147731 -0.767461 0.595628
1732439068.241361856 0.131826 0.099299 -0.044341 0.185473 0.148283 -0.766169 0.597158
1732439068.341403961 0.130052 0.089420 -0.043961 0.185296 0.148372 -0.765486 0.598066
1732439068.441367626 0.130453 0.088569 -0.043718 0.185321 0.148702 -0.765399 0.598088
1732439068.541477680 0.130944 0.094182 -0.043259 0.184528 0.147799 -0.765696 0.598176
1732439068.641550541 0.132399 0.099211 -0.043332 0.184419 0.148206 -0.765314 0.598598
1732439068.741435289 0.134244 0.106107 -0.043598 0.184577 0.148763 -0.764661 0.599245
1732439068.841657639 0.137851 0.117145 -0.043951 0.184364 0.149496 -0.763420 0.600709
1732439068.941578150 0.144125 0.133897 -0.044555 0.183097 0.149976 -0.762008 0.602766
1732439069.041332006 0.153125 0.158341 -0.045203 0.181367 0.151127 -0.759575 0.606064
1732439069.141419411 0.162486 0.188922 -0.045637 0.180767 0.152406 -0.755668 0.610788
1732439069.241360903 0.173273 0.226999 -0.046131 0.179295 0.153362 -0.751213 0.616451
1732439069.341379642 0.184667 0.271968 -0.046382 0.178201 0.154654 -0.745668 0.623141
1732439069.441582680 0.197342 0.322327 -0.046514 0.176447 0.156580 -0.739727 0.630201
1732439069.541543007 0.209021 0.376799 -0.047163 0.176393 0.159371 -0.732754 0.637619
1732439069.641389847 0.221845 0.438256 -0.049086 0.173523 0.161427 -0.726537 0.644961
1732439069.741566658 0.232019 0.506381 -0.049763 0.172229 0.163442 -0.719091 0.653095
1732439069.841349125 0.241166 0.575780 -0.051512 0.172139 0.167059 -0.710415 0.661642
1732439069.941545248 0.250617 0.650108 -0.052248 0.169353 0.168801 -0.703763 0.668987
1732439070.041386366 0.257362 0.724716 -0.053278 0.168321 0.172023 -0.695341 0.677183
1732439070.141404152 0.260875 0.801669 -0.053685 0.166548 0.173158 -0.688589 0.684196
1732439070.241291046 0.262866 0.878610 -0.054563 0.165021 0.174332 -0.682379 0.690460
1732439070.341404200 0.263020 0.951543 -0.054855 0.163806 0.176314 -0.675473 0.697006
1732439070.441600323 0.263843 1.023025 -0.055270 0.160191 0.176656 -0.669007 0.703961
1732439070.541574478 0.260401 1.087267 -0.055605 0.161456 0.180163 -0.662735 0.708700
1732439070.641439438 0.257098 1.149089 -0.056499 0.159642 0.181073 -0.656996 0.714202
1732439070.741619110 0.252986 1.205575 -0.056934 0.157313 0.181842 -0.652619 0.718523
1732439070.841583729 0.249248 1.254037 -0.057100 0.156537 0.183914 -0.649676 0.720828
1732439070.941468239 0.242610 1.293515 -0.056967 0.157422 0.184644 -0.647629 0.722289
1732439071.041374445 0.237255 1.327056 -0.057024 0.156968 0.184305 -0.646556 0.723435
1732439071.141660213 0.233854 1.350885 -0.057030 0.156855 0.184516 -0.645744 0.724130
1732439071.241448402 0.230544 1.366599 -0.057138 0.156814 0.184297 -0.645292 0.724598
1732439071.341567278 0.229399 1.372769 -0.056881 0.157534 0.184968 -0.645004 0.724527
1732439071.441494465 0.229622 1.372593 -0.056875 0.157376 0.184820 -0.645046 0.724562
1732439071.541710615 0.230436 1.369316 -0.056880 0.157557 0.185352 -0.644830 0.724579
1732439071.641098499 0.230438 1.368033 -0.056845 0.157347 0.185014 -0.644923 0.724628
1732439071.741451979 0.231207 1.365358 -0.057034 0.157616 0.185556 -0.644727 0.724606
1732439071.841706276 0.232254 1.361525 -0.057000 0.157408 0.185423 -0.644393 0.724982
1732439071.941707611 0.233963 1.354727 -0.056836 0.157215 0.185656 -0.643933 0.725373
1732439072.041653395 0.236905 1.344870 -0.056769 0.156896 0.185778 -0.642909 0.726318
1732439072.141361713 0.241116 1.330802 -0.056793 0.156226 0.185990 -0.641123 0.727985
1732439072.241039276 0.247286 1.311403 -0.056640 0.155485 0.186149 -0.638253 0.730620
1732439072.341645002 0.256170 1.286870 -0.056865 0.154128 0.186791 -0.634838 0.733713
1732439072.441635609 0.266819 1.257250 -0.056824 0.152761 0.187184 -0.630371 0.737739
1732439072.541440010 0.279544 1.221632 -0.056743 0.150992 0.187668 -0.625099 0.742451
1732439072.641426325 0.295319 1.180108 -0.056485 0.149886 0.189215 -0.619243 0.747175
1732439072.741606951 0.313135 1.134441 -0.055807 0.147866 0.190063 -0.611946 0.753348
1732439072.840914965 0.333167 1.085017 -0.055412 0.146547 0.191204 -0.604521 0.759289
1732439072.941590309 0.357201 1.031188 -0.054990 0.145221 0.193950 -0.596349 0.765286
1732439073.041491508 0.381510 0.979165 -0.054591 0.142777 0.194702 -0.588894 0.771304
1732439073.141380787 0.407265 0.929522 -0.054140 0.139972 0.196521 -0.581137 0.777217
1732439073.241534472 0.430822 0.881390 -0.053931 0.138555 0.197958 -0.574658 0.781910
1732439073.341711283 0.455341 0.837265 -0.053925 0.135919 0.199189 -0.568670 0.786425
1732439073.441359043 0.477198 0.796339 -0.053381 0.134093 0.200129 -0.563098 0.790499
1732439073.541563988 0.498185 0.757910 -0.053477 0.132698 0.201422 -0.558036 0.793988
1732439073.641461849 0.519084 0.724532 -0.052483 0.130380 0.202732 -0.553459 0.797236
1732439073.741650343 0.534603 0.695935 -0.052360 0.130333 0.204050 -0.548948 0.800021
1732439073.841492891 0.547482 0.675551 -0.052243 0.129244 0.204873 -0.545040 0.802655
1732439073.941469431 0.555154 0.664249 -0.052071 0.127894 0.204512 -0.543019 0.804331
1732439074.041389465 0.558896 0.658505 -0.052246 0.127770 0.205179 -0.541643 0.805108
1732439074.141627789 0.557517 0.659854 -0.052164 0.127534 0.204255 -0.542037 0.805115
1732439074.241402864 0.556248 0.662593 -0.052376 0.127065 0.203372 -0.542240 0.805277
1732439074.341284275 0.557347 0.661506 -0.052484 0.127190 0.203759 -0.542162 0.805211
1732439074.441468477 0.558661 0.659931 -0.052378 0.126979 0.203650 -0.541832 0.805494
1732439074.541873932 0.560712 0.657194 -0.052725 0.126100 0.203176 -0.541114 0.806234
1732439074.641463995 0.563982 0.652261 -0.052685 0.126148 0.203175 -0.539979 0.806988
1732439074.741666079 0.570131 0.643884 -0.052681 0.125038 0.203104 -0.538250 0.808333
1732439074.841517210 0.578781 0.630535 -0.052197 0.124539 0.202861 -0.535327 0.810409
1732439074.941469908 0.591726 0.612635 -0.052131 0.123101 0.203360 -0.531577 0.812968
1732439075.041353464 0.608677 0.589810 -0.051432 0.121714 0.203943 -0.526736 0.816175
1732439075.140980482 0.630656 0.563368 -0.051309 0.119057 0.205448 -0.520883 0.819938
1732439075.241414309 0.657032 0.532189 -0.050684 0.116388 0.207235 -0.513584 0.824463
1732439075.341648102 0.684051 0.495925 -0.050518 0.114908 0.206158 -0.504548 0.830498
1732439075.441507816 0.722292 0.454236 -0.050880 0.112718 0.210000 -0.494389 0.835927
1732439075.541465044 0.761929 0.410368 -0.050609 0.110309 0.212149 -0.481768 0.843045
1732439075.641635895 0.808477 0.366813 -0.050112 0.106130 0.214695 -0.467797 0.850769
1732439075.741552353 0.859394 0.323314 -0.050241 0.101709 0.216758 -0.452207 0.859174
1732439075.841076851 0.913656 0.279692 -0.049598 0.097725 0.220171 -0.434713 0.867755
1732439075.941131592 0.969224 0.240519 -0.049430 0.092539 0.222429 -0.417682 0.876073
1732439076.041898727 1.022036 0.204065 -0.048880 0.088043 0.222420 -0.399725 0.884872
1732439076.141698599 1.078744 0.169053 -0.048992 0.083386 0.224284 -0.381548 0.892841
1732439076.241126537 1.136911 0.137750 -0.049137 0.078129 0.226423 -0.364626 0.899820
1732439076.341068983 1.193779 0.104985 -0.048188 0.075025 0.227684 -0.348121 0.906280
1732439076.441131115 1.253158 0.075545 -0.048554 0.070242 0.229099 -0.332954 0.911988
1732439076.541591406 1.314560 0.047596 -0.047948 0.066114 0.230928 -0.317673 0.917270
1732439076.641580582 1.372634 0.022842 -0.047694 0.061524 0.230511 -0.303261 0.922558
1732439076.741173983 1.432780 -0.004201 -0.048538 0.059354 0.235709 -0.289412 0.925829
1732439076.841443300 1.488968 -0.024915 -0.048205 0.055264 0.234534 -0.276460 0.930328
1732439076.941508532 1.543753 -0.045085 -0.048535 0.052413 0.236002 -0.266221 0.933104
1732439077.041061401 1.593489 -0.064409 -0.047260 0.050428 0.236059 -0.255538 0.936180
1732439077.141485214 1.642711 -0.080096 -0.047677 0.047527 0.236312 -0.246212 0.938764
1732439077.241181850 1.690092 -0.095564 -0.047099 0.045780 0.236424 -0.236628 0.941284
1732439077.341484308 1.738530 -0.107694 -0.047365 0.042270 0.236836 -0.228121 0.943442
1732439077.441413641 1.785067 -0.121196 -0.046557 0.040273 0.236621 -0.218513 0.945854
1732439077.541538477 1.834265 -0.133331 -0.046537 0.037692 0.236777 -0.209386 0.947984
1732439077.641483784 1.884907 -0.145388 -0.046249 0.035344 0.237293 -0.199979 0.949975
1732439077.741669178 1.936903 -0.155000 -0.046288 0.032078 0.238129 -0.190805 0.951766
1732439077.841488123 1.987635 -0.165124 -0.046085 0.030081 0.238258 -0.181011 0.953710
1732439077.941521883 2.040233 -0.175603 -0.045193 0.028054 0.239133 -0.170635 0.955464
1732439078.041068554 2.093778 -0.182268 -0.045005 0.025497 0.238375 -0.161007 0.957394
1732439078.141684532 2.151427 -0.190126 -0.045637 0.022288 0.240067 -0.152122 0.958504
1732439078.241529465 2.209439 -0.198944 -0.045771 0.019872 0.241069 -0.147180 0.959077
1732439078.341072083 2.266442 -0.210696 -0.045658 0.019097 0.241009 -0.143890 0.959607
1732439078.440995216 2.323860 -0.223482 -0.044746 0.018856 0.241295 -0.142488 0.959749
1732439078.541685104 2.383865 -0.238525 -0.044697 0.019439 0.240421 -0.141541 0.960097
1732439078.641814709 2.445268 -0.254255 -0.043916 0.019905 0.241181 -0.141414 0.959915
1732439078.741500854 2.504294 -0.268612 -0.043145 0.020205 0.239874 -0.141852 0.960172
1732439078.841455698 2.569593 -0.284529 -0.042641 0.020490 0.241558 -0.141490 0.959797
1732439078.941015005 2.633022 -0.299232 -0.042703 0.020013 0.240631 -0.142310 0.959919
1732439079.041630268 2.698192 -0.312907 -0.042217 0.019016 0.241107 -0.142770 0.959751
1732439079.141456366 2.760836 -0.328797 -0.042017 0.019263 0.241115 -0.143139 0.959690
1732439079.241192579 2.821114 -0.343779 -0.041188 0.019835 0.240785 -0.142840 0.959805
1732439079.341545582 2.880162 -0.360093 -0.040497 0.021039 0.240830 -0.143031 0.959740
1732439079.441075087 2.936194 -0.373304 -0.040326 0.021135 0.241684 -0.141633 0.959730
1732439079.541483164 2.987143 -0.384445 -0.039804 0.020553 0.241800 -0.141646 0.959712
1732439079.641037464 3.034849 -0.396123 -0.040289 0.020393 0.241977 -0.141381 0.959710
1732439079.741650343 3.082260 -0.405381 -0.040077 0.019561 0.241489 -0.140636 0.959959
1732439079.841387749 3.127483 -0.417023 -0.039559 0.020057 0.240280 -0.140026 0.960342
1732439079.941219091 3.175050 -0.427578 -0.038607 0.019960 0.240422 -0.139825 0.960337
1732439080.041390181 3.224137 -0.439249 -0.038254 0.020155 0.240373 -0.139062 0.960456
1732439080.141723871 3.274554 -0.450150 -0.037748 0.019762 0.239086 -0.138773 0.960827
1732439080.241477251 3.329182 -0.462113 -0.037800 0.019482 0.239295 -0.138290 0.960851
1732439080.341521263 3.388110 -0.475508 -0.037328 0.019736 0.240407 -0.137572 0.960671
1732439080.441672087 3.448938 -0.488598 -0.037511 0.019395 0.241035 -0.137108 0.960587
1732439080.541651487 3.511398 -0.502435 -0.037680 0.019556 0.240876 -0.136598 0.960696
1732439080.641524076 3.577495 -0.514365 -0.037589 0.018294 0.240789 -0.136240 0.960794
1732439080.741535902 3.646360 -0.528987 -0.036988 0.018595 0.241803 -0.132003 0.961125
1732439080.841657639 3.717623 -0.537892 -0.036742 0.016354 0.241987 -0.126087 0.961913
1732439080.941565514 3.789947 -0.544712 -0.037199 0.013601 0.243249 -0.118002 0.962663
1732439081.041153908 3.860542 -0.549033 -0.036568 0.010956 0.243221 -0.107682 0.963913
1732439081.141743422 3.935167 -0.552465 -0.038383 0.008339 0.244077 -0.098214 0.964733
1732439081.241685152 4.010963 -0.552782 -0.037566 0.004831 0.244300 -0.086987 0.965778
1732439081.341520548 4.087688 -0.556291 -0.038015 0.003670 0.245408 -0.078018 0.966268
1732439081.441152811 4.165496 -0.558239 -0.038499 0.001882 0.244964 -0.072841 0.966790
1732439081.541573524 4.244238 -0.562275 -0.038366 0.001000 0.245392 -0.069943 0.966897
1732439081.641572714 4.321534 -0.567195 -0.038500 0.000414 0.245499 -0.069099 0.966931
1732439081.741635084 4.398343 -0.572603 -0.038414 -0.000034 0.245340 -0.069370 0.966952
1732439081.841172457 4.474279 -0.579886 -0.038620 0.000367 0.244734 -0.070330 0.967036
1732439081.941113949 4.550586 -0.584580 -0.038318 -0.000628 0.244241 -0.070074 0.967179
1732439082.041558743 4.623552 -0.592068 -0.038143 0.000003 0.244447 -0.069851 0.967143
1732439082.141113997 4.692972 -0.596912 -0.037863 -0.000088 0.243401 -0.067650 0.967564
1732439082.241023064 4.762381 -0.597861 -0.038374 -0.001377 0.244002 -0.061673 0.967811
1732439082.341564655 4.830656 -0.594474 -0.037810 -0.003412 0.243910 -0.050880 0.968456
1732439082.441121340 4.899145 -0.587903 -0.037898 -0.006080 0.244373 -0.037301 0.968945
1732439082.541593552 4.967162 -0.573601 -0.038082 -0.011689 0.245047 -0.020436 0.969225
1732439082.641082764 5.032339 -0.558292 -0.038743 -0.015565 0.244994 -0.002159 0.969397
1732439082.741620779 5.098887 -0.538578 -0.039998 -0.020367 0.245346 0.017429 0.969065
1732439082.841109276 5.164187 -0.516634 -0.040626 -0.025043 0.245312 0.036894 0.968418
1732439082.941092253 5.227431 -0.490495 -0.041777 -0.030701 0.244901 0.056221 0.967430
1732439083.041529894 5.289134 -0.465070 -0.041761 -0.034605 0.244183 0.076256 0.966107
1732439083.141091108 5.350813 -0.436066 -0.042118 -0.039303 0.243923 0.095653 0.964265
1732439083.241151333 5.409688 -0.403918 -0.042379 -0.044130 0.243440 0.115366 0.962019
1732439083.341116667 5.467396 -0.370225 -0.043091 -0.049133 0.243324 0.134618 0.959300
1732439083.441563845 5.522835 -0.333706 -0.043463 -0.053778 0.241790 0.153845 0.956544
1732439083.540972233 5.575120 -0.296717 -0.044248 -0.058071 0.241038 0.172278 0.953336
1732439083.641582012 5.627230 -0.257331 -0.044979 -0.062405 0.240938 0.190183 0.949676
1732439083.741606474 5.677475 -0.218049 -0.045548 -0.065825 0.240165 0.208204 0.945854
1732439083.841079950 5.725546 -0.177313 -0.046041 -0.069903 0.240510 0.225163 0.941579
1732439083.941569328 5.768066 -0.133089 -0.047122 -0.075282 0.239309 0.242321 0.937200
1732439084.041589022 5.807208 -0.092358 -0.047590 -0.079110 0.237666 0.258825 0.932881
1732439084.141084194 5.843371 -0.052106 -0.048340 -0.082624 0.236569 0.274120 0.928475
1732439084.241578817 5.877753 -0.011711 -0.049236 -0.086530 0.235569 0.288403 0.924037
1732439084.341157198 5.908803 0.027595 -0.050131 -0.089930 0.234482 0.302331 0.919525
1732439084.441260338 5.938102 0.067307 -0.050948 -0.093329 0.233510 0.316126 0.914783
1732439084.541142702 5.966992 0.106381 -0.051605 -0.095865 0.232806 0.329671 0.909906
1732439084.641968966 5.993299 0.148302 -0.052349 -0.099527 0.231862 0.342544 0.904985
1732439084.741688728 6.020270 0.187090 -0.052662 -0.101596 0.230963 0.355994 0.899779
1732439084.841660500 6.043658 0.231354 -0.053847 -0.106264 0.229511 0.368556 0.894538
1732439084.940948963 6.067324 0.273450 -0.054656 -0.109062 0.228122 0.382056 0.888875
1732439085.041767120 6.087230 0.316720 -0.055078 -0.112418 0.225505 0.394852 0.883517
1732439085.141165733 6.108674 0.359197 -0.055941 -0.115396 0.224838 0.407418 0.877577
1732439085.241055727 6.126643 0.400219 -0.056120 -0.117453 0.222252 0.419943 0.872042
1732439085.341608047 6.141760 0.441404 -0.056328 -0.120410 0.219693 0.432590 0.866084
1732439085.441614628 6.157274 0.479277 -0.056389 -0.121880 0.217601 0.443223 0.861016
1732439085.541137934 6.171912 0.515991 -0.056756 -0.123945 0.216144 0.451616 0.856716
1732439085.641307592 6.187010 0.547836 -0.057041 -0.125010 0.216390 0.455671 0.854349
1732439085.741084814 6.200364 0.572107 -0.057244 -0.125222 0.215850 0.458355 0.853017
1732439085.841156483 6.209967 0.589611 -0.057574 -0.125405 0.215944 0.458970 0.852636
1732439085.941147566 6.215364 0.597467 -0.057615 -0.125252 0.215816 0.459466 0.852424
1732439086.041129827 6.215061 0.597457 -0.057722 -0.125334 0.215655 0.459596 0.852382
1732439086.141116142 6.211965 0.592475 -0.057839 -0.125259 0.215655 0.459604 0.852389
1732439086.241209507 6.206119 0.584410 -0.057979 -0.125455 0.215036 0.460546 0.852008
1732439086.341146231 6.198420 0.573642 -0.057706 -0.126006 0.214945 0.462175 0.851067
1732439086.441194773 6.187753 0.558670 -0.057819 -0.126593 0.214672 0.464174 0.849960
1732439086.541025639 6.174247 0.539559 -0.057822 -0.127721 0.214624 0.466814 0.848356
1732439086.641647339 6.157114 0.515826 -0.057974 -0.129167 0.214720 0.470473 0.846089
1732439086.741090775 6.136383 0.486556 -0.057956 -0.130588 0.214134 0.475614 0.843140
1732439086.841138124 6.112687 0.452270 -0.057712 -0.132393 0.213471 0.480988 0.839972
1732439086.941218853 6.086294 0.412828 -0.057703 -0.134913 0.213128 0.487456 0.835920
1732439087.041102409 6.057984 0.368402 -0.056825 -0.137583 0.213202 0.494003 0.831611
1732439087.141668081 6.029204 0.317154 -0.056392 -0.139146 0.213573 0.501174 0.826952
1732439087.241268873 5.998556 0.262662 -0.055628 -0.141385 0.213566 0.507837 0.822497
1732439087.341055632 5.966855 0.201295 -0.054317 -0.141962 0.211321 0.514792 0.818645
1732439087.441303492 5.935189 0.139075 -0.053774 -0.143758 0.210310 0.521315 0.814453
1732439087.541029215 5.903448 0.072731 -0.052417 -0.145692 0.209428 0.528436 0.809734
1732439087.641046047 5.871636 0.002865 -0.050953 -0.146895 0.207742 0.535090 0.805571
1732439087.741050005 5.840085 -0.068227 -0.049653 -0.149164 0.206863 0.541068 0.801376
1732439087.841188908 5.811707 -0.143852 -0.047823 -0.148621 0.204776 0.545987 0.798672
1732439087.940983534 5.784577 -0.216759 -0.046602 -0.149085 0.203262 0.548815 0.797032
1732439088.041200399 5.762816 -0.286317 -0.045173 -0.149029 0.203169 0.551486 0.795220
1732439088.141007185 5.742756 -0.346965 -0.043782 -0.149124 0.201921 0.552739 0.794651
1732439088.241304636 5.729415 -0.395084 -0.042925 -0.149074 0.202226 0.551876 0.795182
1732439088.341175318 5.721584 -0.428204 -0.042223 -0.148805 0.203185 0.549948 0.796323
1732439088.440979958 5.717843 -0.447378 -0.041919 -0.148311 0.203731 0.548095 0.797552
1732439088.541242361 5.717020 -0.452215 -0.042209 -0.148156 0.203709 0.547917 0.797709
1732439088.641185045 5.718357 -0.445779 -0.042424 -0.149696 0.205008 0.548072 0.796982
1732439088.741719484 5.719689 -0.437858 -0.042479 -0.149940 0.204737 0.549381 0.796103
1732439088.841711521 5.721057 -0.427333 -0.042368 -0.150324 0.204088 0.551410 0.794794
1732439088.941814184 5.722584 -0.413274 -0.042714 -0.150754 0.203418 0.554100 0.793011
1732439089.041779757 5.724316 -0.395527 -0.042957 -0.151313 0.202306 0.557767 0.790616
1732439089.141036272 5.726988 -0.372538 -0.043116 -0.152073 0.201363 0.562473 0.787369
1732439089.241823912 5.729717 -0.343822 -0.043629 -0.153227 0.200355 0.568343 0.783176
1732439089.341207981 5.731579 -0.310144 -0.044105 -0.154705 0.199270 0.575135 0.778189
1732439089.441022396 5.732663 -0.272603 -0.044666 -0.156322 0.197222 0.584098 0.771684
1732439089.540992737 5.732546 -0.229076 -0.045413 -0.158691 0.195295 0.594190 0.763947
1732439089.641204596 5.731084 -0.180084 -0.046024 -0.161391 0.193620 0.604999 0.755275
1732439089.740993500 5.728102 -0.127718 -0.046937 -0.164065 0.191425 0.616583 0.745831
1732439089.841146946 5.721865 -0.071188 -0.047590 -0.167310 0.188972 0.628952 0.735334
1732439089.941020489 5.716388 -0.012794 -0.048769 -0.169835 0.187454 0.641891 0.723874
1732439090.040974379 5.705252 0.047713 -0.049618 -0.173548 0.184745 0.654631 0.712186
1732439090.141695976 5.692434 0.110694 -0.050892 -0.177343 0.181963 0.667928 0.699508
1732439090.241005182 5.676300 0.171993 -0.051732 -0.181243 0.178510 0.680777 0.686898
1732439090.340972185 5.658542 0.231699 -0.052585 -0.183823 0.175085 0.694036 0.673698
1732439090.441038609 5.639923 0.289896 -0.053474 -0.185587 0.171285 0.707338 0.660221
1732439090.540987492 5.616684 0.348032 -0.054411 -0.189319 0.167681 0.719487 0.646823
1732439090.640991211 5.592979 0.404668 -0.054978 -0.191058 0.163559 0.732423 0.632693
1732439090.741179228 5.566396 0.462922 -0.055811 -0.194930 0.160724 0.744363 0.618137
1732439090.841144800 5.537326 0.518132 -0.055900 -0.197312 0.156705 0.756035 0.604088
1732439090.941298008 5.506677 0.569861 -0.055998 -0.199096 0.151754 0.767824 0.589728
1732439091.041151524 5.474699 0.619602 -0.056496 -0.201953 0.147564 0.778973 0.575014
1732439091.141009808 5.443831 0.664838 -0.056705 -0.203056 0.143384 0.789547 0.561092
1732439091.241189957 5.412629 0.708911 -0.057033 -0.205433 0.140053 0.798805 0.547808
1732439091.341172457 5.380563 0.748015 -0.057451 -0.207182 0.136038 0.807306 0.535562
1732439091.441298246 5.350189 0.786407 -0.058140 -0.208949 0.133356 0.815383 0.523170
1732439091.541175127 5.319235 0.822393 -0.058384 -0.209420 0.130111 0.823823 0.510421
1732439091.640996456 5.286985 0.857310 -0.058657 -0.212243 0.127524 0.830425 0.499084
1732439091.741310835 5.254551 0.889511 -0.058662 -0.213491 0.123865 0.837366 0.487747
1732439091.841148138 5.220743 0.920116 -0.059100 -0.215232 0.119966 0.844098 0.476216
1732439091.941200018 5.187005 0.949550 -0.059035 -0.217218 0.116985 0.850279 0.464927
1732439092.041109562 5.154802 0.978580 -0.059405 -0.218682 0.114542 0.856536 0.453215
1732439092.141744137 5.120522 1.005720 -0.060326 -0.220554 0.111441 0.862118 0.442367
1732439092.240981579 5.089213 1.031543 -0.060139 -0.220776 0.108866 0.868196 0.430861
1732439092.341182470 5.054406 1.056203 -0.060343 -0.222412 0.105735 0.873536 0.419866
1732439092.441161871 5.020217 1.080697 -0.060889 -0.223627 0.102966 0.878923 0.408513
1732439092.541046381 4.984330 1.104310 -0.061042 -0.225003 0.099727 0.884469 0.396411
1732439092.641226768 4.946961 1.128155 -0.061451 -0.227141 0.097349 0.889319 0.384763
1732439092.741045713 4.909211 1.149589 -0.061354 -0.228706 0.094024 0.894369 0.372769
1732439092.841289520 4.872547 1.170537 -0.061393 -0.229895 0.091485 0.899121 0.361055
1732439092.941792965 4.836368 1.188625 -0.061270 -0.229516 0.087948 0.904645 0.348145
1732439093.041232586 4.799119 1.207765 -0.061404 -0.231061 0.086051 0.909006 0.336026
1732439093.141288519 4.760671 1.223963 -0.061455 -0.231877 0.082624 0.913517 0.323871
1732439093.241024017 4.722790 1.240021 -0.061437 -0.231735 0.079279 0.918117 0.311570
1732439093.341803551 4.680765 1.255891 -0.061238 -0.232810 0.076062 0.922441 0.298524
1732439093.441021442 4.636050 1.271100 -0.062036 -0.234066 0.072157 0.926706 0.284996
1732439093.541034460 4.589333 1.285558 -0.061516 -0.234553 0.068195 0.931016 0.271190
1732439093.641029358 4.540183 1.298240 -0.061676 -0.235906 0.063875 0.935275 0.255988
1732439093.741091251 4.489841 1.313168 -0.061709 -0.237515 0.061187 0.939200 0.240306
1732439093.841176271 4.434967 1.324691 -0.062042 -0.238053 0.056817 0.943259 0.224421
1732439093.941028118 4.378281 1.335077 -0.062799 -0.239702 0.052528 0.946888 0.207814
1732439094.041059732 4.321230 1.342022 -0.062519 -0.242081 0.047649 0.949918 0.191788
1732439094.141204119 4.266134 1.348641 -0.062792 -0.242676 0.043783 0.953197 0.174946
1732439094.241076469 4.212100 1.352090 -0.062733 -0.243446 0.039214 0.956151 0.158023
1732439094.341331959 4.156889 1.353313 -0.062669 -0.244665 0.034543 0.958563 0.141780
1732439094.441260576 4.102935 1.351186 -0.062694 -0.244372 0.029424 0.961085 0.125426
1732439094.541064739 4.049181 1.349235 -0.062422 -0.244687 0.025534 0.963157 0.108653
1732439094.641265154 3.995324 1.345878 -0.062454 -0.245121 0.021855 0.964921 0.091467
1732439094.741075754 3.941804 1.339915 -0.062056 -0.245623 0.017542 0.966282 0.075234
1732439094.841170311 3.889089 1.333027 -0.061877 -0.244669 0.013871 0.967783 0.057808
1732439094.941113710 3.836444 1.324263 -0.061548 -0.245453 0.009603 0.968495 0.040955
1732439095.041082144 3.784923 1.313566 -0.061596 -0.243847 0.005696 0.969483 0.024671
1732439095.141043186 3.731828 1.304376 -0.061461 -0.244249 0.002504 0.969620 0.013132
1732439095.241090775 3.679453 1.296522 -0.061339 -0.244312 -0.000279 0.969664 0.007938
1732439095.341051817 3.628679 1.294664 -0.061092 -0.243507 -0.000386 0.969868 0.007807
1732439095.441134930 3.577698 1.294821 -0.060998 -0.243888 0.000200 0.969737 0.011359
1732439095.541062355 3.528084 1.300101 -0.060874 -0.243252 0.002616 0.969809 0.017075
1732439095.641350746 3.478486 1.303839 -0.060839 -0.243411 0.003568 0.969589 0.025206
1732439095.741295099 3.430041 1.310421 -0.061177 -0.243744 0.005456 0.969263 0.032979
1732439095.841237545 3.382249 1.317749 -0.061187 -0.243820 0.007219 0.968920 0.041160
1732439095.941240788 3.335504 1.325728 -0.061722 -0.243421 0.009163 0.968596 0.049835
1732439096.041228771 3.288305 1.335393 -0.061586 -0.243662 0.011296 0.968038 0.058345
1732439096.141824961 3.239177 1.346218 -0.061780 -0.243937 0.013722 0.967347 0.067423
1732439096.241245031 3.189594 1.358572 -0.061592 -0.244086 0.016400 0.966628 0.076044
1732439096.341263294 3.139118 1.371686 -0.061349 -0.244709 0.018778 0.965676 0.085053
1732439096.441355944 3.089185 1.385783 -0.061322 -0.243572 0.021308 0.965111 0.093698
1732439096.541202784 3.037249 1.401164 -0.061481 -0.243642 0.023615 0.964150 0.102449
1732439096.641354561 2.983263 1.416691 -0.061645 -0.243565 0.025436 0.963084 0.111799
1732439096.741200924 2.929449 1.434206 -0.061844 -0.243434 0.027737 0.961938 0.121020
1732439096.841171503 2.874502 1.453187 -0.062239 -0.242931 0.029808 0.960723 0.130798
1732439096.941141605 2.817340 1.473457 -0.062319 -0.243386 0.032179 0.959177 0.140384
1732439097.041396141 2.761699 1.495503 -0.062461 -0.242486 0.034484 0.957919 0.149677
1732439097.141869545 2.704827 1.518418 -0.062380 -0.242111 0.036746 0.956345 0.159485
1732439097.241850376 2.649495 1.542935 -0.062327 -0.240914 0.039314 0.954989 0.168554
1732439097.341166496 2.594024 1.568082 -0.062428 -0.240466 0.041689 0.953342 0.177701
1732439097.441111803 2.538320 1.595146 -0.062593 -0.240298 0.044547 0.951435 0.187199
1732439097.541063786 2.483192 1.623185 -0.062440 -0.239210 0.046826 0.949860 0.195834
1732439097.641291857 2.426665 1.653207 -0.062247 -0.239355 0.049741 0.947889 0.204307
1732439097.741300821 2.370973 1.682091 -0.061990 -0.239298 0.051609 0.946153 0.211818
1732439097.841310263 2.314146 1.709288 -0.062342 -0.239581 0.052630 0.945103 0.215898
1732439097.941147804 2.258648 1.733577 -0.062190 -0.237949 0.052232 0.945167 0.217513
1732439098.041844368 2.200771 1.756680 -0.062492 -0.238404 0.051920 0.945464 0.215790
1732439098.141312838 2.143202 1.777640 -0.062668 -0.238843 0.051249 0.946312 0.211711
1732439098.241381407 2.083207 1.796600 -0.062082 -0.239592 0.049965 0.948103 0.202978
1732439098.341370821 2.021647 1.810557 -0.062075 -0.240451 0.046991 0.950306 0.192077
1732439098.441879749 1.962255 1.820353 -0.061906 -0.240141 0.043296 0.953189 0.178573
1732439098.541257620 1.903656 1.826612 -0.061589 -0.239710 0.039435 0.956071 0.164051
1732439098.641431570 1.843684 1.829558 -0.061879 -0.241610 0.034802 0.958304 0.148550
1732439098.741254330 1.787151 1.830633 -0.061702 -0.240985 0.030475 0.960953 0.132540
1732439098.841110468 1.729230 1.830489 -0.061836 -0.241764 0.026165 0.962893 0.117062
1732439098.941404104 1.671163 1.829019 -0.061467 -0.242135 0.022417 0.964747 0.100657
1732439099.041305542 1.614681 1.824521 -0.061181 -0.241962 0.018028 0.966410 0.084745
1732439099.141337872 1.559566 1.820232 -0.060455 -0.242106 0.014942 0.967729 0.068282
1732439099.241280317 1.507536 1.808196 -0.061017 -0.240158 0.009373 0.969300 0.051911
1732439099.341273069 1.454165 1.801490 -0.060459 -0.242516 0.006331 0.969495 0.034999
1732439099.441392422 1.405316 1.787608 -0.060199 -0.242466 0.001059 0.969947 0.020305
1732439099.541276932 1.359552 1.776184 -0.060117 -0.241676 -0.002606 0.970340 0.005201
1732439099.641480923 1.315945 1.762853 -0.060182 -0.241417 -0.006610 0.970361 -0.008580
1732439099.741348505 1.275074 1.749962 -0.060530 -0.240133 -0.009610 0.970451 -0.021645
1732439099.841409445 1.233328 1.735770 -0.060439 -0.240379 -0.013188 0.969999 -0.033850
1732439099.941222668 1.192035 1.721858 -0.060192 -0.240544 -0.015904 0.969442 -0.045472
1732439100.041270971 1.149851 1.706984 -0.059772 -0.240267 -0.018519 0.968776 -0.058335
1732439100.141349792 1.106842 1.689475 -0.060030 -0.240449 -0.021431 0.967886 -0.070159
1732439100.241218567 1.064148 1.670800 -0.059728 -0.240487 -0.024577 0.966722 -0.083731
1732439100.341359138 1.021960 1.647928 -0.060012 -0.241244 -0.029123 0.965178 -0.096871
1732439100.441187382 0.980271 1.626574 -0.059943 -0.240379 -0.032019 0.963739 -0.111356
1732439100.541284561 0.938003 1.601390 -0.060118 -0.239943 -0.036102 0.961981 -0.125366
1732439100.641407967 0.895874 1.576589 -0.059748 -0.239962 -0.039097 0.959836 -0.140013
1732439100.741192341 0.856454 1.549971 -0.059609 -0.238441 -0.042756 0.957912 -0.154022
1732439100.841300726 0.817788 1.522341 -0.059321 -0.237927 -0.046982 0.955551 -0.167648
1732439100.941390276 0.782146 1.496732 -0.058660 -0.236732 -0.049554 0.953267 -0.181066
1732439101.041291714 0.748577 1.470827 -0.058161 -0.235149 -0.052414 0.950787 -0.194839
1732439101.141224384 0.716252 1.445207 -0.057519 -0.234265 -0.054476 0.948190 -0.207577
1732439101.241363287 0.683689 1.417152 -0.057314 -0.233941 -0.057946 0.945343 -0.219635
1732439101.341206074 0.653339 1.389770 -0.056769 -0.232446 -0.060459 0.942467 -0.232530
1732439101.441203117 0.622272 1.359988 -0.056951 -0.232203 -0.063203 0.939175 -0.245025
1732439101.541430473 0.591686 1.328225 -0.057033 -0.231328 -0.066689 0.935651 -0.258063
1732439101.641205549 0.560756 1.295237 -0.057128 -0.230816 -0.069995 0.931738 -0.271457
1732439101.741400957 0.530281 1.258538 -0.056903 -0.229902 -0.074001 0.927927 -0.283937
1732439101.841312885 0.499446 1.222742 -0.056482 -0.228495 -0.076472 0.923624 -0.298096
1732439101.942000151 0.466935 1.182166 -0.056410 -0.228007 -0.080176 0.918907 -0.311762
1732439102.041950941 0.435000 1.140539 -0.055834 -0.227393 -0.083223 0.913528 -0.326852
1732439102.141523361 0.404456 1.095867 -0.055814 -0.226371 -0.087291 0.908079 -0.341362
1732439102.241201878 0.374870 1.047713 -0.055772 -0.225315 -0.092471 0.902202 -0.355968
1732439102.341472149 0.346783 1.000508 -0.055643 -0.223071 -0.095934 0.895979 -0.371829
1732439102.441210032 0.320484 0.952203 -0.055311 -0.221000 -0.099611 0.889343 -0.387693
1732439102.541182041 0.294392 0.902242 -0.054930 -0.220138 -0.103137 0.882283 -0.403087
1732439102.641211033 0.272720 0.851476 -0.054593 -0.216599 -0.106659 0.875286 -0.419026
1732439102.741457701 0.250063 0.798061 -0.053916 -0.214615 -0.109707 0.867570 -0.435003
1732439102.841308355 0.227890 0.743518 -0.052978 -0.212353 -0.112542 0.859682 -0.450763
1732439102.941546917 0.209722 0.687545 -0.051060 -0.209368 -0.116017 0.852125 -0.465391
1732439103.041235209 0.192176 0.630270 -0.050752 -0.206404 -0.119139 0.843798 -0.480841
1732439103.141317129 0.175708 0.572817 -0.049846 -0.204594 -0.122202 0.835196 -0.495637
1732439103.241494656 0.163119 0.515323 -0.049329 0.201827 0.126009 -0.826803 0.509690
1732439103.341324806 0.152205 0.457551 -0.048579 0.199426 0.130130 -0.817688 0.524100
1732439103.441284418 0.145102 0.403252 -0.048095 0.195410 0.132489 -0.809119 0.538134
1732439103.541506290 0.141213 0.349255 -0.047023 0.191656 0.135640 -0.800397 0.551575
1732439103.641345024 0.135457 0.292522 -0.046246 0.190580 0.139624 -0.790519 0.565035
1732439103.741488695 0.133132 0.236220 -0.045486 0.187400 0.142493 -0.780714 0.578845
1732439103.841589689 0.133316 0.178377 -0.044979 0.184739 0.146329 -0.770483 0.592297
1732439103.941488266 0.134177 0.119610 -0.043910 0.182970 0.149985 -0.759411 0.606071
1732439104.041268110 0.137450 0.062517 -0.042739 0.180923 0.153153 -0.748967 0.618756
1732439104.141326666 0.143184 0.006266 -0.041875 0.177336 0.155466 -0.738532 0.631627
1732439104.241326332 0.148943 -0.051075 -0.040438 0.175620 0.159211 -0.729080 0.642068
1732439104.341578960 0.156271 -0.104599 -0.040051 0.172003 0.161570 -0.721757 0.650674
1732439104.441553354 0.157014 -0.156948 -0.038585 0.172573 0.163701 -0.716321 0.655977
1732439104.541512728 0.158628 -0.201132 -0.037507 0.171646 0.164843 -0.714079 0.658374
1732439104.641329288 0.156359 -0.236041 -0.036709 0.172795 0.164690 -0.713082 0.659191
1732439104.741509676 0.157621 -0.259482 -0.036909 0.171265 0.164880 -0.712582 0.660083
1732439104.841355801 0.156116 -0.273714 -0.036512 0.171687 0.164447 -0.712056 0.660649
1732439104.941534996 0.156438 -0.277724 -0.036055 0.171137 0.164360 -0.712063 0.660806
1732439105.041341066 0.156484 -0.273148 -0.036195 0.169944 0.162927 -0.712544 0.660950
1732439105.141339302 0.156754 -0.270661 -0.036035 0.169860 0.163046 -0.712414 0.661082
1732439105.241471529 0.156775 -0.272413 -0.036092 0.170166 0.163357 -0.712337 0.661010
1732439105.341282368 0.156496 -0.271735 -0.035869 0.170074 0.163106 -0.712345 0.661086
1732439105.441295147 0.156753 -0.271769 -0.036389 0.169989 0.163247 -0.712417 0.660996
1732439105.541510344 0.156505 -0.271876 -0.036089 0.170140 0.163230 -0.712394 0.660986
1732439105.641569376 0.156441 -0.271892 -0.036280 0.169989 0.163191 -0.712391 0.661038
1732439105.741086960 0.156531 -0.271838 -0.036090 0.170007 0.163230 -0.712382 0.661033
1732439105.841244221 0.156032 -0.271811 -0.036398 0.169966 0.163115 -0.712458 0.660990
1732439105.941485643 0.156373 -0.272343 -0.036036 0.169906 0.163181 -0.712422 0.661029
1732439106.042040586 0.156062 -0.272184 -0.035922 0.169860 0.163087 -0.712462 0.661021
1732439106.141299009 0.156348 -0.272117 -0.035572 0.169971 0.163230 -0.712425 0.660997
1732439106.241489887 0.156639 -0.271794 -0.036024 0.169988 0.163068 -0.712480 0.660973
1732439106.341293573 0.157278 -0.271578 -0.036000 0.170135 0.163255 -0.712421 0.660952
1732439106.441359282 0.157175 -0.271678 -0.036389 0.170060 0.163202 -0.712417 0.660989
1732439106.541527033 0.157458 -0.271781 -0.036155 0.170127 0.163256 -0.712359 0.661021
1732439106.641298532 0.157194 -0.271690 -0.035857 0.170063 0.163069 -0.712368 0.661074
1732439106.741334438 0.157166 -0.271639 -0.036012 0.170042 0.163154 -0.712392 0.661033
1732439106.841500998 0.157147 -0.271319 -0.035800 0.170089 0.163215 -0.712339 0.661063
1732439106.941287756 0.156842 -0.271626 -0.036055 0.170013 0.163196 -0.712423 0.660997
1732439107.041467905 0.156980 -0.271770 -0.035510 0.169968 0.163130 -0.712408 0.661041
1732439107.141604900 0.157024 -0.271637 -0.035817 0.169988 0.163146 -0.712446 0.660990
1732439107.241441965 0.156984 -0.271853 -0.035666 0.170058 0.163171 -0.712384 0.661034
1732439107.341640472 0.156655 -0.271993 -0.035964 0.169893 0.163144 -0.712447 0.661014
1732439107.441302299 0.156660 -0.271969 -0.035998 0.169949 0.163192 -0.712403 0.661035
1732439107.541565895 0.156433 -0.272062 -0.036042 0.169894 0.163159 -0.712406 0.661054
1732439107.641376734 0.156329 -0.271890 -0.035616 0.169917 0.163125 -0.712423 0.661038
1732439107.741345882 0.155997 -0.272166 -0.035781 0.169862 0.163161 -0.712396 0.661072
1732439107.841333151 0.156210 -0.271923 -0.035543 0.169937 0.163109 -0.712436 0.661023
1732439107.941300154 0.156255 -0.272084 -0.035918 0.169960 0.163123 -0.712402 0.661051
1732439108.041465521 0.156128 -0.271770 -0.035783 0.169932 0.163119 -0.712435 0.661023
1732439108.141412258 0.156098 -0.271937 -0.035992 0.169867 0.163172 -0.712428 0.661034
1732439108.241460562 0.156230 -0.271783 -0.035966 0.169901 0.163215 -0.712425 0.661018
1732439108.341691971 0.156128 -0.271823 -0.036187 0.169905 0.163206 -0.712398 0.661048
1732439108.441470146 0.156393 -0.271672 -0.036329 0.169943 0.163265 -0.712411 0.661010
1732439108.541436672 0.156498 -0.271482 -0.036529 0.169995 0.163207 -0.712379 0.661046
1732439108.641415119 0.156692 -0.271165 -0.036675 0.170117 0.163357 -0.712372 0.660985
1732439108.741597652 0.156663 -0.271190 -0.036656 0.170176 0.163153 -0.712401 0.660988
1732439108.841442823 0.156194 -0.271313 -0.036689 0.170027 0.163243 -0.712409 0.660997
1732439108.941630125 0.156184 -0.271178 -0.036354 0.170058 0.163185 -0.712397 0.661016
1732439109.041357279 0.156058 -0.271652 -0.036537 0.169973 0.163296 -0.712344 0.661067
1732439109.141479731 0.156000 -0.271762 -0.036240 0.169916 0.163082 -0.712397 0.661078
1732439109.241379261 0.156383 -0.272209 -0.036094 0.169804 0.163205 -0.712390 0.661084
1732439109.341712952 0.156158 -0.272015 -0.036084 0.169787 0.163081 -0.712402 0.661106
1732439109.441340446 0.156372 -0.271898 -0.035956 0.169874 0.163195 -0.712402 0.661055
1732439109.541588545 0.156311 -0.271873 -0.036152 0.169830 0.163114 -0.712375 0.661116
1732439109.641352177 0.156722 -0.271622 -0.036073 0.169932 0.163158 -0.712375 0.661078
1732439109.741595507 0.156743 -0.271635 -0.036424 0.169985 0.163179 -0.712420 0.661011
