1732438956.941261053 0.211906 0.034612 -0.042079 -0.012398 0.242968 -0.000842 0.969955
1732438957.042019367 0.250991 0.037095 -0.041000 -0.012052 0.241126 -0.000823 0.970419
1732438957.141975164 0.310187 0.041501 -0.042242 -0.013046 0.242496 -0.003314 0.970059
1732438957.241213322 0.377748 0.044479 -0.043900 -0.012764 0.244939 -0.007812 0.969423
1732438957.342041492 0.451731 0.038373 -0.043732 -0.009152 0.248559 -0.011747 0.968502
1732438957.441157341 0.523669 0.041080 -0.045824 -0.010245 0.247592 -0.019182 0.968620
1732438957.542070389 0.594820 0.033997 -0.044977 -0.007110 0.247091 -0.025747 0.968624
1732438957.641333818 0.665775 0.029726 -0.046321 -0.006040 0.247748 -0.033157 0.968238
1732438957.741195679 0.735861 0.022590 -0.046201 -0.003497 0.247705 -0.038947 0.968046
1732438957.841326714 0.806913 0.021202 -0.047617 -0.004400 0.248468 -0.043350 0.967660
1732438957.941241026 0.876147 0.018120 -0.048234 -0.003629 0.247160 -0.045845 0.967883
1732438958.041035891 0.944039 0.012906 -0.049116 -0.002900 0.245713 -0.046144 0.968239
1732438958.141350508 1.014824 0.006378 -0.048358 -0.000762 0.245996 -0.048880 0.968037
1732438958.241257906 1.084968 0.001113 -0.048666 -0.000285 0.244528 -0.054794 0.968093
1732438958.342068195 1.158252 -0.008366 -0.048043 0.001392 0.244835 -0.061210 0.967630
1732438958.441258907 1.230823 -0.019302 -0.049439 0.003175 0.244487 -0.070188 0.967104
1732438958.541236401 1.302377 -0.030894 -0.049530 0.004477 0.244490 -0.079205 0.966401
1732438958.641315937 1.374245 -0.045514 -0.049535 0.006803 0.244575 -0.087132 0.965684
1732438958.741327286 1.444748 -0.056203 -0.049789 0.006826 0.243361 -0.092130 0.965526
1732438958.842023373 1.517384 -0.068735 -0.050149 0.008038 0.244460 -0.094729 0.964988
1732438958.942045450 1.590114 -0.080299 -0.050041 0.008652 0.244095 -0.096015 0.964948
1732438959.041282654 1.662983 -0.088669 -0.049719 0.007979 0.243688 -0.096545 0.965003
1732438959.141439438 1.735494 -0.099766 -0.049312 0.008783 0.242208 -0.096029 0.965420
1732438959.241217375 1.810728 -0.110311 -0.048956 0.009126 0.242232 -0.095606 0.965453
1732438959.342002153 1.888690 -0.120071 -0.048733 0.008818 0.242628 -0.095585 0.965359
1732438959.441235304 1.963278 -0.130359 -0.048815 0.009027 0.241764 -0.095091 0.965622
1732438959.541223288 2.040508 -0.137703 -0.049065 0.007604 0.241195 -0.095227 0.965764
1732438959.641984940 2.118384 -0.148966 -0.048624 0.008222 0.240799 -0.095146 0.965865
1732438959.742129087 2.197607 -0.157499 -0.048730 0.006986 0.241638 -0.095077 0.965672
1732438959.841998816 2.276545 -0.167819 -0.049321 0.006870 0.241803 -0.095987 0.965542
1732438959.941268921 2.357390 -0.182184 -0.050380 0.008207 0.242788 -0.098328 0.965048
1732438960.042069674 2.438968 -0.198004 -0.049022 0.009849 0.242728 -0.104310 0.964420
1732438960.141289949 2.518845 -0.218802 -0.048467 0.012945 0.241525 -0.112153 0.963805
1732438960.242100954 2.603009 -0.240823 -0.047177 0.015788 0.242797 -0.121124 0.962356
1732438960.341364861 2.683427 -0.263134 -0.047005 0.017768 0.240767 -0.132042 0.961395
1732438960.442209959 2.766709 -0.288762 -0.046865 0.020365 0.241716 -0.141053 0.959824
1732438960.542044878 2.846932 -0.311763 -0.046435 0.021641 0.240834 -0.147463 0.959054
1732438960.641403675 2.923745 -0.335196 -0.044881 0.023779 0.238809 -0.151048 0.958952
1732438960.741379738 3.002732 -0.355895 -0.044681 0.023907 0.239934 -0.152072 0.958506
1732438960.841419697 3.080068 -0.372076 -0.044980 0.022690 0.239363 -0.150567 0.958916
1732438960.942067862 3.155777 -0.390526 -0.045432 0.022880 0.240298 -0.145391 0.959476
1732438961.041363955 3.229595 -0.401123 -0.044499 0.020613 0.240346 -0.137208 0.960720
1732438961.141215563 3.302576 -0.409257 -0.044273 0.018357 0.239645 -0.126767 0.962374
1732438961.242086887 3.378798 -0.415452 -0.044538 0.015914 0.241228 -0.114798 0.963523
1732438961.341220379 3.453858 -0.420211 -0.044468 0.013725 0.242899 -0.102866 0.964485
1732438961.442115545 3.530401 -0.421106 -0.044902 0.010390 0.242893 -0.090475 0.965769
1732438961.541268587 3.608280 -0.418930 -0.046207 0.006473 0.243132 -0.079515 0.966707
1732438961.641186476 3.686811 -0.415309 -0.047112 0.002559 0.244116 -0.066488 0.967461
1732438961.742140532 3.767576 -0.411091 -0.047380 -0.000347 0.244721 -0.054412 0.968065
1732438961.842061043 3.846057 -0.404348 -0.048237 -0.003358 0.244253 -0.041870 0.968801
1732438961.941267729 3.925546 -0.396780 -0.048811 -0.006127 0.244376 -0.029146 0.969223
1732438962.041271448 4.008788 -0.383399 -0.051175 -0.010603 0.245960 -0.016136 0.969088
1732438962.142018318 4.091704 -0.371441 -0.051370 -0.013439 0.246690 -0.003155 0.968996
1732438962.241263390 4.173725 -0.354923 -0.051745 -0.016994 0.246650 0.010067 0.968903
1732438962.341241837 4.255507 -0.336684 -0.052018 -0.019975 0.245606 0.024685 0.968849
1732438962.441320419 4.339068 -0.311331 -0.052686 -0.025330 0.246468 0.040037 0.967992
1732438962.542137384 4.424270 -0.288637 -0.053550 -0.027706 0.246267 0.055628 0.967207
1732438962.641366720 4.505510 -0.260735 -0.054650 -0.031519 0.244707 0.070332 0.966529
1732438962.741270781 4.587575 -0.230339 -0.055190 -0.035089 0.243378 0.086244 0.965452
1732438962.842059851 4.669846 -0.196630 -0.056266 -0.038918 0.243135 0.101474 0.963885
1732438962.941347837 4.749482 -0.162126 -0.057149 -0.042794 0.243435 0.116404 0.961955
1732438963.041235447 4.826893 -0.126281 -0.057941 -0.045887 0.243931 0.130088 0.959932
1732438963.141368628 4.899426 -0.088684 -0.058300 -0.049033 0.242605 0.144466 0.958054
1732438963.242162466 4.971279 -0.048644 -0.058651 -0.052282 0.242110 0.159182 0.955673
1732438963.341390848 5.039970 -0.008530 -0.059392 -0.055143 0.242136 0.172621 0.953169
1732438963.441313028 5.105734 0.034897 -0.059980 -0.058888 0.241542 0.186729 0.950433
1732438963.542216778 5.170582 0.079113 -0.059867 -0.061966 0.241142 0.202082 0.947193
1732438963.641390800 5.228056 0.124250 -0.059330 -0.066235 0.239164 0.216812 0.944143
1732438963.741409540 5.285162 0.171105 -0.058584 -0.070339 0.238254 0.233019 0.940207
1732438963.841184855 5.339994 0.217825 -0.057055 -0.074194 0.238013 0.249040 0.935855
1732438963.941439390 5.391099 0.267711 -0.055786 -0.079356 0.236962 0.265765 0.931086
1732438964.041258097 5.435231 0.317180 -0.056620 -0.082536 0.235211 0.282997 0.926162
1732438964.142071486 5.477510 0.371268 -0.057416 -0.088124 0.234715 0.300545 0.920226
1732438964.241377831 5.518377 0.423738 -0.057941 -0.092002 0.233379 0.317450 0.914492
1732438964.341272354 5.557230 0.479031 -0.057710 -0.096525 0.232408 0.334031 0.908346
1732438964.441081285 5.592531 0.531492 -0.058116 -0.098886 0.228991 0.351104 0.902502
1732438964.541351318 5.628103 0.585852 -0.058667 -0.101631 0.228028 0.367814 0.895761
1732438964.641390800 5.660015 0.640914 -0.058790 -0.104876 0.226318 0.383458 0.889236
1732438964.741646290 5.689193 0.695752 -0.058873 -0.107630 0.223714 0.399444 0.882503
1732438964.841209173 5.716327 0.752163 -0.059342 -0.111590 0.222459 0.414085 0.875553
1732438964.941387177 5.742726 0.807727 -0.060007 -0.114407 0.220113 0.425235 0.870423
1732438965.041491270 5.769765 0.861568 -0.061171 -0.116882 0.218662 0.432245 0.867000
1732438965.141466379 5.800376 0.910750 -0.061755 -0.118446 0.220392 0.435492 0.864722
1732438965.241351604 5.825921 0.948151 -0.061511 -0.118307 0.220391 0.434345 0.865318
1732438965.341480732 5.845202 0.972284 -0.061952 -0.117833 0.220757 0.432066 0.866430
1732438965.442141056 5.854394 0.982811 -0.061881 -0.117192 0.220683 0.430387 0.867371
1732438965.541432858 5.854168 0.981982 -0.061949 -0.116957 0.220084 0.430559 0.867469
1732438965.641273022 5.847356 0.974734 -0.061984 -0.117161 0.219472 0.431585 0.867087
1732438965.741305113 5.837454 0.963448 -0.061637 -0.117463 0.218675 0.434542 0.865770
1732438965.841460466 5.822895 0.948453 -0.061201 -0.118955 0.218529 0.438889 0.863407
1732438965.941373587 5.804055 0.927957 -0.061086 -0.120325 0.218020 0.444796 0.860317
1732438966.042232037 5.780419 0.901434 -0.060912 -0.122434 0.217024 0.452037 0.856489
1732438966.142103672 5.753547 0.869972 -0.060717 -0.124775 0.216398 0.460373 0.851857
1732438966.241313696 5.724458 0.832664 -0.060453 -0.126768 0.215388 0.468904 0.847153
1732438966.341419458 5.693162 0.789582 -0.059952 -0.128940 0.214749 0.477930 0.841927
1732438966.441369295 5.657506 0.740689 -0.059608 -0.131198 0.212043 0.486867 0.837129
1732438966.542180300 5.623375 0.686842 -0.059095 -0.133292 0.211350 0.496966 0.831017
1732438966.641463518 5.586530 0.630736 -0.059104 -0.136721 0.209818 0.506380 0.825144
1732438966.741340399 5.551737 0.570752 -0.058165 -0.139920 0.210111 0.515786 0.818682
1732438966.841545582 5.514714 0.507694 -0.057162 -0.143566 0.208572 0.524262 0.813041
1732438966.941407204 5.482407 0.441622 -0.056690 -0.146003 0.207493 0.533723 0.806703
1732438967.041304827 5.446964 0.375853 -0.055710 -0.149352 0.205064 0.541367 0.801602
1732438967.141436100 5.417878 0.306542 -0.054550 -0.150330 0.203748 0.549708 0.796058
1732438967.241357565 5.387579 0.237019 -0.053250 -0.152400 0.201705 0.557745 0.790575
1732438967.341492891 5.360711 0.166689 -0.052000 -0.153941 0.200804 0.565813 0.784752
1732438967.441498756 5.335773 0.095730 -0.050817 -0.155097 0.199658 0.573698 0.779071
1732438967.541317940 5.310756 0.024944 -0.049329 -0.156540 0.197193 0.580830 0.774110
1732438967.641469240 5.289795 -0.043439 -0.047376 -0.158435 0.196924 0.588169 0.768230
1732438967.741325140 5.267457 -0.110740 -0.046721 -0.160219 0.194040 0.595502 0.762926
1732438967.841168880 5.249723 -0.175202 -0.045776 -0.161888 0.193087 0.602305 0.757455
1732438967.941434145 5.232661 -0.237042 -0.044555 -0.164623 0.192403 0.607886 0.752566
1732438968.041351318 5.218046 -0.297403 -0.043217 -0.166083 0.190953 0.613617 0.747949
1732438968.141496658 5.205247 -0.354977 -0.042391 -0.167171 0.190164 0.618543 0.743839
1732438968.241420746 5.196094 -0.409075 -0.041134 -0.168030 0.190174 0.622729 0.740141
1732438968.341578960 5.186197 -0.458882 -0.040148 -0.169256 0.189186 0.625172 0.738052
1732438968.441508293 5.181226 -0.504229 -0.038927 -0.168939 0.189061 0.626949 0.736649
1732438968.540982962 5.176848 -0.541277 -0.038084 -0.168486 0.188638 0.627905 0.736045
1732438968.641545296 5.175307 -0.565959 -0.037411 -0.167618 0.188245 0.627634 0.736576
1732438968.741432667 5.175403 -0.574787 -0.037092 -0.166890 0.188419 0.627728 0.736616
1732438968.841289520 5.175230 -0.568241 -0.037583 -0.168611 0.189561 0.627615 0.736027
1732438968.942135334 5.174876 -0.557031 -0.037606 -0.168770 0.188897 0.629000 0.734979
1732438969.041610003 5.174037 -0.540536 -0.037770 -0.169406 0.188048 0.631351 0.733032
1732438969.141494036 5.172911 -0.518048 -0.038031 -0.169971 0.187180 0.634586 0.730325
1732438969.241409540 5.170925 -0.489062 -0.038450 -0.171101 0.186341 0.638641 0.726732
1732438969.341086626 5.168433 -0.453726 -0.039163 -0.171788 0.185117 0.643814 0.722304
1732438969.441354275 5.165057 -0.410730 -0.040210 -0.172859 0.184288 0.649887 0.716802
1732438969.541455507 5.158586 -0.362103 -0.040574 -0.174511 0.181945 0.656814 0.710660
1732438969.641125441 5.152919 -0.307914 -0.041679 -0.175655 0.180570 0.664518 0.703531
1732438969.741318226 5.143680 -0.247453 -0.042767 -0.177637 0.178459 0.672133 0.696301
1732438969.841441393 5.135085 -0.180978 -0.043546 -0.179215 0.176810 0.678648 0.689969
1732438969.941534281 5.127445 -0.108334 -0.045131 -0.180535 0.176718 0.682024 0.686310
1732438970.041528702 5.121820 -0.033426 -0.046198 -0.180070 0.175743 0.684510 0.684204
1732438970.141383886 5.115672 0.044752 -0.046846 -0.179930 0.175067 0.686021 0.682900
1732438970.241328478 5.109709 0.123319 -0.048245 -0.180095 0.174581 0.687356 0.681637
1732438970.341419458 5.102464 0.204471 -0.049217 -0.181905 0.175284 0.687840 0.680487
1732438970.441301823 5.097904 0.282849 -0.050985 -0.181819 0.175866 0.688785 0.679403
1732438970.541523695 5.089087 0.358412 -0.052064 -0.182312 0.174843 0.692524 0.675723
1732438970.641517639 5.076003 0.427923 -0.052905 -0.183407 0.172482 0.699154 0.669175
1732438970.741695404 5.061182 0.490953 -0.053338 -0.184074 0.170164 0.707511 0.660749
1732438970.841521263 5.040577 0.549082 -0.054041 -0.187249 0.166637 0.716933 0.650521
1732438970.941407442 5.019076 0.603827 -0.054951 -0.190609 0.164464 0.727235 0.638552
1732438971.041708708 4.999019 0.654317 -0.054847 -0.191585 0.161643 0.737610 0.626976
1732438971.141537189 4.976087 0.700951 -0.054996 -0.193817 0.158392 0.746679 0.616293
1732438971.241250515 4.955036 0.741685 -0.054465 -0.194366 0.154786 0.755690 0.605967
1732438971.341536999 4.932839 0.782051 -0.055313 -0.196613 0.152178 0.763401 0.596158
1732438971.441451788 4.911595 0.819330 -0.055666 -0.198306 0.149751 0.770228 0.587366
1732438971.541590691 4.890737 0.854055 -0.055432 -0.199606 0.147059 0.776964 0.578670
1732438971.641537666 4.870650 0.887629 -0.055816 -0.200951 0.145192 0.782720 0.570866
1732438971.741361380 4.850713 0.919979 -0.056404 -0.201826 0.143191 0.788571 0.562955
1732438971.841251612 4.829715 0.952807 -0.056855 -0.202838 0.141273 0.794515 0.554657
1732438971.941428185 4.805840 0.985295 -0.057305 -0.204747 0.138987 0.800018 0.546564
1732438972.041381121 4.782807 1.018500 -0.057146 -0.206191 0.137731 0.805744 0.537859
1732438972.141609669 4.757893 1.050735 -0.057567 -0.207433 0.135409 0.811299 0.529556
1732438972.241394043 4.730682 1.083771 -0.058200 -0.209176 0.133032 0.816897 0.520794
1732438972.341251135 4.702594 1.116457 -0.058933 -0.210558 0.130367 0.822637 0.511799
1732438972.441512585 4.673534 1.150963 -0.058527 -0.213064 0.128920 0.828292 0.501912
1732438972.541391850 4.642550 1.181858 -0.059646 -0.213628 0.125059 0.834355 0.492519
1732438972.641577959 4.610683 1.214930 -0.059693 -0.215322 0.122650 0.840287 0.482194
1732438972.741502285 4.575811 1.246209 -0.059980 -0.217032 0.118733 0.846260 0.471852
1732438972.841333151 4.541080 1.278163 -0.060526 -0.218317 0.115764 0.852281 0.461036
1732438972.941404819 4.504621 1.310297 -0.060708 -0.219945 0.112900 0.858363 0.449545
1732438973.041374922 4.465800 1.340415 -0.060647 -0.221605 0.109131 0.864307 0.438127
1732438973.141649961 4.428567 1.371644 -0.060587 -0.222189 0.106721 0.870378 0.426245
1732438973.241625071 4.387927 1.400858 -0.061136 -0.222590 0.102980 0.876391 0.414473
1732438973.341599941 4.346604 1.431830 -0.061088 -0.223770 0.100559 0.882214 0.401888
1732438973.441209793 4.302991 1.460925 -0.061412 -0.225383 0.097253 0.887399 0.390215
1732438973.541214466 4.258406 1.490218 -0.061801 -0.226959 0.094753 0.892637 0.377771
1732438973.641436338 4.211355 1.517853 -0.062165 -0.228297 0.091259 0.897743 0.365528
1732438973.741464853 4.163911 1.545399 -0.062457 -0.230124 0.088413 0.902829 0.352314
1732438973.841434717 4.113449 1.569069 -0.062379 -0.232093 0.084185 0.907969 0.338582
1732438973.941353798 4.062657 1.593524 -0.062804 -0.233985 0.080782 0.913100 0.323995
1732438974.041419029 4.010216 1.612711 -0.062980 -0.234537 0.075457 0.918209 0.310145
1732438974.141574144 3.956793 1.633635 -0.063303 -0.235593 0.071704 0.923129 0.295274
1732438974.241508961 3.903155 1.651409 -0.063328 -0.236790 0.067356 0.927703 0.280642
1732438974.341672659 3.851147 1.668717 -0.063764 -0.236941 0.063930 0.932433 0.265217
1732438974.441319466 3.798623 1.683518 -0.063697 -0.238024 0.060561 0.936446 0.250493
1732438974.541528225 3.747009 1.696345 -0.064629 -0.238093 0.056725 0.940521 0.235613
1732438974.640959501 3.695277 1.707476 -0.064121 -0.238685 0.053120 0.943999 0.221527
1732438974.741657257 3.644111 1.718312 -0.064298 -0.238693 0.049861 0.947544 0.206639
1732438974.841630697 3.593148 1.725863 -0.063479 -0.239499 0.046175 0.950439 0.192803
1732438974.941472292 3.542600 1.731853 -0.063194 -0.240181 0.042482 0.953159 0.178874
1732438975.041385412 3.492831 1.736610 -0.063136 -0.241241 0.038861 0.955578 0.164816
1732438975.141492367 3.445182 1.739159 -0.062995 -0.241127 0.035688 0.957931 0.151497
1732438975.241443396 3.397950 1.739806 -0.063073 -0.241078 0.031830 0.960042 0.138520
1732438975.341363668 3.350350 1.740324 -0.063441 -0.242138 0.028460 0.961627 0.125831
1732438975.441392422 3.302038 1.739683 -0.064151 -0.242618 0.025251 0.963175 0.113105
1732438975.541415691 3.253889 1.737050 -0.064179 -0.243640 0.021576 0.964390 0.100624
1732438975.641479969 3.205563 1.735612 -0.064656 -0.244090 0.019318 0.965582 0.087741
1732438975.741447926 3.155444 1.732065 -0.064879 -0.244869 0.016500 0.966541 0.074601
1732438975.841606140 3.105942 1.726609 -0.065076 -0.244858 0.013175 0.967468 0.062266
1732438975.941460848 3.054911 1.720868 -0.065237 -0.245185 0.010201 0.968035 0.051854
1732438976.041419029 3.004375 1.717824 -0.065710 -0.244624 0.008565 0.968566 0.044326
1732438976.141642332 2.950924 1.717041 -0.065775 -0.245506 0.007669 0.968502 0.040881
1732438976.241449356 2.896481 1.716713 -0.066320 -0.245598 0.006744 0.968541 0.039565
1732438976.341381311 2.841208 1.718482 -0.066631 -0.245246 0.006882 0.968615 0.039903
1732438976.441418171 2.786736 1.720621 -0.066611 -0.244689 0.007384 0.968739 0.040220
1732438976.541410208 2.729955 1.724432 -0.066328 -0.245144 0.008266 0.968595 0.040738
1732438976.641587734 2.673675 1.725682 -0.066657 -0.243914 0.008152 0.968864 0.041731
1732438976.741491556 2.617092 1.729065 -0.066400 -0.243901 0.008856 0.968864 0.041675
1732438976.841298580 2.560972 1.731072 -0.066458 -0.243694 0.008787 0.968881 0.042489
1732438976.941584349 2.505362 1.732690 -0.066432 -0.243787 0.008452 0.968824 0.043321
1732438977.041490793 2.451308 1.734244 -0.066532 -0.243255 0.008107 0.968966 0.043209
1732438977.141327858 2.397201 1.736325 -0.066584 -0.243170 0.008199 0.968998 0.042937
1732438977.241510630 2.342002 1.739147 -0.066256 -0.243848 0.008545 0.968836 0.042692
1732438977.341487408 2.287236 1.739925 -0.066115 -0.243091 0.007969 0.969016 0.043017
1732438977.441707850 2.230825 1.742913 -0.063371 -0.242382 0.008309 0.969213 0.042516
1732438977.541643858 2.174368 1.744907 -0.062381 -0.242895 0.008242 0.969088 0.042461
1732438977.640957832 2.118405 1.746611 -0.061661 -0.242868 0.007797 0.969098 0.042463
1732438977.741453171 2.061432 1.748028 -0.062198 -0.243727 0.007857 0.968883 0.042441
1732438977.841540813 2.004964 1.748938 -0.062532 -0.244214 0.007681 0.968776 0.042117
1732438977.940988779 1.948968 1.750433 -0.062281 -0.243927 0.007652 0.968860 0.041847
1732438978.041049719 1.892242 1.751465 -0.061931 -0.243520 0.007283 0.968968 0.041795
1732438978.141018867 1.836310 1.751791 -0.061638 -0.243372 0.006636 0.969024 0.041468
1732438978.241441011 1.780825 1.753808 -0.061843 -0.242868 0.006807 0.969155 0.041322
1732438978.341379642 1.724891 1.753491 -0.061324 -0.243639 0.005840 0.968975 0.041143
1732438978.441502810 1.670537 1.755276 -0.061308 -0.242766 0.006070 0.969220 0.040513
1732438978.541499376 1.615871 1.754949 -0.061200 -0.242423 0.005579 0.969399 0.038279
1732438978.641581297 1.561183 1.753732 -0.061326 -0.242706 0.005235 0.969544 0.032416
1732438978.741511822 1.507736 1.746967 -0.060982 -0.242195 0.002821 0.969905 0.024856
1732438978.840979099 1.455302 1.738216 -0.060704 -0.241022 0.000193 0.970417 0.014142
1732438978.941529036 1.402211 1.725173 -0.060729 -0.241112 -0.003796 0.970489 0.001419
1732438979.041445732 1.350345 1.711258 -0.060733 -0.240756 -0.007414 0.970471 -0.012981
1732438979.141513348 1.297709 1.693776 -0.061138 -0.241695 -0.011751 0.969895 -0.027359
1732438979.241476297 1.247210 1.675696 -0.061548 -0.241042 -0.015630 0.969458 -0.042503
1732438979.341384172 1.195769 1.655167 -0.061139 -0.240982 -0.019810 0.968609 -0.057725
1732438979.441552877 1.144812 1.633996 -0.061047 -0.240703 -0.023435 0.967554 -0.073159
1732438979.541430235 1.094435 1.612100 -0.060270 -0.240782 -0.026825 0.966189 -0.088226
1732438979.641037703 1.048396 1.586990 -0.060056 -0.239816 -0.031264 0.964886 -0.102493
1732438979.741486073 1.002285 1.565007 -0.059002 -0.240286 -0.033494 0.963085 -0.116652
1732438979.841147900 0.959374 1.541518 -0.059243 -0.239124 -0.036219 0.961499 -0.130489
1732438979.941516638 0.917618 1.515510 -0.058815 -0.238869 -0.039789 0.959571 -0.143463
1732438980.041415215 0.877658 1.490769 -0.058624 -0.238576 -0.042950 0.957473 -0.156465
1732438980.141098499 0.842496 1.465910 -0.058445 -0.237188 -0.045881 0.955683 -0.168245
1732438980.241504431 0.807338 1.441205 -0.058392 -0.236481 -0.048201 0.953668 -0.179642
1732438980.341078758 0.772843 1.415517 -0.057998 -0.236212 -0.051309 0.951347 -0.191076
1732438980.441486597 0.737711 1.388906 -0.057834 -0.236340 -0.054076 0.948805 -0.202455
1732438980.541457653 0.705905 1.362700 -0.057553 -0.234890 -0.056271 0.946523 -0.213904
1732438980.641010761 0.673237 1.334562 -0.057083 -0.234022 -0.059153 0.943856 -0.225546
1732438980.741478443 0.642186 1.304291 -0.056751 -0.232528 -0.062308 0.941216 -0.236982
1732438980.841388702 0.610818 1.273602 -0.056434 -0.231484 -0.065310 0.938098 -0.249244
1732438980.941563845 0.578772 1.241250 -0.056683 -0.231210 -0.068300 0.934610 -0.261499
1732438981.041471481 0.548090 1.206810 -0.056332 -0.230408 -0.071932 0.931069 -0.273584
1732438981.140996456 0.517542 1.172857 -0.056073 -0.229409 -0.074532 0.927307 -0.286213
1732438981.240945816 0.486137 1.136690 -0.056169 -0.228522 -0.077398 0.923297 -0.298848
1732438981.341406345 0.454881 1.099688 -0.055898 -0.227651 -0.079963 0.918828 -0.312307
1732438981.441010475 0.426346 1.059445 -0.055339 -0.226796 -0.083912 0.914255 -0.325054
1732438981.541049004 0.397413 1.019996 -0.054468 -0.225217 -0.086376 0.909298 -0.339107
1732438981.641148806 0.369126 0.976504 -0.054239 -0.223906 -0.089613 0.904433 -0.351903
1732438981.741004467 0.340707 0.932996 -0.053539 -0.223454 -0.092641 0.898720 -0.365770
1732438981.841532707 0.313810 0.886581 -0.053811 -0.222329 -0.096047 0.893070 -0.379171
1732438981.941792965 0.290941 0.841173 -0.053063 -0.219834 -0.099396 0.887197 -0.393287
1732438982.040921211 0.267899 0.794633 -0.052646 -0.218578 -0.102863 0.881019 -0.406753
1732438982.141575336 0.247182 0.748011 -0.052008 -0.215941 -0.105699 0.875011 -0.420181
1732438982.241055250 0.226734 0.701972 -0.050530 -0.214064 -0.108195 0.868623 -0.433548
1732438982.341416359 0.210514 0.652072 -0.050935 -0.212422 -0.112967 0.862137 -0.445909
1732438982.441386938 0.191035 0.608691 -0.049934 -0.210100 -0.112994 0.856208 -0.458255
1732438982.541161776 0.176244 0.560044 -0.049724 -0.208221 -0.116797 0.849174 -0.471069
1732438982.641635895 0.162132 0.513158 -0.049102 -0.204999 -0.118676 0.842245 -0.484267
1732438982.741522789 0.150713 0.463536 -0.048730 -0.203359 -0.122638 0.834865 -0.496595
1732438982.841062784 0.140220 0.415632 -0.047818 0.201098 0.125059 -0.827206 0.509558
1732438982.941070080 0.131748 0.366301 -0.046767 0.198514 0.128332 -0.819783 0.521611
1732438983.041501999 0.125794 0.316632 -0.046098 0.194872 0.131403 -0.812064 0.534144
1732438983.141401052 0.119234 0.265875 -0.044684 0.193281 0.135423 -0.803867 0.545986
1732438983.241594553 0.114181 0.216398 -0.043516 0.191277 0.137600 -0.795550 0.558193
1732438983.341129065 0.111979 0.165887 -0.042027 0.188563 0.140470 -0.786735 0.570754
1732438983.441547155 0.106886 0.114578 -0.040643 0.188570 0.142905 -0.777391 0.582823
1732438983.541536331 0.109076 0.064389 -0.039766 0.185136 0.146034 -0.768912 0.594283
1732438983.641175508 0.111581 0.014754 -0.039063 0.182851 0.149619 -0.759867 0.605625
1732438983.741490602 0.113784 -0.034202 -0.038879 0.180725 0.152003 -0.750933 0.616712
1732438983.841615438 0.119325 -0.081762 -0.038232 0.178543 0.155720 -0.742390 0.626683
1732438983.941469193 0.123527 -0.125204 -0.037718 0.176506 0.157698 -0.734648 0.635822
1732438984.041492701 0.127919 -0.165765 -0.037120 0.174528 0.159682 -0.729149 0.642171
1732438984.141444683 0.128471 -0.201939 -0.036434 0.173902 0.160061 -0.725356 0.646527
1732438984.241529226 0.128364 -0.231946 -0.035886 0.173257 0.160212 -0.723777 0.648429
1732438984.341450691 0.127838 -0.253643 -0.035456 0.173459 0.160832 -0.723229 0.648833
1732438984.441037655 0.126666 -0.264619 -0.035366 0.173860 0.160883 -0.723091 0.648868
1732438984.541113377 0.126837 -0.264619 -0.035612 0.173349 0.160764 -0.723044 0.649086
1732438984.641123295 0.126894 -0.258575 -0.035512 0.173125 0.160196 -0.723399 0.648890
1732438984.741499662 0.128329 -0.249834 -0.035504 0.172624 0.160290 -0.722791 0.649677
1732438984.841590881 0.129644 -0.237184 -0.035901 0.172454 0.160779 -0.721631 0.650891
1732438984.941500425 0.133296 -0.219229 -0.036001 0.172109 0.161725 -0.719532 0.653067
1732438985.041465044 0.136952 -0.196863 -0.036634 0.171582 0.162849 -0.716855 0.655865
1732438985.141211987 0.142023 -0.168342 -0.037179 0.170379 0.164017 -0.713645 0.659379
1732438985.241115808 0.147353 -0.134027 -0.037957 0.169421 0.165839 -0.709573 0.663551
1732438985.341068506 0.152455 -0.093964 -0.038248 0.168095 0.166891 -0.705577 0.667872
1732438985.441219330 0.155739 -0.048992 -0.038992 0.167027 0.167864 -0.701112 0.672581
1732438985.541091681 0.160013 -0.000562 -0.039170 0.165977 0.169596 -0.696507 0.677176
1732438985.641540051 0.161440 0.052518 -0.040202 0.164619 0.169362 -0.692481 0.681679
1732438985.741638899 0.163990 0.108779 -0.041379 0.162447 0.170333 -0.688432 0.686046
1732438985.841617823 0.166139 0.165324 -0.042968 0.161432 0.172839 -0.683868 0.690211
1732438985.941653728 0.165602 0.225637 -0.043500 0.159621 0.172510 -0.679600 0.694914
1732438986.041627407 0.165789 0.283856 -0.044031 0.157996 0.173740 -0.675197 0.699257
1732438986.140960217 0.162085 0.342363 -0.044387 0.158163 0.174447 -0.670257 0.703781
1732438986.241631031 0.161081 0.400682 -0.045837 0.156748 0.176343 -0.665642 0.707993
1732438986.341190100 0.156418 0.459168 -0.046011 0.156530 0.177014 -0.660666 0.712520
1732438986.441005468 0.152572 0.516653 -0.046848 0.156082 0.178934 -0.655617 0.716790
1732438986.541696548 0.146337 0.577374 -0.047059 0.153953 0.178422 -0.652015 0.720652
1732438986.641283512 0.141128 0.631880 -0.049981 0.154441 0.181677 -0.647122 0.724137
1732438986.741009951 0.132512 0.689535 -0.049835 0.153777 0.181258 -0.646447 0.724986
1732438986.841634750 0.124237 0.742124 -0.050813 0.154139 0.182631 -0.644895 0.725946
1732438986.941211224 0.115758 0.791741 -0.051291 0.153979 0.182965 -0.644027 0.726666
1732438987.041240931 0.107453 0.838472 -0.051618 0.154198 0.183140 -0.643366 0.727161
1732438987.141627073 0.099804 0.881814 -0.051894 0.154407 0.184196 -0.642509 0.727607
1732438987.241022110 0.094576 0.923237 -0.052072 0.153775 0.185327 -0.642352 0.727593
1732438987.341030359 0.086714 0.962799 -0.052684 0.154102 0.185404 -0.641673 0.728102
1732438987.440956116 0.080559 0.999801 -0.052854 0.154095 0.186169 -0.641256 0.728276
1732438987.541109562 0.072952 1.033690 -0.053193 0.154672 0.185812 -0.640454 0.728951
1732438987.641006947 0.068467 1.063219 -0.052975 0.153696 0.186036 -0.639640 0.729814
1732438987.740971088 0.065166 1.083798 -0.053203 0.154130 0.186901 -0.639243 0.729850
1732438987.841268778 0.061726 1.099340 -0.053033 0.153739 0.186025 -0.639128 0.730256
1732438987.941176653 0.060725 1.107178 -0.053712 0.153447 0.185949 -0.638765 0.730654
1732438988.041001320 0.060672 1.105958 -0.053579 0.153875 0.186214 -0.638652 0.730596
1732438988.141124725 0.062421 1.101283 -0.054016 0.154167 0.187246 -0.638255 0.730618
1732438988.240985394 0.063852 1.095563 -0.053782 0.154041 0.187368 -0.637567 0.731213
1732438988.341502190 0.066307 1.088229 -0.053791 0.153797 0.187355 -0.637120 0.731657
1732438988.441295147 0.069828 1.077858 -0.053528 0.153251 0.187332 -0.635608 0.733092
1732438988.540978909 0.075063 1.061367 -0.053490 0.152637 0.187115 -0.633064 0.735472
1732438988.641516447 0.083485 1.038829 -0.053265 0.151487 0.187872 -0.629419 0.738639
1732438988.741034985 0.094507 1.012177 -0.052916 0.150039 0.189023 -0.625225 0.742194
1732438988.840970755 0.107040 0.980923 -0.052810 0.148342 0.189457 -0.619906 0.746872
1732438988.941287994 0.122517 0.944236 -0.052706 0.146193 0.190231 -0.613726 0.752184
1732438989.040968180 0.138178 0.903267 -0.052567 0.144676 0.190046 -0.607224 0.757780
1732438989.141682386 0.157446 0.857733 -0.051837 0.143051 0.191376 -0.600096 0.763411
1732438989.240987062 0.179483 0.809332 -0.051394 0.141124 0.192292 -0.593045 0.769029
1732438989.341026783 0.204267 0.756231 -0.050647 0.138796 0.192999 -0.584937 0.775458
1732438989.441674709 0.233626 0.699297 -0.050034 0.136115 0.195164 -0.576600 0.781611
1732438989.540944815 0.265852 0.643651 -0.048778 0.133035 0.197219 -0.567848 0.788007
1732438989.641145229 0.299123 0.585766 -0.048746 0.130620 0.198721 -0.558666 0.794570
1732438989.740969181 0.335826 0.528526 -0.048031 0.127745 0.201144 -0.549257 0.800961
1732438989.840909004 0.372475 0.470505 -0.047425 0.125565 0.202755 -0.539209 0.807699
1732438989.941072226 0.411268 0.413032 -0.047205 0.123121 0.205075 -0.529866 0.813651
1732438990.040994167 0.451255 0.360015 -0.047232 0.119448 0.206472 -0.519484 0.820511
1732438990.141556740 0.489643 0.309059 -0.046444 0.117198 0.207998 -0.508377 0.827378
1732438990.241055727 0.529911 0.263650 -0.045031 0.113854 0.210531 -0.497590 0.833738
1732438990.341012001 0.567822 0.222295 -0.044898 0.110359 0.211551 -0.486103 0.840696
1732438990.441171646 0.603955 0.185937 -0.044187 0.107649 0.213011 -0.475520 0.846710
1732438990.540973902 0.637050 0.154677 -0.043719 0.104635 0.214495 -0.465568 0.852226
1732438990.641066551 0.666435 0.128204 -0.042885 0.102145 0.215246 -0.456505 0.857227
1732438990.741306067 0.694612 0.106814 -0.042631 0.098245 0.216191 -0.448944 0.861428
1732438990.841002226 0.719285 0.087507 -0.042241 0.096140 0.216490 -0.440727 0.865823
1732438990.941031933 0.742001 0.063040 -0.043024 0.097172 0.218882 -0.432234 0.869380
1732438991.041177511 0.767615 0.046656 -0.042893 0.094084 0.219752 -0.424724 0.873194
1732438991.141056061 0.790585 0.029340 -0.042621 0.092370 0.220286 -0.417042 0.876937
1732438991.241044044 0.814157 0.014464 -0.042157 0.089741 0.221036 -0.410284 0.880203
1732438991.341050863 0.837328 -0.001622 -0.042351 0.088331 0.222238 -0.402904 0.883446
1732438991.441067457 0.862640 -0.016771 -0.042012 0.086083 0.223515 -0.395594 0.886643
1732438991.541102886 0.889182 -0.032422 -0.041807 0.083822 0.224530 -0.387971 0.889965
1732438991.641654253 0.916373 -0.047674 -0.041687 0.081364 0.225110 -0.379758 0.893582
1732438991.741045237 0.944929 -0.063952 -0.041625 0.079267 0.225901 -0.371133 0.897187
1732438991.841025352 0.975992 -0.081007 -0.041455 0.076795 0.227123 -0.361905 0.900856
1732438991.941160917 1.009033 -0.098988 -0.041218 0.075040 0.228386 -0.352170 0.904536
1732438992.041068077 1.044302 -0.115856 -0.041255 0.072542 0.229198 -0.341767 0.908516
1732438992.140942812 1.082679 -0.133921 -0.041832 0.069468 0.229145 -0.329793 0.913183
1732438992.241050720 1.125077 -0.150971 -0.041979 0.065781 0.229456 -0.316912 0.917927
1732438992.341607809 1.171584 -0.169409 -0.042077 0.062278 0.231184 -0.303674 0.922202
1732438992.440977335 1.218942 -0.186407 -0.041654 0.058632 0.232031 -0.289540 0.926763
1732438992.540983915 1.270292 -0.202770 -0.042027 0.054658 0.234326 -0.275286 0.930764
1732438992.641041994 1.321244 -0.217438 -0.042045 0.050734 0.234230 -0.259894 0.935424
1732438992.740972996 1.375522 -0.229289 -0.041824 0.045550 0.235261 -0.244605 0.939546
1732438992.841042995 1.431476 -0.242386 -0.041685 0.041881 0.236211 -0.228169 0.943604
1732438992.941035271 1.489283 -0.252727 -0.041410 0.037671 0.237756 -0.212066 0.947143
1732438993.040965796 1.545051 -0.260325 -0.041924 0.032954 0.238468 -0.196214 0.950551
1732438993.140986443 1.600200 -0.266830 -0.041815 0.029306 0.240151 -0.180042 0.953443
1732438993.241091728 1.651672 -0.272243 -0.042014 0.025840 0.239886 -0.164583 0.956399
1732438993.341028690 1.703891 -0.272776 -0.042125 0.021142 0.241358 -0.150025 0.958536
1732438993.441077948 1.752424 -0.274946 -0.042333 0.018120 0.240875 -0.135180 0.960925
1732438993.540997267 1.801560 -0.273643 -0.042592 0.013932 0.241676 -0.121309 0.962644
1732438993.640969992 1.850073 -0.272204 -0.042848 0.010800 0.242045 -0.107318 0.964251
1732438993.741035700 1.898921 -0.268675 -0.042620 0.007254 0.242999 -0.093901 0.965444
1732438993.841110229 1.946005 -0.264320 -0.042791 0.004023 0.242720 -0.079097 0.966858
1732438993.941017866 1.993921 -0.256770 -0.043029 -0.000132 0.243419 -0.065483 0.967708
1732438994.041013241 2.040551 -0.248170 -0.043489 -0.003932 0.242557 -0.051253 0.968774
1732438994.141041517 2.086070 -0.240945 -0.042683 -0.006419 0.241653 -0.038243 0.969588
1732438994.241167307 2.134000 -0.233099 -0.043682 -0.009671 0.243071 -0.029596 0.969509
1732438994.341073275 2.179240 -0.228933 -0.043629 -0.011162 0.243043 -0.024574 0.969640
1732438994.441012859 2.225058 -0.227996 -0.043367 -0.011340 0.242994 -0.023430 0.969679
1732438994.541140556 2.271069 -0.229713 -0.044175 -0.010484 0.242110 -0.025354 0.969861
1732438994.641009331 2.317827 -0.232704 -0.043717 -0.009303 0.242775 -0.029466 0.969590
1732438994.741140127 2.364690 -0.237236 -0.043333 -0.007740 0.243058 -0.034398 0.969371
1732438994.841027498 2.412394 -0.241757 -0.043211 -0.006606 0.243598 -0.039239 0.969060
1732438994.941787243 2.460617 -0.247757 -0.043080 -0.004920 0.243683 -0.044137 0.968838
1732438995.041724205 2.509265 -0.253120 -0.042833 -0.003684 0.243696 -0.049504 0.968580
1732438995.141124249 2.558875 -0.259395 -0.042589 -0.002155 0.243565 -0.055006 0.968321
1732438995.241070747 2.607827 -0.267361 -0.041681 -0.000288 0.244329 -0.059165 0.967886
1732438995.341159582 2.658392 -0.272136 -0.042390 -0.000195 0.243876 -0.064510 0.967658
1732438995.441070557 2.711522 -0.279723 -0.041729 0.001267 0.243485 -0.067919 0.967523
1732438995.541184664 2.769120 -0.287153 -0.041983 0.001980 0.244101 -0.071221 0.967129
1732438995.641068459 2.826911 -0.294115 -0.041587 0.002731 0.242872 -0.074206 0.967212
1732438995.741125822 2.886817 -0.300295 -0.040942 0.003099 0.242670 -0.074908 0.967207
1732438995.841138363 2.946349 -0.307723 -0.040077 0.004067 0.242283 -0.074624 0.967323
1732438995.941047907 3.006723 -0.312042 -0.039868 0.003546 0.242391 -0.074126 0.967336
1732438996.041153431 3.067364 -0.319054 -0.039875 0.004234 0.241195 -0.073367 0.967690
1732438996.141068459 3.130013 -0.322869 -0.040195 0.003507 0.241666 -0.072436 0.967646
1732438996.241204739 3.193143 -0.329432 -0.039744 0.004165 0.242347 -0.070959 0.967582
1732438996.341136456 3.255894 -0.332488 -0.040354 0.003211 0.241410 -0.069985 0.967891
1732438996.441035748 3.319507 -0.338369 -0.039921 0.003487 0.241828 -0.068682 0.967879
1732438996.541212082 3.383223 -0.342275 -0.040230 0.002768 0.242172 -0.067848 0.967854
1732438996.641035080 3.446280 -0.347661 -0.039793 0.003213 0.243378 -0.066970 0.967611
1732438996.741176844 3.509349 -0.352277 -0.039925 0.003155 0.243111 -0.066415 0.967717
1732438996.841102362 3.574514 -0.355658 -0.039757 0.002529 0.244796 -0.064890 0.967397
1732438996.941188574 3.637535 -0.358356 -0.040304 0.001535 0.243321 -0.065176 0.967752
1732438997.041104078 3.704540 -0.362324 -0.040281 0.001190 0.244642 -0.063634 0.967522
1732438997.141049623 3.769277 -0.365514 -0.040071 0.000609 0.245485 -0.062974 0.967353
1732438997.241174698 3.830475 -0.369104 -0.039501 0.000313 0.243581 -0.062278 0.967879
1732438997.341134548 3.891423 -0.372668 -0.039949 0.000277 0.242842 -0.061897 0.968089
1732438997.441208601 3.954026 -0.378244 -0.040728 0.001173 0.244424 -0.061226 0.967733
1732438997.541215181 4.017393 -0.379015 -0.041089 -0.000482 0.245861 -0.061184 0.967372
1732438997.641170025 4.078646 -0.384817 -0.041496 0.000473 0.245122 -0.059956 0.967636
1732438997.741081953 4.140100 -0.385858 -0.042200 -0.000766 0.245799 -0.059051 0.967520
1732438997.841089010 4.199493 -0.388064 -0.042287 -0.000944 0.245446 -0.055673 0.967810
1732438997.941186905 4.258301 -0.385464 -0.042508 -0.002910 0.245459 -0.050230 0.968100
1732438998.041100025 4.317271 -0.382155 -0.042434 -0.004600 0.245832 -0.042860 0.968353
1732438998.141067028 4.376084 -0.374106 -0.042740 -0.007898 0.246173 -0.032932 0.968634
1732438998.241336107 4.435282 -0.367396 -0.042737 -0.009624 0.246020 -0.020210 0.969006
1732438998.341826916 4.494377 -0.353979 -0.043501 -0.013930 0.245745 -0.007563 0.969205
1732438998.441210508 4.551601 -0.339080 -0.043713 -0.017757 0.244637 0.007038 0.969427
1732438998.541187286 4.609142 -0.324196 -0.043964 -0.020583 0.244522 0.022228 0.969170
1732438998.641089678 4.665356 -0.307678 -0.043695 -0.023540 0.243843 0.037282 0.968812
1732438998.741107464 4.719759 -0.287405 -0.044276 -0.027932 0.243659 0.051873 0.968070
1732438998.841096163 4.772804 -0.268631 -0.043612 -0.030200 0.243509 0.065787 0.967194
1732438998.941387653 4.824592 -0.247769 -0.044506 -0.033775 0.243520 0.079461 0.966045
1732438999.041125536 4.874934 -0.225387 -0.044723 -0.036850 0.244726 0.092484 0.964468
1732438999.141849756 4.921468 -0.202358 -0.045922 -0.040416 0.243518 0.106085 0.963230
1732438999.241187811 4.966499 -0.178776 -0.046849 -0.043565 0.244071 0.118619 0.961489
1732438999.341090202 5.008021 -0.154620 -0.047244 -0.046479 0.242912 0.131719 0.959939
1732438999.441125154 5.048697 -0.129604 -0.047670 -0.049702 0.242808 0.144620 0.957945
1732438999.541130066 5.088145 -0.103232 -0.048186 -0.053001 0.242817 0.157334 0.955760
1732438999.641132832 5.125493 -0.076079 -0.048670 -0.056507 0.241792 0.170279 0.953598
1732438999.741153002 5.163472 -0.047944 -0.049594 -0.059344 0.241154 0.183757 0.951082
1732438999.841099024 5.201101 -0.018613 -0.050320 -0.061991 0.240147 0.197806 0.948346
1732438999.941200495 5.240495 0.013475 -0.050723 -0.065179 0.240347 0.211651 0.945087
1732439000.041183472 5.277003 0.048771 -0.051235 -0.069222 0.238420 0.226067 0.941944
1732439000.141282320 5.315603 0.083969 -0.051275 -0.072068 0.237421 0.240691 0.938353
1732439000.241214752 5.352911 0.123168 -0.052090 -0.076592 0.236727 0.255451 0.934258
1732439000.341133118 5.390773 0.163109 -0.052532 -0.079864 0.236376 0.270433 0.929846
1732439000.441327572 5.427334 0.204713 -0.052932 -0.083752 0.235005 0.285982 0.925188
1732439000.541199923 5.463699 0.248335 -0.053191 -0.087335 0.233746 0.301446 0.920253
1732439000.641130209 5.498019 0.294879 -0.053435 -0.091240 0.232006 0.317417 0.914929
1732439000.741220951 5.532990 0.342677 -0.053967 -0.095233 0.231726 0.333002 0.909034
1732439000.841197491 5.566020 0.392734 -0.054842 -0.100034 0.231580 0.348296 0.902803
1732439000.941282511 5.594519 0.441155 -0.055384 -0.103331 0.228872 0.364094 0.896870
1732439001.041214466 5.623735 0.488339 -0.056140 -0.105903 0.227781 0.379060 0.890626
1732439001.141143799 5.648444 0.537840 -0.056634 -0.109878 0.225765 0.393722 0.884274
1732439001.241307974 5.671793 0.583568 -0.057446 -0.112212 0.224235 0.408089 0.877833
1732439001.341248035 5.691765 0.627589 -0.057958 -0.115088 0.222232 0.421409 0.871655
1732439001.441192627 5.707936 0.668672 -0.058489 -0.117801 0.220193 0.431991 0.866615
1732439001.541265011 5.724972 0.706765 -0.058955 -0.120452 0.219484 0.439383 0.862705
1732439001.641178370 5.742101 0.737419 -0.059237 -0.121107 0.219430 0.443217 0.860664
1732439001.741158724 5.756166 0.760003 -0.059271 -0.121086 0.219358 0.445528 0.859491
1732439001.841255188 5.765444 0.775035 -0.059749 -0.121657 0.219742 0.445652 0.859248
1732439001.941181898 5.769236 0.779708 -0.059669 -0.121322 0.219514 0.445867 0.859242
1732439002.041165113 5.766642 0.776145 -0.059946 -0.120942 0.218799 0.446073 0.859371
1732439002.141238928 5.761436 0.769513 -0.059724 -0.121196 0.218433 0.447419 0.858729
1732439002.241194725 5.754408 0.761183 -0.059578 -0.121885 0.218302 0.448869 0.857907
1732439002.341267347 5.744714 0.750132 -0.059429 -0.122669 0.217699 0.451648 0.856489
1732439002.441228628 5.732104 0.735915 -0.059456 -0.123908 0.217067 0.454880 0.854759
1732439002.541158915 5.717025 0.718646 -0.059084 -0.125190 0.216636 0.458922 0.852518
1732439002.641252756 5.700507 0.697931 -0.059086 -0.126493 0.216009 0.463857 0.849810
1732439002.741221189 5.681760 0.673035 -0.058757 -0.127586 0.215491 0.469087 0.846902
1732439002.841174364 5.661298 0.645245 -0.058497 -0.128886 0.215141 0.474656 0.843685
1732439002.941218853 5.639236 0.614200 -0.058289 -0.130213 0.214353 0.480259 0.840505
1732439003.041157484 5.616232 0.580280 -0.058020 -0.132495 0.214311 0.485933 0.836890
1732439003.141315222 5.592337 0.542927 -0.057726 -0.133876 0.213540 0.491774 0.833448
1732439003.241216421 5.566534 0.503066 -0.056750 -0.136134 0.212638 0.497796 0.829729
1732439003.341959000 5.540518 0.460849 -0.056235 -0.138352 0.211748 0.503750 0.825989
1732439003.441224813 5.516424 0.416698 -0.055252 -0.139227 0.210867 0.508877 0.822919
1732439003.541243792 5.492294 0.371806 -0.054525 -0.140397 0.209432 0.512559 0.820798
1732439003.641198397 5.472111 0.327996 -0.053656 -0.141399 0.209544 0.514800 0.819194
1732439003.741208315 5.452363 0.284013 -0.053042 -0.141461 0.208727 0.516049 0.818606
1732439003.841163874 5.434621 0.240398 -0.052260 -0.141742 0.208799 0.516908 0.817996
1732439003.941225767 5.416812 0.197759 -0.051851 -0.142127 0.208967 0.517766 0.817344
1732439004.041218758 5.400265 0.155020 -0.050817 -0.141759 0.208641 0.518523 0.817011
1732439004.141304970 5.383802 0.114843 -0.050480 -0.142170 0.208848 0.518874 0.816664
1732439004.241295815 5.367734 0.074563 -0.050140 -0.142125 0.208210 0.519494 0.816441
1732439004.341188431 5.351309 0.036084 -0.049572 -0.142413 0.207915 0.519713 0.816326
1732439004.441354275 5.336800 -0.002059 -0.048518 -0.142022 0.207564 0.520544 0.815954
1732439004.541250706 5.323745 -0.036402 -0.047635 -0.142002 0.207869 0.520558 0.815871
1732439004.641207218 5.311394 -0.066947 -0.046849 -0.142138 0.207230 0.521279 0.815549
1732439004.741342068 5.300812 -0.093833 -0.046084 -0.141581 0.206502 0.521644 0.815597
1732439004.841253996 5.293954 -0.113630 -0.045699 -0.141118 0.206546 0.521912 0.815495
1732439004.941377878 5.290481 -0.124394 -0.045308 -0.140743 0.206696 0.521881 0.815542
1732439005.041311264 5.290657 -0.124484 -0.045514 -0.140675 0.206644 0.522217 0.815351
1732439005.141219378 5.292012 -0.117641 -0.045973 -0.141724 0.207247 0.523074 0.814467
1732439005.241313219 5.293486 -0.110194 -0.045831 -0.142131 0.206979 0.524685 0.813427
1732439005.341243505 5.294837 -0.100909 -0.046161 -0.142627 0.206595 0.526527 0.812247
1732439005.441219091 5.296800 -0.087680 -0.046305 -0.143547 0.206128 0.529546 0.810239
1732439005.541301966 5.299136 -0.070834 -0.046822 -0.144325 0.205555 0.533628 0.807564
1732439005.641240120 5.302348 -0.049786 -0.047100 -0.145021 0.204548 0.538925 0.804170
1732439005.741358280 5.305282 -0.022493 -0.047514 -0.146197 0.203446 0.545445 0.799829
1732439005.841260433 5.308063 0.010987 -0.048137 -0.148222 0.201906 0.553339 0.794406
1732439005.941425323 5.310598 0.050509 -0.048951 -0.150878 0.200622 0.562285 0.787923
1732439006.041316271 5.311905 0.095615 -0.049733 -0.153886 0.198510 0.572891 0.780198
1732439006.141255617 5.313350 0.144838 -0.050128 -0.156832 0.197131 0.584037 0.771650
1732439006.241416693 5.312400 0.198676 -0.050302 -0.160604 0.195247 0.595965 0.762175
1732439006.341316700 5.310245 0.252892 -0.051100 -0.162617 0.192447 0.608634 0.752386
1732439006.441292524 5.306359 0.310542 -0.051914 -0.164984 0.189832 0.621958 0.741561
1732439006.541362524 5.299010 0.370186 -0.052741 -0.168488 0.187322 0.635164 0.730129
1732439006.641321659 5.290899 0.430296 -0.053601 -0.170893 0.184812 0.649361 0.717614
1732439006.741225004 5.278754 0.490232 -0.053934 -0.173906 0.180722 0.663028 0.705330
1732439006.841311693 5.264194 0.550973 -0.054440 -0.176962 0.177198 0.676320 0.692732
1732439006.941341162 5.247286 0.610893 -0.055007 -0.180435 0.173490 0.689253 0.679908
1732439007.041261196 5.228889 0.668686 -0.054855 -0.183197 0.170075 0.702351 0.666496
1732439007.141249418 5.208718 0.723448 -0.055114 -0.185232 0.165920 0.714802 0.653619
1732439007.241329670 5.188022 0.776402 -0.055326 -0.188059 0.163051 0.726233 0.640807
1732439007.341413975 5.166390 0.824242 -0.055579 -0.190358 0.159335 0.736633 0.629085
1732439007.441436768 5.144718 0.869012 -0.056287 -0.192267 0.156412 0.746473 0.617533
1732439007.542038679 5.123780 0.910196 -0.056741 -0.194202 0.153691 0.755446 0.606602
1732439007.641257286 5.102169 0.947534 -0.057141 -0.196479 0.150831 0.763126 0.596896
1732439007.741280079 5.080587 0.980506 -0.057222 -0.197745 0.147114 0.770628 0.587696
1732439007.841332674 5.062030 1.013242 -0.057384 -0.199141 0.145501 0.777565 0.578415
1732439007.941239834 5.040793 1.044017 -0.057569 -0.201300 0.143370 0.783785 0.569740
1732439008.041368484 5.022313 1.074193 -0.057308 -0.202603 0.142060 0.789881 0.561123
1732439008.141348839 5.001350 1.102138 -0.057453 -0.204322 0.139470 0.795822 0.552691
1732439008.241290092 4.981512 1.130097 -0.057049 -0.206072 0.138319 0.800888 0.544960
1732439008.341436148 4.961995 1.155333 -0.057357 -0.207039 0.135954 0.806513 0.536831
1732439008.441372871 4.943588 1.178667 -0.057254 -0.207679 0.134024 0.811745 0.529129
1732439008.541467428 4.924301 1.201149 -0.057772 -0.208945 0.132016 0.816458 0.521834
1732439008.641380548 4.904861 1.222939 -0.057931 -0.210068 0.130192 0.821162 0.514408
1732439008.742019176 4.886156 1.243409 -0.058154 -0.210689 0.127887 0.825926 0.507051
1732439008.841265202 4.866253 1.263687 -0.058486 -0.212129 0.125936 0.830105 0.500068
1732439008.941380739 4.845419 1.285536 -0.058633 -0.213422 0.124323 0.834628 0.492332
1732439009.041312456 4.822993 1.307439 -0.059127 -0.214786 0.122142 0.839026 0.484752
1732439009.141411304 4.799864 1.328337 -0.058953 -0.215868 0.119692 0.843675 0.476747
1732439009.241377592 4.776089 1.349866 -0.059246 -0.216531 0.117401 0.848572 0.468249
1732439009.341324329 4.750592 1.372151 -0.059040 -0.217733 0.115200 0.853288 0.459588
1732439009.441425323 4.725791 1.394920 -0.059247 -0.218408 0.113433 0.858332 0.450219
1732439009.541321993 4.697966 1.418103 -0.058982 -0.219284 0.110891 0.863490 0.440457
1732439009.641460180 4.667040 1.442150 -0.059171 -0.221289 0.108347 0.868296 0.430527
1732439009.741380692 4.634199 1.466515 -0.059449 -0.221932 0.105446 0.873853 0.419534
1732439009.841302395 4.598508 1.490977 -0.059632 -0.223301 0.102261 0.879615 0.407377
1732439009.941456556 4.559189 1.515473 -0.060069 -0.224611 0.098356 0.885300 0.395119
1732439010.041333199 4.517802 1.540330 -0.060275 -0.226091 0.094752 0.891066 0.381977
1732439010.141317368 4.475158 1.563271 -0.060598 -0.227947 0.090852 0.896585 0.368674
1732439010.241406441 4.434230 1.585380 -0.060395 -0.228246 0.087279 0.902445 0.354796
1732439010.341372013 4.389512 1.605835 -0.060743 -0.230058 0.083226 0.907473 0.341526
1732439010.441469669 4.344323 1.627547 -0.060588 -0.231521 0.080195 0.912639 0.327195
1732439010.541347504 4.297682 1.648188 -0.060841 -0.232911 0.077173 0.917593 0.312762
1732439010.641317129 4.250367 1.666693 -0.060977 -0.234918 0.073672 0.922019 0.298775
1732439010.741465807 4.204657 1.682372 -0.061057 -0.235809 0.070328 0.926370 0.285108
1732439010.841285706 4.159111 1.696851 -0.061975 -0.236760 0.066864 0.930594 0.271051
1732439010.941475630 4.113910 1.709526 -0.062152 -0.238225 0.063069 0.934238 0.257819
1732439011.041381836 4.070237 1.719666 -0.062707 -0.239648 0.059113 0.937550 0.245099
1732439011.141331434 4.029906 1.729390 -0.062029 -0.239172 0.056281 0.940990 0.232740
1732439011.241509914 3.988076 1.738162 -0.062434 -0.239839 0.052893 0.943857 0.220938
1732439011.341439009 3.946920 1.745422 -0.062092 -0.239962 0.049524 0.946815 0.208582
1732439011.441419601 3.905839 1.753773 -0.062273 -0.241306 0.047364 0.948820 0.198165
1732439011.541462421 3.866888 1.759905 -0.061694 -0.240253 0.044670 0.951071 0.189068
1732439011.641411781 3.828272 1.771301 -0.061358 -0.240152 0.044522 0.952191 0.183511
1732439011.741155386 3.790591 1.782185 -0.060868 -0.240077 0.043891 0.952673 0.181250
1732439011.841199160 3.751501 1.791381 -0.061821 -0.241276 0.041853 0.952704 0.179970
1732439011.941429615 3.716222 1.804286 -0.061465 -0.241277 0.042463 0.952816 0.179233
1732439012.041436195 3.680844 1.815223 -0.061591 -0.240824 0.042119 0.952892 0.179517
1732439012.141577244 3.645854 1.827087 -0.061179 -0.240981 0.042296 0.952907 0.179188
1732439012.241457462 3.609942 1.837424 -0.061614 -0.240840 0.041711 0.952893 0.179588
1732439012.341465473 3.574936 1.849317 -0.061122 -0.239924 0.041744 0.953160 0.179388
1732439012.441452503 3.537221 1.860908 -0.061257 -0.239364 0.040864 0.953368 0.179235
1732439012.541526079 3.498382 1.874661 -0.060977 -0.239052 0.041586 0.953395 0.179338
1732439012.641448975 3.456030 1.889977 -0.060992 -0.239142 0.042160 0.953470 0.178684
1732439012.741516113 3.410826 1.904230 -0.060853 -0.239196 0.041856 0.953483 0.178616
1732439012.841486931 3.362548 1.919061 -0.061352 -0.239150 0.041305 0.953594 0.178210
1732439012.941572428 3.312036 1.936981 -0.060833 -0.240788 0.042478 0.953530 0.176061
1732439013.041450739 3.260239 1.948921 -0.062037 -0.239522 0.040554 0.954252 0.174321
1732439013.141367435 3.203887 1.962551 -0.062454 -0.241057 0.039501 0.955037 0.168033
1732439013.241587877 3.146360 1.972830 -0.062788 -0.242063 0.037532 0.956101 0.160835
1732439013.341536045 3.088720 1.982757 -0.062711 -0.241581 0.035476 0.957863 0.151254
1732439013.441533327 3.026771 1.990044 -0.062618 -0.242969 0.032403 0.959050 0.141912
1732439013.541529417 2.964707 1.998315 -0.062920 -0.243147 0.030258 0.960185 0.134198
1732439013.641380310 2.900630 2.007737 -0.063067 -0.244811 0.028332 0.960510 0.129171
1732439013.741551161 2.839539 2.017476 -0.063023 -0.244052 0.027255 0.961287 0.124995
1732439013.841483355 2.778502 2.027671 -0.063332 -0.244203 0.026441 0.961785 0.120978
1732439013.941474676 2.720239 2.036635 -0.063828 -0.243048 0.026103 0.962772 0.115396
1732439014.041377306 2.660115 2.042535 -0.063439 -0.243637 0.024176 0.963436 0.108846
1732439014.141526937 2.600360 2.049114 -0.063220 -0.244103 0.023659 0.964167 0.101172
1732439014.241428614 2.541366 2.050640 -0.063758 -0.243871 0.021069 0.964987 0.094250
1732439014.341514587 2.484272 2.053306 -0.063241 -0.244080 0.019315 0.965850 0.084771
1732439014.441488981 2.429893 2.051332 -0.063227 -0.244775 0.016362 0.966441 0.076217
1732439014.541670322 2.379465 2.050904 -0.063380 -0.243368 0.014636 0.967575 0.065999
1732439014.641616344 2.330372 2.045120 -0.063412 -0.243430 0.010916 0.968205 0.056590
1732439014.741462469 2.283404 2.041332 -0.062916 -0.242760 0.008775 0.968901 0.047128
1732439014.841488600 2.236501 2.035469 -0.063095 -0.242707 0.006107 0.969336 0.037996
1732439014.941393137 2.188885 2.029275 -0.063243 -0.243569 0.003647 0.969451 0.028746
1732439015.041568518 2.143794 2.022885 -0.063025 -0.243272 0.001425 0.969756 0.019761
1732439015.141476870 2.099933 2.014539 -0.063012 -0.242952 -0.001496 0.969971 0.011324
1732439015.241494179 2.055574 2.007851 -0.063378 -0.242927 -0.003085 0.970034 0.003299
1732439015.341395378 2.009758 2.001371 -0.063401 -0.243502 -0.004555 0.969887 -0.002502
1732439015.441612959 1.964870 1.994673 -0.063221 -0.243031 -0.006020 0.969978 -0.006482
1732439015.541496277 1.919660 1.990925 -0.062885 -0.243075 -0.006059 0.969943 -0.009363
1732439015.641421795 1.873238 1.986659 -0.062438 -0.242893 -0.006585 0.969978 -0.010104
1732439015.741354227 1.824909 1.983078 -0.062400 -0.242875 -0.006368 0.969986 -0.009948
1732439015.841521978 1.775833 1.979881 -0.061938 -0.242942 -0.005984 0.969970 -0.010063
1732439015.941284418 1.724649 1.975946 -0.062034 -0.243560 -0.006115 0.969822 -0.009308
1732439016.041390419 1.672890 1.972692 -0.061794 -0.242341 -0.005693 0.970131 -0.009238
1732439016.140980244 1.619249 1.967357 -0.061826 -0.242240 -0.006525 0.970151 -0.009137
1732439016.241324425 1.564518 1.962442 -0.061284 -0.242269 -0.007069 0.970130 -0.010158
1732439016.341464281 1.509887 1.954291 -0.061761 -0.241121 -0.008559 0.970380 -0.012233
1732439016.441427708 1.455096 1.945949 -0.061175 -0.241134 -0.009883 0.970302 -0.016478
1732439016.541442871 1.399940 1.936386 -0.060922 -0.240894 -0.011590 0.970231 -0.022097
1732439016.641460180 1.344122 1.926883 -0.060940 -0.240901 -0.012563 0.970044 -0.028703
1732439016.741586924 1.288208 1.915780 -0.061316 -0.240629 -0.013750 0.969862 -0.035715
1732439016.841567039 1.230660 1.902633 -0.061255 -0.241822 -0.015865 0.969260 -0.042501
1732439016.941731930 1.174796 1.889627 -0.061078 -0.240898 -0.017393 0.969129 -0.049542
1732439017.041609764 1.118289 1.875362 -0.060579 -0.241125 -0.018976 0.968651 -0.056699
1732439017.141518831 1.063552 1.860090 -0.060310 -0.240993 -0.020757 0.968264 -0.062900
1732439017.241469145 1.008484 1.844055 -0.059666 -0.241207 -0.022597 0.967743 -0.069149
1732439017.341557026 0.954914 1.827642 -0.058976 -0.240674 -0.023947 0.967198 -0.077655
1732439017.441503286 0.900216 1.809558 -0.058720 -0.241340 -0.025779 0.966268 -0.086118
1732439017.541595697 0.848704 1.788949 -0.058372 -0.240177 -0.028294 0.965623 -0.095329
1732439017.641627073 0.797211 1.767448 -0.058077 -0.239494 -0.031223 0.964690 -0.105078
1732439017.741445780 0.747008 1.745152 -0.057337 -0.239814 -0.033945 0.963439 -0.114549
1732439017.841655254 0.701773 1.726543 -0.055905 -0.237498 -0.034175 0.962815 -0.124153
1732439017.941518068 0.657495 1.700060 -0.057347 -0.237902 -0.039424 0.961208 -0.133891
1732439018.041488647 0.613954 1.678823 -0.056802 -0.236797 -0.040685 0.960016 -0.143669
1732439018.141734362 0.569348 1.653998 -0.056792 -0.237075 -0.043388 0.958359 -0.153171
1732439018.241606474 0.526689 1.630917 -0.056396 -0.236857 -0.044832 0.956690 -0.163199
1732439018.341670990 0.484106 1.604399 -0.056702 -0.236722 -0.047538 0.954898 -0.172838
1732439018.441569090 0.442234 1.575919 -0.056395 -0.236808 -0.050718 0.952658 -0.183827
1732439018.541494370 0.402198 1.546870 -0.056519 -0.236683 -0.053825 0.950272 -0.195107
1732439018.641614914 0.364060 1.516678 -0.056911 -0.236055 -0.056652 0.947773 -0.206869
1732439018.741495609 0.324884 1.485861 -0.056490 -0.236110 -0.059533 0.944678 -0.219752
1732439018.841676474 0.288594 1.452898 -0.056218 -0.234730 -0.063123 0.941759 -0.232394
1732439018.941591978 0.251040 1.419406 -0.055702 -0.234890 -0.065955 0.938116 -0.245794
1732439019.041556120 0.215549 1.384957 -0.055543 -0.233611 -0.068913 0.934863 -0.258280
1732439019.141602278 0.181839 1.347670 -0.055432 -0.232324 -0.072435 0.931330 -0.270930
1732439019.241547823 0.147036 1.311852 -0.055271 -0.231331 -0.075020 0.927483 -0.283960
1732439019.341635942 0.114768 1.273826 -0.055383 -0.229461 -0.078119 0.923659 -0.296815
1732439019.441636086 0.082799 1.236171 -0.054924 -0.228741 -0.081098 0.919422 -0.309458
1732439019.541568518 0.053499 1.197111 -0.055106 -0.227300 -0.084363 0.915162 -0.322019
1732439019.641664028 0.023819 1.158223 -0.054748 -0.225962 -0.087008 0.910723 -0.334596
1732439019.741539955 -0.003548 1.117611 -0.054584 -0.224197 -0.090231 0.906315 -0.346680
1732439019.841447592 -0.030880 1.077032 -0.054220 -0.222787 -0.093090 0.901572 -0.358982
1732439019.941525459 -0.055700 1.034135 -0.053840 -0.221340 -0.096658 0.896643 -0.371075
1732439020.041648626 -0.081973 0.991335 -0.053664 -0.220804 -0.099044 0.891187 -0.383694
1732439020.141513109 -0.105392 0.945575 -0.053728 -0.219332 -0.102583 0.885773 -0.395950
1732439020.241657495 -0.127531 0.899403 -0.053495 -0.217289 -0.105744 0.880124 -0.408639
1732439020.341545582 -0.148716 0.853368 -0.053119 -0.215811 -0.108626 0.874071 -0.421456
1732439020.441378832 -0.167433 0.806880 -0.052876 -0.213852 -0.111693 0.867991 -0.434031
1732439020.541392088 -0.185712 0.761291 -0.052131 -0.212009 -0.114211 0.861806 -0.446428
1732439020.641263247 -0.201547 0.716492 -0.051519 -0.208988 -0.116116 0.855536 -0.459238
1732439020.741611481 -0.217520 0.669197 -0.051201 -0.207506 -0.118916 0.849163 -0.470874
1732439020.841533184 -0.231128 0.622316 -0.050346 -0.204929 -0.121398 0.842552 -0.483087
1732439020.941545248 -0.245668 0.574284 -0.049643 -0.203646 -0.123776 0.835295 -0.495469
1732439021.041538477 -0.258268 0.527252 -0.048851 0.201464 0.125472 -0.828703 0.506872
1732439021.141720057 -0.266545 0.477921 -0.048212 0.198659 0.128893 -0.821737 0.518333
1732439021.241607904 -0.275157 0.429200 -0.047416 0.197375 0.131920 -0.814458 0.529432
1732439021.341488600 -0.282611 0.381934 -0.046748 0.195137 0.134486 -0.807606 0.540007
1732439021.441688061 -0.289586 0.336493 -0.045913 0.193336 0.136838 -0.801335 0.549326
1732439021.541354179 -0.295954 0.295653 -0.045343 0.191759 0.138533 -0.796943 0.555804
1732439021.641536951 -0.303201 0.259088 -0.044562 0.190791 0.139655 -0.794197 0.559774
1732439021.741561413 -0.310072 0.227886 -0.044389 0.190349 0.140974 -0.792801 0.561569
1732439021.841547012 -0.316001 0.204883 -0.044101 0.190626 0.141476 -0.792473 0.561812
1732439021.941501379 -0.319230 0.191127 -0.043896 0.190637 0.141603 -0.792238 0.562108
1732439022.041589022 -0.320615 0.186686 -0.043876 0.190812 0.141582 -0.792120 0.562219
1732439022.141563177 -0.319582 0.190160 -0.044058 0.190054 0.141219 -0.792370 0.562215
1732439022.241567850 -0.317864 0.196263 -0.044050 0.190138 0.141368 -0.792212 0.562373
1732439022.341696978 -0.315202 0.205023 -0.044282 0.190361 0.141359 -0.792277 0.562208
1732439022.441739321 -0.311649 0.217904 -0.044479 0.189881 0.140857 -0.792075 0.562780
1732439022.541571140 -0.306715 0.234897 -0.044717 0.189996 0.140939 -0.791589 0.563405
1732439022.641720295 -0.299696 0.257501 -0.045224 0.190005 0.141359 -0.791024 0.564089
1732439022.741729021 -0.290357 0.285762 -0.045583 0.189957 0.141854 -0.789682 0.565859
1732439022.841783285 -0.278667 0.320761 -0.046199 0.189468 0.142538 -0.787709 0.568594
1732439022.941670418 -0.263482 0.362359 -0.047057 0.188536 0.143621 -0.784574 0.572950
1732439023.041711807 -0.247009 0.410421 -0.047630 0.188465 0.145537 -0.780636 0.577847
1732439023.141717672 -0.229491 0.465150 -0.048020 0.187321 0.146626 -0.776059 0.584075
1732439023.241568089 -0.208581 0.524279 -0.048540 0.186206 0.149341 -0.770923 0.590511
1732439023.341703653 -0.189176 0.590748 -0.049208 0.184741 0.150408 -0.764429 0.599080
1732439023.441592693 -0.165071 0.659403 -0.050453 0.182987 0.155243 -0.756505 0.608371
1732439023.541385174 -0.144318 0.734301 -0.050972 0.181172 0.157846 -0.748180 0.618456
1732439023.641718626 -0.122195 0.812636 -0.052362 0.178652 0.161796 -0.739077 0.629023
1732439023.741621494 -0.104347 0.894200 -0.053501 0.176232 0.164622 -0.730095 0.639377
1732439023.841781616 -0.090887 0.975666 -0.053560 0.174189 0.166631 -0.723281 0.647114
1732439023.941726446 -0.083589 1.051598 -0.053550 0.173657 0.167711 -0.718619 0.652152
1732439024.041594982 -0.078225 1.120508 -0.053820 0.172971 0.168495 -0.715780 0.655247
1732439024.141545057 -0.077686 1.181493 -0.053621 0.174043 0.168265 -0.714172 0.656775
1732439024.241703510 -0.076116 1.232874 -0.053851 0.174121 0.168849 -0.713223 0.657636
1732439024.341628551 -0.075111 1.277071 -0.054118 0.173053 0.168243 -0.712966 0.658351
1732439024.441710234 -0.074534 1.309930 -0.054001 0.173294 0.168604 -0.712532 0.658665
1732439024.541625023 -0.074172 1.331288 -0.053956 0.172759 0.168247 -0.712227 0.659227
1732439024.641500473 -0.073835 1.340463 -0.053959 0.172778 0.168367 -0.712067 0.659364
1732439024.741085529 -0.073812 1.337542 -0.054290 0.173027 0.168652 -0.711933 0.659370
1732439024.841084003 -0.073639 1.329597 -0.054330 0.173339 0.169278 -0.711874 0.659192
1732439024.941147804 -0.073711 1.318682 -0.054253 0.173509 0.169348 -0.711917 0.659082
1732439025.041600943 -0.073621 1.303543 -0.054075 0.173406 0.169342 -0.711723 0.659321
1732439025.141699076 -0.073650 1.284392 -0.053984 0.173338 0.169272 -0.711296 0.659817
1732439025.241688728 -0.073455 1.260825 -0.053990 0.173130 0.169537 -0.710398 0.660771
1732439025.341387033 -0.072696 1.232487 -0.053736 0.173080 0.169882 -0.708608 0.662615
1732439025.441700459 -0.070168 1.199817 -0.053788 0.172515 0.170449 -0.706466 0.664900
1732439025.541683435 -0.066893 1.162848 -0.053605 0.171336 0.170898 -0.703728 0.667985
1732439025.641535521 -0.061110 1.120554 -0.053651 0.169917 0.172220 -0.700638 0.671249
1732439025.741574764 -0.056543 1.074696 -0.053422 0.168770 0.173134 -0.697157 0.674917
1732439025.841787338 -0.051423 1.024872 -0.053088 0.167888 0.173644 -0.693044 0.679228
1732439025.941737413 -0.043600 0.972705 -0.052617 0.165636 0.174057 -0.688722 0.684055
1732439026.041666031 -0.036281 0.915087 -0.052330 0.164821 0.174946 -0.684157 0.688591
1732439026.141783237 -0.025377 0.855037 -0.051860 0.162510 0.176396 -0.678981 0.693873
1732439026.241724730 -0.015938 0.792308 -0.051309 0.161617 0.176840 -0.672583 0.700171
1732439026.341559172 -0.001559 0.728494 -0.050391 0.158473 0.177690 -0.665840 0.707085
1732439026.441715240 0.015054 0.660994 -0.049329 0.157403 0.180420 -0.657193 0.714682
1732439026.541630507 0.035680 0.596750 -0.048253 0.154137 0.181802 -0.647476 0.723854
1732439026.641521454 0.058364 0.533980 -0.046510 0.150245 0.182481 -0.636500 0.734163
1732439026.741381645 0.083908 0.472443 -0.045374 0.146495 0.184026 -0.623605 0.745514
1732439026.841583252 0.116108 0.410609 -0.044227 0.142786 0.188470 -0.610401 0.755977
1732439026.941537619 0.146029 0.351492 -0.043632 0.138765 0.189287 -0.594806 0.768844
1732439027.041709423 0.181249 0.293921 -0.043709 0.134977 0.192420 -0.580306 0.779744
1732439027.141598463 0.217987 0.236972 -0.043139 0.131653 0.196729 -0.565245 0.790230
1732439027.241470814 0.257557 0.184838 -0.043314 0.127336 0.200637 -0.550557 0.800261
1732439027.341582775 0.297634 0.135414 -0.042949 0.122747 0.203826 -0.536051 0.809961
1732439027.441782236 0.336649 0.085820 -0.041769 0.120054 0.207319 -0.521101 0.819183
1732439027.541822195 0.376825 0.043204 -0.041477 0.114583 0.207859 -0.507441 0.828353
1732439027.641851902 0.416121 -0.002466 -0.039941 0.113684 0.211766 -0.493214 0.836045
1732439027.741664171 0.457341 -0.038804 -0.039278 0.108059 0.212344 -0.479905 0.844349
1732439027.841854811 0.497318 -0.075432 -0.038783 0.104495 0.214022 -0.466419 0.851897
1732439027.941862345 0.539440 -0.105684 -0.038578 0.098660 0.215034 -0.453592 0.859233
1732439028.041765451 0.578823 -0.135865 -0.037764 0.094323 0.215918 -0.440076 0.866497
1732439028.141762972 0.617878 -0.165933 -0.037785 0.091242 0.216633 -0.427187 0.873073
1732439028.241662502 0.659310 -0.197138 -0.038118 0.089464 0.220136 -0.414344 0.878553
1732439028.341631889 0.700334 -0.225490 -0.038722 0.086919 0.222918 -0.400997 0.884282
1732439028.441799641 0.737965 -0.249380 -0.038472 0.084056 0.224018 -0.389309 0.889488
1732439028.541674852 0.772234 -0.271141 -0.038199 0.082105 0.226004 -0.380472 0.892985
1732439028.641844988 0.801409 -0.290147 -0.037774 0.080055 0.227390 -0.373830 0.895621
1732439028.741769552 0.822991 -0.304348 -0.037652 0.078970 0.228877 -0.371161 0.896448
1732439028.841854095 0.833372 -0.313410 -0.037349 0.078906 0.229656 -0.369487 0.896946
1732439028.941533566 0.834493 -0.313644 -0.037139 0.078710 0.229454 -0.369112 0.897169
1732439029.041751146 0.828138 -0.308019 -0.037766 0.078576 0.228692 -0.369296 0.897299
1732439029.141906738 0.818192 -0.297198 -0.037724 0.078237 0.228670 -0.368029 0.897855
1732439029.241707563 0.803825 -0.283182 -0.038188 0.077707 0.228586 -0.365412 0.898991
1732439029.341666698 0.786203 -0.263713 -0.037959 0.076787 0.228763 -0.361143 0.900748
1732439029.441864491 0.763737 -0.239495 -0.039106 0.075088 0.228893 -0.355561 0.903076
1732439029.541630507 0.736779 -0.210229 -0.039065 0.073443 0.229807 -0.348728 0.905640
1732439029.641583443 0.703944 -0.176858 -0.040247 0.071495 0.230394 -0.340906 0.908620
1732439029.741731882 0.666415 -0.140008 -0.039723 0.069238 0.230378 -0.331735 0.912186
1732439029.841658115 0.626873 -0.098601 -0.038356 0.063005 0.228747 -0.322793 0.916248
1732439029.941647053 0.589421 -0.064656 -0.038932 0.061775 0.232006 -0.316816 0.917597
1732439030.041792631 0.540848 -0.034372 -0.039778 0.063941 0.230979 -0.312399 0.919221
1732439030.141632318 0.496703 0.001313 -0.041141 0.061686 0.232934 -0.309365 0.919907
1732439030.241642475 0.447261 0.033217 -0.041661 0.062117 0.231706 -0.307374 0.920856
1732439030.341739178 0.403400 0.060896 -0.042238 0.062587 0.231777 -0.306006 0.921262
1732439030.440938711 0.366095 0.084794 -0.042071 0.062735 0.231182 -0.305535 0.921557
1732439030.541414499 0.335009 0.102898 -0.042930 0.062788 0.229565 -0.307231 0.921394
1732439030.641632080 0.316169 0.113444 -0.042635 0.063307 0.229428 -0.308744 0.920886
1732439030.741619110 0.306999 0.117291 -0.042612 0.063613 0.229053 -0.309619 0.920665
1732439030.841453552 0.310968 0.115552 -0.042969 0.063791 0.230535 -0.309061 0.920470
1732439030.941834927 0.317006 0.112491 -0.043049 0.063394 0.230455 -0.307771 0.920950
1732439031.041653156 0.325995 0.109057 -0.043256 0.062756 0.230892 -0.305811 0.921537
1732439031.141539812 0.336458 0.104427 -0.042930 0.062146 0.231151 -0.303199 0.922376
1732439031.241562605 0.349831 0.098952 -0.043068 0.061078 0.231494 -0.299713 0.923500
1732439031.341687441 0.365996 0.092447 -0.042949 0.060235 0.232074 -0.295646 0.924720
1732439031.441661835 0.385587 0.084863 -0.042651 0.059013 0.232771 -0.291318 0.925996
1732439031.541763067 0.408538 0.076428 -0.042667 0.057528 0.233440 -0.285820 0.927633
1732439031.641854048 0.434660 0.067451 -0.042508 0.055607 0.233883 -0.279334 0.929612
1732439031.741486311 0.463996 0.058102 -0.041985 0.053187 0.233996 -0.272042 0.931885
1732439031.841649294 0.496669 0.048013 -0.041996 0.050921 0.234097 -0.263963 0.934307
1732439031.941779137 0.531512 0.036910 -0.041955 0.049278 0.234462 -0.255335 0.936698
1732439032.041764259 0.569088 0.023620 -0.042895 0.048718 0.236781 -0.246331 0.938553
1732439032.141801357 0.608623 0.009468 -0.043151 0.048634 0.239630 -0.237204 0.940184
1732439032.241871119 0.646557 0.000664 -0.043211 0.045466 0.239218 -0.228307 0.942647
1732439032.340974092 0.684212 -0.009556 -0.043075 0.044107 0.240416 -0.219951 0.944392
1732439032.441555738 0.721671 -0.015597 -0.043588 0.040405 0.239789 -0.212904 0.946330
1732439032.541783571 0.758129 -0.024251 -0.043698 0.038668 0.240514 -0.205047 0.947952
1732439032.641749382 0.791959 -0.030294 -0.043730 0.036671 0.241780 -0.198209 0.949163
1732439032.741096497 0.822128 -0.035444 -0.044008 0.034569 0.241680 -0.191621 0.950620
1732439032.841065168 0.851232 -0.040767 -0.044029 0.033365 0.241847 -0.185434 0.951846
1732439032.941692352 0.879791 -0.044902 -0.044341 0.031208 0.242162 -0.179708 0.952937
1732439033.041790724 0.907405 -0.048159 -0.044126 0.029232 0.242822 -0.174155 0.953862
1732439033.140984774 0.936048 -0.051079 -0.044686 0.027141 0.243792 -0.168628 0.954669
1732439033.241103172 0.964161 -0.053609 -0.044351 0.025259 0.245059 -0.163003 0.955373
1732439033.341588259 0.990437 -0.056831 -0.044165 0.024162 0.243750 -0.156027 0.956900
1732439033.441752434 1.019616 -0.062219 -0.044639 0.024370 0.241740 -0.148055 0.958670
1732439033.541084290 1.054098 -0.061645 -0.045238 0.020615 0.243347 -0.140732 0.959454
1732439033.641792059 1.088888 -0.064104 -0.045438 0.018893 0.243256 -0.131908 0.960765
1732439033.741658688 1.124365 -0.065014 -0.045404 0.016552 0.243452 -0.124158 0.961791
1732439033.841729164 1.161944 -0.065599 -0.045313 0.014408 0.242676 -0.115545 0.963094
1732439033.941857100 1.200776 -0.065714 -0.045047 0.012221 0.243278 -0.106022 0.964067
1732439034.041746855 1.243456 -0.064949 -0.046142 0.009719 0.244199 -0.096712 0.964841
1732439034.141034603 1.288208 -0.062406 -0.046075 0.007025 0.244285 -0.086681 0.965796
1732439034.241817951 1.335590 -0.059213 -0.046886 0.004275 0.243802 -0.075803 0.966849
1732439034.341911077 1.384457 -0.055362 -0.046417 0.001636 0.244679 -0.065602 0.967381
1732439034.441711187 1.435485 -0.052117 -0.047369 -0.000664 0.245381 -0.056579 0.967774
1732439034.541657209 1.489120 -0.049591 -0.047272 -0.002344 0.246036 -0.050398 0.967947
1732439034.641612530 1.541715 -0.049404 -0.047933 -0.003265 0.244994 -0.046943 0.968382
1732439034.741702795 1.595658 -0.051586 -0.047495 -0.003257 0.245336 -0.047464 0.968270
1732439034.841770649 1.647205 -0.055303 -0.047477 -0.002847 0.245032 -0.050697 0.968184
1732439034.941652775 1.697214 -0.061903 -0.047182 -0.001491 0.243852 -0.054858 0.968258
1732439035.041039467 1.746359 -0.066954 -0.047151 -0.001218 0.243526 -0.059642 0.968058
1732439035.140980005 1.794743 -0.074309 -0.046805 0.000067 0.243724 -0.064903 0.967671
1732439035.241703510 1.842917 -0.082249 -0.046429 0.001581 0.244383 -0.069596 0.967177
1732439035.341701746 1.888848 -0.090478 -0.046013 0.003092 0.243538 -0.074713 0.967005
1732439035.441735744 1.933226 -0.098094 -0.045496 0.004002 0.242317 -0.079745 0.966906
1732439035.541651487 1.977897 -0.105725 -0.045500 0.004908 0.241841 -0.083434 0.966710
1732439035.641792536 2.023668 -0.113167 -0.045858 0.005574 0.242191 -0.086502 0.966349
1732439035.741864204 2.067882 -0.120855 -0.045249 0.006295 0.240671 -0.089047 0.966493
1732439035.841947556 2.113749 -0.128350 -0.044895 0.006661 0.241071 -0.090720 0.966235
1732439035.941147327 2.161408 -0.134029 -0.045292 0.006355 0.241074 -0.091895 0.966125
1732439036.041193008 2.210259 -0.141453 -0.044972 0.006878 0.241441 -0.091816 0.966038
1732439036.140995026 2.261499 -0.147451 -0.044821 0.006791 0.242517 -0.091523 0.965797
1732439036.241688251 2.314092 -0.153023 -0.044851 0.006243 0.242487 -0.091251 0.965833
1732439036.341943741 2.367462 -0.161570 -0.044318 0.007361 0.242627 -0.090080 0.965901
1732439036.440968037 2.421349 -0.167059 -0.044195 0.006944 0.242493 -0.089808 0.965963
1732439036.541732073 2.475999 -0.174292 -0.043764 0.007141 0.243200 -0.089095 0.965849
1732439036.641660929 2.530565 -0.179330 -0.044063 0.006300 0.243276 -0.088615 0.965880
1732439036.740942955 2.584691 -0.184949 -0.043647 0.006046 0.244559 -0.087980 0.965616
1732439036.841562033 2.636486 -0.191358 -0.043543 0.006299 0.244617 -0.087054 0.965683
1732439036.940945387 2.687041 -0.196655 -0.043382 0.005884 0.244455 -0.086760 0.965754
1732439037.041740179 2.736381 -0.202304 -0.043202 0.005927 0.243094 -0.086181 0.966149
1732439037.141545773 2.785955 -0.207116 -0.043353 0.005492 0.242880 -0.086138 0.966209
1732439037.241587639 2.836284 -0.212570 -0.043558 0.005394 0.243581 -0.085789 0.966064
1732439037.341582298 2.885355 -0.218231 -0.043204 0.005463 0.242558 -0.085154 0.966377
1732439037.440960884 2.933094 -0.223710 -0.042047 0.005414 0.241014 -0.084861 0.966789
1732439037.540951490 2.983390 -0.228986 -0.041765 0.005371 0.241422 -0.083950 0.966767
1732439037.640891552 3.036021 -0.236460 -0.042229 0.006209 0.241958 -0.082403 0.966761
1732439037.740961790 3.088992 -0.241676 -0.042166 0.006284 0.242318 -0.083165 0.966605
1732439037.841791153 3.141717 -0.246859 -0.041447 0.005803 0.241641 -0.082398 0.966844
1732439037.941647053 3.194270 -0.253739 -0.040727 0.006304 0.241641 -0.082232 0.966855
1732439038.041613340 3.247354 -0.258129 -0.040323 0.005554 0.241111 -0.081744 0.967033
1732439038.140971422 3.300384 -0.263673 -0.040347 0.005376 0.240750 -0.081235 0.967167
1732439038.241622210 3.356107 -0.267394 -0.040580 0.004474 0.241242 -0.081451 0.967030
1732439038.341033459 3.410587 -0.272764 -0.040593 0.004336 0.241810 -0.081240 0.966907
1732439038.441782475 3.468346 -0.280563 -0.040378 0.005482 0.244080 -0.080771 0.966370
1732439038.541112900 3.521704 -0.284750 -0.040782 0.004814 0.242551 -0.080857 0.966751
1732439038.641041756 3.575936 -0.292835 -0.040445 0.006027 0.242292 -0.080196 0.966864
1732439038.741006613 3.631834 -0.294745 -0.041014 0.004601 0.241927 -0.080792 0.966914
1732439038.841645241 3.689571 -0.302080 -0.041397 0.004890 0.243431 -0.079544 0.966639
1732439038.941669226 3.744633 -0.306059 -0.041623 0.004227 0.244069 -0.080367 0.966413
1732439039.040992260 3.798900 -0.311224 -0.041348 0.004187 0.244167 -0.080277 0.966396
1732439039.141700268 3.850599 -0.315232 -0.040868 0.003672 0.244338 -0.080207 0.966360
1732439039.241686106 3.900638 -0.321862 -0.041275 0.004246 0.243697 -0.079780 0.966555
1732439039.341620207 3.950681 -0.328219 -0.041507 0.005216 0.245272 -0.080010 0.966133
1732439039.441687346 4.001242 -0.331633 -0.042219 0.003969 0.245510 -0.079600 0.966112
1732439039.541783810 4.050237 -0.337398 -0.041761 0.004570 0.245401 -0.079031 0.966184
1732439039.641625404 4.098461 -0.341071 -0.042096 0.004008 0.245419 -0.078912 0.966192
1732439039.741016388 4.145875 -0.345291 -0.042382 0.003644 0.245550 -0.078927 0.966159
1732439039.840959072 4.192887 -0.347958 -0.042646 0.002601 0.245849 -0.078499 0.966121
1732439039.941709757 4.236141 -0.353533 -0.042607 0.003287 0.245589 -0.078180 0.966211
1732439040.041010141 4.277868 -0.357297 -0.042456 0.003007 0.245952 -0.078163 0.966121
1732439040.141743660 4.319542 -0.361731 -0.042282 0.003206 0.245644 -0.078048 0.966208
1732439040.241028309 4.360310 -0.364538 -0.041956 0.002440 0.245326 -0.078376 0.966264
1732439040.340954304 4.401554 -0.368103 -0.041977 0.002258 0.244777 -0.077958 0.966438
1732439040.441772938 4.442750 -0.374741 -0.041760 0.003713 0.243980 -0.077202 0.966695
1732439040.541059971 4.485886 -0.377451 -0.042534 0.002744 0.242426 -0.077411 0.967073
1732439040.640982389 4.532678 -0.381617 -0.042756 0.002682 0.242788 -0.076920 0.967021
1732439040.741785526 4.582314 -0.385138 -0.042982 0.002356 0.242782 -0.074930 0.967180
1732439040.841676474 4.632883 -0.387355 -0.042617 0.001822 0.242866 -0.071410 0.967426
1732439040.941023827 4.683091 -0.387960 -0.042687 0.000893 0.243745 -0.065075 0.967653
1732439041.041675329 4.733967 -0.385637 -0.042514 -0.001006 0.243332 -0.057042 0.968264
1732439041.141629219 4.786296 -0.381640 -0.042492 -0.003079 0.243770 -0.047549 0.968662
1732439041.241792202 4.836807 -0.375178 -0.042602 -0.005877 0.243444 -0.037085 0.969188
1732439041.341271639 4.887174 -0.366940 -0.042551 -0.008695 0.244619 -0.026687 0.969213
1732439041.441907167 4.936333 -0.356343 -0.043193 -0.012596 0.244274 -0.015561 0.969500
1732439041.541811943 4.985975 -0.347452 -0.043607 -0.014475 0.244705 -0.004353 0.969480
1732439041.641002893 5.034066 -0.336508 -0.043925 -0.016876 0.244009 0.007054 0.969600
1732439041.741809607 5.084455 -0.324645 -0.043749 -0.019115 0.244751 0.018844 0.969214
1732439041.841656208 5.134307 -0.309968 -0.044364 -0.022129 0.244800 0.030237 0.968849
1732439041.940912247 5.184134 -0.295610 -0.045057 -0.024357 0.244618 0.041815 0.968411
1732439042.041759968 5.234702 -0.275892 -0.045574 -0.028233 0.244616 0.053896 0.967709
1732439042.141219378 5.284851 -0.258381 -0.045559 -0.030755 0.245064 0.066293 0.966749
1732439042.241747618 5.334658 -0.236679 -0.046773 -0.034461 0.244688 0.079206 0.965747
1732439042.341058254 5.383397 -0.215390 -0.046858 -0.037303 0.244647 0.092473 0.964471
1732439042.441029549 5.432807 -0.191730 -0.047425 -0.040518 0.243759 0.105862 0.963189
1732439042.541852951 5.481970 -0.165594 -0.047406 -0.044190 0.242840 0.120130 0.961585
1732439042.641812801 5.530869 -0.137363 -0.047860 -0.047973 0.243040 0.133841 0.959540
1732439042.741109848 5.576300 -0.108223 -0.048248 -0.051622 0.241714 0.147805 0.957634
1732439042.841064215 5.623724 -0.079294 -0.048214 -0.054388 0.242158 0.162117 0.955049
1732439042.940959692 5.668276 -0.048713 -0.048355 -0.057192 0.240744 0.176275 0.952732
1732439043.041704416 5.714196 -0.015515 -0.048404 -0.060918 0.240887 0.189951 0.949832
1732439043.141006947 5.757542 0.016767 -0.049091 -0.063789 0.239676 0.203841 0.947067
1732439043.241736650 5.799866 0.053347 -0.049649 -0.067892 0.238651 0.217229 0.944059
1732439043.341121197 5.842723 0.088962 -0.050496 -0.071105 0.239118 0.230426 0.940569
1732439043.441024542 5.884338 0.127483 -0.050978 -0.075338 0.239892 0.243321 0.936788
1732439043.541735411 5.923916 0.164641 -0.052084 -0.077477 0.238482 0.256756 0.933381
1732439043.641060114 5.961377 0.204048 -0.052888 -0.080760 0.237642 0.269420 0.929740
1732439043.741024971 5.997690 0.243531 -0.054062 -0.083982 0.236569 0.282052 0.925974
1732439043.841726542 6.032440 0.282845 -0.054869 -0.087372 0.236385 0.293281 0.922212
1732439043.941887617 6.062499 0.319900 -0.055621 -0.090543 0.234868 0.303085 0.919118
1732439044.041847706 6.092379 0.350627 -0.056038 -0.091754 0.234374 0.309331 0.917041
1732439044.140975237 6.116803 0.375886 -0.056338 -0.092677 0.233116 0.312144 0.916316
1732439044.241238117 6.140377 0.393260 -0.056740 -0.091943 0.233861 0.312412 0.916108
1732439044.341042280 6.155988 0.405194 -0.056741 -0.091443 0.233820 0.311417 0.916507
1732439044.441745043 6.163815 0.410425 -0.056580 -0.091148 0.233930 0.310600 0.916786
1732439044.541077852 6.163229 0.410172 -0.056656 -0.091180 0.233517 0.310789 0.916824
1732439044.641027927 6.158311 0.406964 -0.056701 -0.091228 0.232751 0.311650 0.916722
1732439044.740969419 6.152716 0.403363 -0.056902 -0.091645 0.232538 0.312889 0.916312
1732439044.841079235 6.145080 0.398886 -0.056591 -0.092299 0.232264 0.314662 0.915709
1732439044.941848993 6.135320 0.393016 -0.056560 -0.092956 0.232175 0.317160 0.914803
1732439045.041188240 6.123248 0.385746 -0.056534 -0.094132 0.232177 0.319782 0.913768
1732439045.141031265 6.109270 0.376932 -0.056430 -0.095029 0.232185 0.323317 0.912428
1732439045.241153002 6.092451 0.365504 -0.056219 -0.096135 0.232358 0.327464 0.910788
1732439045.341060638 6.071242 0.351751 -0.056235 -0.097694 0.232103 0.332022 0.909035
1732439045.441827774 6.046760 0.334560 -0.056350 -0.099199 0.231649 0.337347 0.907026
1732439045.541121721 6.021005 0.314282 -0.056166 -0.100725 0.231798 0.343156 0.904637
1732439045.641022444 5.992292 0.291575 -0.055833 -0.102386 0.231049 0.349037 0.902389
1732439045.741819143 5.962294 0.265954 -0.054906 -0.103264 0.230776 0.355242 0.899934
1732439045.840998411 5.931138 0.238839 -0.054390 -0.104294 0.230656 0.361571 0.897322
1732439045.941097498 5.898860 0.210836 -0.053887 -0.105998 0.230166 0.368063 0.894605
1732439046.040988922 5.864623 0.180897 -0.053663 -0.108050 0.229068 0.374472 0.891977
1732439046.141098976 5.829029 0.148860 -0.052928 -0.109939 0.227828 0.381192 0.889213
1732439046.241961002 5.792996 0.114565 -0.051950 -0.111599 0.226531 0.388482 0.886178
1732439046.341054440 5.757921 0.079485 -0.050925 -0.113135 0.225298 0.395527 0.883176
1732439046.441125393 5.722216 0.044497 -0.049880 -0.115184 0.224247 0.403239 0.879684
1732439046.541067362 5.687490 0.008692 -0.049027 -0.116949 0.223121 0.411373 0.875964
1732439046.641891479 5.651936 -0.027625 -0.048050 -0.119069 0.221795 0.420494 0.871674
1732439046.741151333 5.619446 -0.062195 -0.047880 -0.121657 0.221334 0.428353 0.867597
1732439046.841105223 5.587799 -0.098205 -0.047331 -0.123092 0.219724 0.436395 0.863788
1732439046.941061735 5.557014 -0.133246 -0.046474 -0.124990 0.218333 0.443949 0.860010
1732439047.041237831 5.529583 -0.165935 -0.045969 -0.127010 0.217577 0.451375 0.856031
1732439047.141100407 5.504679 -0.196086 -0.045433 -0.128924 0.216798 0.457173 0.852860
1732439047.241875172 5.484813 -0.224353 -0.044892 -0.129259 0.215804 0.462115 0.850394
1732439047.341167927 5.469220 -0.248069 -0.044494 -0.129712 0.215253 0.464261 0.849295
1732439047.441072464 5.457309 -0.267897 -0.043906 -0.129561 0.214866 0.465894 0.848522
1732439047.541868687 5.449298 -0.282154 -0.043457 -0.129849 0.214987 0.466394 0.848173
1732439047.641186476 5.444575 -0.289504 -0.043309 -0.130228 0.214854 0.466624 0.848022
1732439047.741084099 5.444824 -0.290218 -0.043360 -0.130145 0.214854 0.466688 0.847999
1732439047.841813564 5.446845 -0.285913 -0.043372 -0.130567 0.215491 0.466664 0.847786
1732439047.941180229 5.448627 -0.282388 -0.043846 -0.130480 0.215392 0.467058 0.847607
1732439048.040995598 5.451074 -0.277314 -0.043607 -0.130104 0.215108 0.467519 0.847483
1732439048.141788721 5.454732 -0.269487 -0.043854 -0.130300 0.215135 0.468451 0.846931
1732439048.241117716 5.458859 -0.258623 -0.043796 -0.130690 0.214719 0.469907 0.846169
1732439048.341051102 5.464109 -0.243713 -0.044338 -0.131247 0.214420 0.472787 0.844554
1732439048.441188097 5.470231 -0.223822 -0.044534 -0.132408 0.213695 0.476586 0.842418
1732439048.541215658 5.477541 -0.200001 -0.045145 -0.133555 0.213058 0.481423 0.839643
1732439048.641805649 5.487080 -0.171228 -0.045883 -0.134749 0.212570 0.487315 0.836171
1732439048.741108894 5.497078 -0.137576 -0.046494 -0.136032 0.211585 0.494006 0.832277
1732439048.841855049 5.507735 -0.099105 -0.047109 -0.137855 0.210208 0.501377 0.827907
1732439048.941165686 5.517981 -0.057430 -0.047724 -0.139413 0.208662 0.509129 0.823293
1732439049.041108131 5.530725 -0.011143 -0.048502 -0.141632 0.208577 0.516743 0.818176
1732439049.141798735 5.541722 0.038767 -0.049503 -0.143515 0.207179 0.524913 0.812986
1732439049.241165400 5.555591 0.089938 -0.050183 -0.145100 0.207199 0.533151 0.807320
1732439049.341103315 5.565339 0.143643 -0.051275 -0.147312 0.205723 0.541662 0.801611
1732439049.441874743 5.576257 0.197693 -0.051838 -0.149195 0.204933 0.550229 0.795607
1732439049.541157007 5.583133 0.250306 -0.052341 -0.151592 0.202559 0.558187 0.790201
1732439049.641090631 5.589357 0.302184 -0.053159 -0.153930 0.201278 0.566132 0.784402
1732439049.741266489 5.595550 0.352426 -0.053720 -0.155161 0.199594 0.573841 0.778970
1732439049.841138601 5.601074 0.401113 -0.054442 -0.156029 0.198038 0.581587 0.773429
1732439049.941356182 5.604710 0.450071 -0.054753 -0.158007 0.196874 0.588707 0.767918
1732439050.041217566 5.608977 0.496745 -0.054598 -0.159063 0.195967 0.595650 0.762560
1732439050.141991377 5.610474 0.543018 -0.055173 -0.159842 0.193893 0.603090 0.757059
1732439050.241953850 5.609882 0.587430 -0.055454 -0.160886 0.191455 0.610856 0.751209
1732439050.341228485 5.609684 0.629890 -0.055368 -0.162097 0.190094 0.618968 0.744626
1732439050.441199541 5.605716 0.671495 -0.055643 -0.164140 0.187550 0.626660 0.738363
1732439050.541152954 5.600509 0.712703 -0.056441 -0.166412 0.184630 0.634232 0.732099
1732439050.641128302 5.597389 0.752895 -0.056384 -0.167683 0.183512 0.641300 0.725907
1732439050.741105556 5.591843 0.791835 -0.056520 -0.168549 0.180596 0.648584 0.719941
1732439050.841158390 5.587467 0.830650 -0.056426 -0.169643 0.179409 0.655649 0.713553
1732439050.941160679 5.580416 0.868315 -0.056227 -0.170868 0.177073 0.663305 0.706736
1732439051.041909456 5.572861 0.907201 -0.056589 -0.172960 0.175602 0.670499 0.699771
1732439051.141139269 5.563684 0.944484 -0.056823 -0.175282 0.173964 0.677792 0.692539
1732439051.241113901 5.553860 0.980800 -0.057128 -0.176745 0.171802 0.685787 0.684793
1732439051.341259241 5.543339 1.016946 -0.057324 -0.178432 0.169611 0.693909 0.676672
1732439051.441157818 5.533427 1.051529 -0.056618 -0.179500 0.168084 0.701614 0.668779
1732439051.541961432 5.521865 1.085319 -0.056784 -0.181019 0.166274 0.708557 0.661462
1732439051.641212940 5.507505 1.118865 -0.057454 -0.183826 0.163972 0.715180 0.654094
1732439051.741168022 5.495388 1.152996 -0.057637 -0.185820 0.162893 0.722226 0.646008
1732439051.842032194 5.480421 1.187156 -0.058157 -0.187488 0.160297 0.729443 0.638017
1732439051.941362619 5.465301 1.221310 -0.058489 -0.189505 0.158427 0.736233 0.630039
1732439052.041148186 5.448251 1.256514 -0.059051 -0.191647 0.156584 0.743146 0.621681
1732439052.141238213 5.429848 1.290720 -0.059073 -0.193496 0.154114 0.750119 0.613294
1732439052.241173506 5.412700 1.325046 -0.058951 -0.194742 0.151832 0.757640 0.604156
1732439052.341150284 5.394409 1.360239 -0.058973 -0.196254 0.150352 0.764777 0.594975
1732439052.441137791 5.373653 1.394897 -0.059244 -0.197982 0.147662 0.771866 0.585851
1732439052.541235924 5.351090 1.429763 -0.059431 -0.199970 0.145066 0.778623 0.576815
1732439052.642008305 5.327077 1.463432 -0.060226 -0.202046 0.141899 0.785790 0.567076
1732439052.741251945 5.302946 1.497034 -0.060332 -0.203931 0.139292 0.792608 0.557479
1732439052.842027664 5.277893 1.529251 -0.060499 -0.205947 0.136266 0.799213 0.547975
1732439052.941995859 5.254330 1.561014 -0.060761 -0.207034 0.133943 0.806409 0.537495
1732439053.041334629 5.230166 1.591069 -0.060870 -0.208180 0.131335 0.813045 0.527609
1732439053.141988039 5.206089 1.620470 -0.060911 -0.208865 0.128914 0.819455 0.517928
1732439053.241270065 5.180460 1.647472 -0.060579 -0.210383 0.125589 0.825414 0.508585
1732439053.341148376 5.155024 1.674877 -0.060490 -0.211558 0.123060 0.831295 0.499047
1732439053.441988468 5.129003 1.702354 -0.060265 -0.212564 0.120979 0.836930 0.489621
1732439053.541245937 5.102185 1.728161 -0.060088 -0.213778 0.118591 0.842546 0.479949
1732439053.642035723 5.073873 1.754121 -0.059632 -0.215056 0.116178 0.848109 0.470069
1732439053.741290331 5.044934 1.778568 -0.059933 -0.216471 0.112984 0.853240 0.460822
1732439053.841204405 5.015165 1.803167 -0.059648 -0.218044 0.110471 0.858530 0.450753
1732439053.941302299 4.986630 1.826620 -0.059821 -0.218229 0.107947 0.864137 0.440444
1732439054.041251183 4.955681 1.849707 -0.060070 -0.219182 0.104801 0.869417 0.430220
1732439054.141359568 4.924620 1.872864 -0.059858 -0.220086 0.102137 0.874489 0.419999
1732439054.241179228 4.892051 1.893615 -0.060030 -0.221110 0.098488 0.879670 0.409378
1732439054.342075586 4.859580 1.915123 -0.059751 -0.222036 0.095408 0.884549 0.398962
1732439054.442022085 4.825496 1.934699 -0.059461 -0.223065 0.092011 0.889081 0.388986
1732439054.541307926 4.792849 1.953701 -0.059010 -0.223478 0.089044 0.893892 0.378266
1732439054.641264915 4.757968 1.972861 -0.058755 -0.224958 0.086266 0.898382 0.367235
1732439054.741167545 4.723305 1.991474 -0.058852 -0.225593 0.083903 0.902867 0.356229
1732439054.841259718 4.686357 2.008410 -0.059204 -0.226702 0.080482 0.907342 0.344759
1732439054.941353798 4.646984 2.025199 -0.059696 -0.228777 0.076563 0.911432 0.333303
1732439055.041332960 4.608100 2.042220 -0.059778 -0.229676 0.073570 0.915929 0.320796
1732439055.141121626 4.568784 2.057320 -0.060398 -0.231054 0.070073 0.919899 0.309014
1732439055.241171122 4.529794 2.071274 -0.060386 -0.232986 0.067251 0.923468 0.297323
1732439055.341199636 4.492742 2.082987 -0.060911 -0.234009 0.063865 0.927008 0.286037
1732439055.441225767 4.456034 2.095040 -0.060753 -0.236402 0.061668 0.929636 0.275842
1732439055.541290283 4.421784 2.105915 -0.061095 -0.235866 0.059293 0.932979 0.265335
1732439055.641210318 4.385816 2.115351 -0.060611 -0.237687 0.056682 0.935554 0.255010
1732439055.741379023 4.349535 2.124061 -0.061050 -0.238734 0.053722 0.938519 0.243521
1732439055.841300249 4.313316 2.132092 -0.060742 -0.239474 0.051239 0.941101 0.233144
1732439055.941252708 4.276905 2.139997 -0.060593 -0.240587 0.049132 0.943471 0.222634
1732439056.041331768 4.240423 2.145761 -0.060581 -0.241635 0.045914 0.945764 0.212213
1732439056.141247272 4.205659 2.149408 -0.060660 -0.242301 0.042354 0.947971 0.202106
1732439056.242055893 4.171101 2.154920 -0.060707 -0.242505 0.040135 0.949795 0.193572
1732439056.341362953 4.137615 2.162500 -0.060897 -0.242482 0.038717 0.951004 0.187869
1732439056.441267490 4.104771 2.171616 -0.061238 -0.241905 0.037914 0.951722 0.185120
1732439056.542024851 4.071840 2.181634 -0.060983 -0.241369 0.037362 0.952024 0.184381
1732439056.641958475 4.038753 2.192477 -0.060495 -0.241101 0.037111 0.952158 0.184087
1732439056.741273165 4.006758 2.203450 -0.060324 -0.240501 0.037090 0.952311 0.184086
1732439056.842056274 3.971700 2.214771 -0.060659 -0.240398 0.036694 0.952407 0.183804
1732439056.941317558 3.935844 2.227730 -0.061106 -0.240123 0.037277 0.952688 0.182584
1732439057.041158676 3.896919 2.237553 -0.061003 -0.240486 0.036463 0.953285 0.179124
1732439057.141371489 3.855644 2.246599 -0.061384 -0.241515 0.035531 0.954395 0.171868
1732439057.241370678 3.812187 2.250878 -0.061536 -0.242052 0.032780 0.955966 0.162680
1732439057.341431141 3.766022 2.253859 -0.062384 -0.242767 0.029702 0.957926 0.150197
1732439057.441306353 3.721275 2.255415 -0.062182 -0.243076 0.026813 0.959832 0.137541
1732439057.541195869 3.675247 2.254857 -0.062198 -0.243852 0.023298 0.961593 0.123821
1732439057.641372681 3.630263 2.253685 -0.061628 -0.244144 0.020287 0.963136 0.111137
1732439057.741339922 3.586230 2.250686 -0.061797 -0.244057 0.016743 0.964655 0.097963
1732439057.842083693 3.543517 2.246573 -0.061453 -0.244232 0.013253 0.965845 0.085544
1732439057.941306829 3.504499 2.242131 -0.061740 -0.243555 0.010217 0.967036 0.073611
1732439058.041198015 3.466727 2.237736 -0.061236 -0.243721 0.007961 0.967847 0.061708
1732439058.141419888 3.431008 2.232949 -0.061712 -0.242930 0.005959 0.968701 0.050679
1732439058.241449833 3.394855 2.226488 -0.061391 -0.243169 0.003539 0.969180 0.039326
1732439058.341169357 3.358839 2.219386 -0.061844 -0.243339 0.000938 0.969511 0.028879
1732439058.441378355 3.323475 2.211876 -0.062336 -0.243875 -0.001546 0.969628 0.018537
1732439058.542176723 3.288023 2.203791 -0.062468 -0.243930 -0.003958 0.969759 0.007075
1732439058.641185522 3.253435 2.194251 -0.062636 -0.244378 -0.006630 0.969651 -0.003462
1732439058.741430998 3.218294 2.184041 -0.063076 -0.244855 -0.009326 0.969411 -0.014165
1732439058.841457605 3.184091 2.172120 -0.062770 -0.244762 -0.012510 0.969185 -0.024788
1732439058.941474676 3.148262 2.161897 -0.063392 -0.245861 -0.014353 0.968570 -0.034902
1732439059.041484594 3.114281 2.149865 -0.063059 -0.245161 -0.016538 0.968240 -0.046187
1732439059.141396523 3.078968 2.136500 -0.063542 -0.245241 -0.019191 0.967613 -0.056680
1732439059.241349697 3.045509 2.121174 -0.063357 -0.245091 -0.022290 0.966880 -0.067646
1732439059.341137648 3.011579 2.106043 -0.063702 -0.245103 -0.024865 0.965991 -0.078531
1732439059.441165924 2.976489 2.089839 -0.063649 -0.245457 -0.027237 0.964871 -0.089633
1732439059.541561604 2.942090 2.072643 -0.063666 -0.245485 -0.029907 0.963693 -0.100686
1732439059.641379595 2.909053 2.054401 -0.063743 -0.244865 -0.033180 0.962635 -0.110790
1732439059.741316795 2.874936 2.039672 -0.063751 -0.244391 -0.034258 0.961811 -0.118400
1732439059.842211962 2.840124 2.025457 -0.063731 -0.243602 -0.035030 0.961461 -0.122573
1732439059.941296339 2.805785 2.013714 -0.063739 -0.242697 -0.034945 0.961378 -0.125016
1732439060.041394949 2.769191 2.002018 -0.063772 -0.242726 -0.034838 0.961321 -0.125426
1732439060.141372681 2.733201 1.989782 -0.063565 -0.242135 -0.034822 0.961431 -0.125730
1732439060.241441250 2.695714 1.979024 -0.063608 -0.241619 -0.034263 0.961599 -0.125591
1732439060.341358185 2.656803 1.966930 -0.063710 -0.241028 -0.034104 0.961703 -0.125973
1732439060.441280127 2.616362 1.954160 -0.063651 -0.240887 -0.034184 0.961766 -0.125742
1732439060.541429520 2.574815 1.940952 -0.063438 -0.240752 -0.033856 0.961807 -0.125778
1732439060.641366482 2.531252 1.927655 -0.063333 -0.241652 -0.033600 0.961619 -0.125559
1732439060.741371632 2.488701 1.912314 -0.063411 -0.241204 -0.034469 0.961736 -0.125286
1732439060.842191696 2.443378 1.899658 -0.063351 -0.240930 -0.033768 0.961718 -0.126137
1732439060.941222191 2.398218 1.885514 -0.063123 -0.241017 -0.033600 0.961933 -0.124363
1732439061.041430950 2.350782 1.873480 -0.062751 -0.241031 -0.032461 0.962225 -0.122367
1732439061.141370058 2.302906 1.861447 -0.062805 -0.240851 -0.031654 0.962788 -0.118441
1732439061.241332531 2.253161 1.849735 -0.063079 -0.240728 -0.030824 0.963397 -0.113869
1732439061.341243029 2.199766 1.837563 -0.063361 -0.242006 -0.029889 0.963794 -0.107897
1732439061.441210270 2.146734 1.827400 -0.063098 -0.242426 -0.028485 0.964326 -0.102440
1732439061.541419029 2.093803 1.817084 -0.063065 -0.242179 -0.027707 0.965019 -0.096541
1732439061.641360044 2.039960 1.807808 -0.063152 -0.242173 -0.026204 0.965569 -0.091332
1732439061.741584778 1.985599 1.799861 -0.062877 -0.241972 -0.024533 0.966191 -0.085578
1732439061.841181755 1.930994 1.790873 -0.062498 -0.241898 -0.023797 0.966709 -0.079953
1732439061.941486835 1.876160 1.783631 -0.062505 -0.241245 -0.022158 0.967290 -0.075231
1732439062.041472197 1.820157 1.775725 -0.062263 -0.241802 -0.020974 0.967489 -0.071120
1732439062.141447544 1.762887 1.767283 -0.062206 -0.242300 -0.020173 0.967659 -0.067225
1732439062.241343737 1.706294 1.758921 -0.062214 -0.241950 -0.019360 0.968082 -0.062466
1732439062.341228008 1.647116 1.751801 -0.061909 -0.244426 -0.018758 0.967687 -0.059048
1732439062.441392422 1.592951 1.745289 -0.061728 -0.241276 -0.017850 0.968743 -0.054806
1732439062.542176962 1.537211 1.739460 -0.062083 -0.241870 -0.016866 0.968827 -0.050876
1732439062.641183853 1.483349 1.731954 -0.061650 -0.241827 -0.016703 0.968971 -0.048324
1732439062.741402864 1.428882 1.724447 -0.061758 -0.241682 -0.016577 0.969081 -0.046876
1732439062.841292620 1.374293 1.716375 -0.061356 -0.242619 -0.016610 0.968845 -0.046893
1732439062.941447735 1.322435 1.705756 -0.061649 -0.242088 -0.017835 0.968878 -0.048486
1732439063.041423321 1.271976 1.695015 -0.061408 -0.241828 -0.018706 0.968706 -0.052707
1732439063.141239882 1.223940 1.682146 -0.061079 -0.240868 -0.020031 0.968535 -0.059344
1732439063.241431236 1.176996 1.668346 -0.060724 -0.240429 -0.021620 0.968090 -0.067289
1732439063.341387749 1.131009 1.651327 -0.060461 -0.240386 -0.024088 0.967409 -0.075860
1732439063.441362619 1.087116 1.635075 -0.060873 -0.239965 -0.025717 0.966580 -0.086482
1732439063.541376114 1.045080 1.616859 -0.060400 -0.240462 -0.028039 0.965401 -0.096915
1732439063.641376972 1.009303 1.597374 -0.059789 -0.239979 -0.031590 0.964151 -0.108741
1732439063.741472244 0.975068 1.579511 -0.059177 -0.240239 -0.033994 0.962746 -0.119372
1732439063.841276169 0.944016 1.560512 -0.059100 -0.240253 -0.037114 0.961337 -0.129352
1732439063.941561699 0.915162 1.544472 -0.058731 -0.239889 -0.038729 0.960011 -0.139043
1732439064.041388273 0.890063 1.527541 -0.058407 -0.239437 -0.041301 0.958727 -0.147670
1732439064.141377687 0.866193 1.511832 -0.058453 -0.239100 -0.043266 0.957387 -0.156105
1732439064.241413832 0.843253 1.495793 -0.058190 -0.238602 -0.045416 0.956070 -0.164123
1732439064.341243505 0.821080 1.480040 -0.058059 -0.237791 -0.047352 0.954764 -0.172159
1732439064.441244602 0.799875 1.463959 -0.057646 -0.236566 -0.049356 0.953480 -0.180210
1732439064.541488886 0.777583 1.447294 -0.057655 -0.236300 -0.050971 0.951931 -0.188127
1732439064.641387701 0.755633 1.429743 -0.057419 -0.235553 -0.053256 0.950474 -0.195649
1732439064.741497040 0.733605 1.412023 -0.056964 -0.234717 -0.055143 0.948805 -0.204052
1732439064.841428280 0.709892 1.392402 -0.057006 -0.234272 -0.057343 0.946911 -0.212575
1732439064.941260099 0.684302 1.370646 -0.056931 -0.233575 -0.059172 0.944702 -0.222441
1732439065.041459799 0.656622 1.346383 -0.056537 -0.232634 -0.061286 0.942185 -0.233266
1732439065.141378880 0.627466 1.318266 -0.056081 -0.232246 -0.064143 0.939227 -0.244539
1732439065.241538763 0.596705 1.287938 -0.056035 -0.231495 -0.067071 0.935969 -0.256659
1732439065.341439009 0.565401 1.254640 -0.055906 -0.230596 -0.069643 0.932387 -0.269501
1732439065.441362381 0.532550 1.217414 -0.055960 -0.229455 -0.073124 0.928151 -0.283793
1732439065.541491032 0.497956 1.177343 -0.055868 -0.228910 -0.076574 0.923562 -0.297943
1732439065.641315460 0.464127 1.134551 -0.055565 -0.228311 -0.080526 0.918484 -0.312692
1732439065.741529942 0.430713 1.091615 -0.054965 -0.225820 -0.082983 0.913387 -0.328394
1732439065.841442108 0.399298 1.044332 -0.054841 -0.225061 -0.087725 0.907620 -0.343333
1732439065.941598892 0.369433 0.996190 -0.054609 -0.223710 -0.091902 0.901602 -0.358639
1732439066.041477680 0.341446 0.949626 -0.053950 -0.222677 -0.095686 0.895615 -0.373006
1732439066.141598463 0.316423 0.904026 -0.053709 -0.221344 -0.099305 0.889449 -0.387332
1732439066.241499186 0.293453 0.859611 -0.053761 -0.220273 -0.102579 0.883258 -0.401013
1732439066.341435194 0.273850 0.816706 -0.053544 -0.217718 -0.105087 0.877190 -0.414841
1732439066.441445351 0.256150 0.775176 -0.052790 -0.215989 -0.108202 0.871091 -0.427599
1732439066.541285515 0.240210 0.735245 -0.052743 -0.214338 -0.110525 0.865402 -0.439230
1732439066.641418219 0.224761 0.697369 -0.051646 -0.212377 -0.112046 0.859786 -0.450678
1732439066.741745472 0.213984 0.657618 -0.052003 -0.209568 -0.115725 0.854392 -0.461198
1732439066.841679573 0.200776 0.620174 -0.051307 -0.208128 -0.116746 0.849105 -0.471248
1732439066.941529274 0.191059 0.580093 -0.050906 -0.206106 -0.120512 0.843291 -0.481516
1732439067.041690826 0.180025 0.541246 -0.050315 -0.203844 -0.121879 0.837123 -0.492766
1732439067.141635180 0.170382 0.499546 -0.049439 0.202652 0.124393 -0.830484 0.503741
1732439067.241379499 0.160933 0.457509 -0.048669 0.201044 0.126323 -0.823870 0.514648
1732439067.341342688 0.154795 0.413480 -0.047846 0.198633 0.129441 -0.816750 0.526031
1732439067.441402197 0.149806 0.369781 -0.046825 0.195641 0.132068 -0.809776 0.537165
1732439067.541456938 0.146374 0.325299 -0.045339 0.193381 0.136117 -0.803030 0.547009
1732439067.641408443 0.142706 0.285274 -0.044634 0.190420 0.137488 -0.795094 0.559163
1732439067.741518497 0.139559 0.245093 -0.044558 0.190048 0.140704 -0.788329 0.567997
1732439067.841496229 0.138479 0.208848 -0.044371 0.187408 0.142373 -0.781529 0.577772
1732439067.941658258 0.139174 0.174195 -0.043923 0.185707 0.145087 -0.775639 0.585531
1732439068.041288376 0.138413 0.143640 -0.043170 0.185056 0.146986 -0.770538 0.591963
1732439068.141074181 0.134950 0.118406 -0.043024 0.185559 0.147752 -0.767491 0.595563
1732439068.241361856 0.132422 0.099533 -0.042834 0.185593 0.148354 -0.766168 0.597104
1732439068.341403961 0.130583 0.089599 -0.042633 0.185382 0.148421 -0.765512 0.597993
1732439068.441367626 0.130937 0.088853 -0.042402 0.185443 0.148712 -0.765418 0.598022
1732439068.541477680 0.131429 0.094388 -0.042162 0.184659 0.147808 -0.765722 0.598101
1732439068.641550541 0.132855 0.099415 -0.042257 0.184563 0.148253 -0.765327 0.598525
1732439068.741435289 0.134819 0.106548 -0.042651 0.184751 0.148749 -0.764678 0.599173
1732439068.841657639 0.138358 0.117711 -0.043025 0.184548 0.149595 -0.763438 0.600604
1732439068.941578150 0.144516 0.134482 -0.043644 0.183297 0.150043 -0.762027 0.602664
1732439069.041332006 0.153587 0.158932 -0.044258 0.181512 0.151201 -0.759584 0.605990
1732439069.141419411 0.163018 0.189363 -0.044638 0.180940 0.152460 -0.755673 0.610716
1732439069.241360903 0.173922 0.227626 -0.045140 0.179455 0.153401 -0.751207 0.616402
1732439069.341379642 0.185084 0.272423 -0.045507 0.178401 0.154748 -0.745639 0.623096
1732439069.441582680 0.197892 0.322891 -0.045486 0.176611 0.156624 -0.739712 0.630162
1732439069.541543007 0.209693 0.377427 -0.046385 0.176570 0.159462 -0.732748 0.637554
1732439069.641389847 0.222549 0.438866 -0.047982 0.173733 0.161540 -0.726514 0.644902
1732439069.741566658 0.232803 0.506946 -0.048967 0.172395 0.163505 -0.719094 0.653032
1732439069.841349125 0.242286 0.576237 -0.050832 0.172360 0.167092 -0.710401 0.661591
1732439069.941545248 0.251771 0.650539 -0.051553 0.169518 0.168840 -0.703744 0.668956
1732439070.041386366 0.258573 0.725003 -0.052408 0.168543 0.172025 -0.695322 0.677147
1732439070.141404152 0.261925 0.801987 -0.052728 0.166763 0.173194 -0.688564 0.684159
1732439070.241291046 0.263943 0.878986 -0.053524 0.165246 0.174384 -0.682355 0.690416
1732439070.341404200 0.264056 0.952040 -0.053781 0.164047 0.176380 -0.675417 0.696986
1732439070.441600323 0.264807 1.023549 -0.054159 0.160465 0.176744 -0.668974 0.703908
1732439070.541574478 0.261395 1.087980 -0.054540 0.161708 0.180252 -0.662675 0.708676
1732439070.641439438 0.258152 1.149778 -0.055328 0.159955 0.181199 -0.656941 0.714150
1732439070.741619110 0.254094 1.206461 -0.055918 0.157585 0.181931 -0.652548 0.718505
1732439070.841583729 0.250434 1.254732 -0.055884 0.156827 0.184043 -0.649621 0.720782
1732439070.941468239 0.244053 1.294331 -0.056018 0.157692 0.184715 -0.647567 0.722267
1732439071.041374445 0.238641 1.327844 -0.055866 0.157231 0.184386 -0.646498 0.723409
1732439071.141660213 0.235329 1.351861 -0.055809 0.157167 0.184652 -0.645663 0.724101
1732439071.241448402 0.231936 1.367344 -0.055933 0.157065 0.184378 -0.645271 0.724542
1732439071.341567278 0.230893 1.373428 -0.055690 0.157782 0.185031 -0.644946 0.724509
1732439071.441494465 0.231051 1.373139 -0.055682 0.157590 0.184877 -0.645024 0.724520
1732439071.541710615 0.231933 1.369721 -0.055631 0.157777 0.185419 -0.644807 0.724535
1732439071.641098499 0.231806 1.368558 -0.055719 0.157539 0.185065 -0.644906 0.724588
1732439071.741451979 0.232697 1.365873 -0.055882 0.157832 0.185595 -0.644705 0.724568
1732439071.841706276 0.233521 1.361955 -0.055793 0.157606 0.185493 -0.644379 0.724933
1732439071.941707611 0.235186 1.355048 -0.055695 0.157382 0.185703 -0.643936 0.725322
1732439072.041653395 0.237873 1.345254 -0.055470 0.157081 0.185882 -0.642887 0.726272
1732439072.141361713 0.242146 1.331292 -0.055497 0.156472 0.186099 -0.641054 0.727965
1732439072.241039276 0.248534 1.311972 -0.055354 0.155750 0.186264 -0.638196 0.730584
1732439072.341645002 0.257376 1.287458 -0.055578 0.154384 0.186874 -0.634778 0.733690
1732439072.441635609 0.267904 1.257700 -0.055389 0.152964 0.187274 -0.630340 0.737700
1732439072.541440010 0.280716 1.222006 -0.055464 0.151179 0.187693 -0.625070 0.742431
1732439072.641426325 0.296551 1.180400 -0.055260 0.150024 0.189217 -0.619214 0.747171
1732439072.741606951 0.314429 1.134730 -0.054606 0.148044 0.190099 -0.611901 0.753341
1732439072.840914965 0.334570 1.085315 -0.054174 0.146740 0.191216 -0.604474 0.759286
1732439072.941590309 0.358389 1.031440 -0.053866 0.145363 0.194003 -0.596313 0.765273
1732439073.041491508 0.382764 0.979364 -0.053287 0.142938 0.194730 -0.588833 0.771314
1732439073.141380787 0.408519 0.929618 -0.052944 0.140102 0.196528 -0.581110 0.777212
1732439073.241534472 0.432181 0.881644 -0.052639 0.138693 0.197971 -0.574632 0.781902
1732439073.341711283 0.456632 0.837483 -0.052765 0.136131 0.199218 -0.568657 0.786390
1732439073.441359043 0.478481 0.796591 -0.052061 0.134269 0.200097 -0.563091 0.790482
1732439073.541563988 0.499574 0.758135 -0.052201 0.132846 0.201388 -0.558032 0.793974
1732439073.641461849 0.520407 0.724697 -0.051040 0.130533 0.202684 -0.553470 0.797215
1732439073.741650343 0.536000 0.696106 -0.051065 0.130426 0.203975 -0.548946 0.800026
1732439073.841492891 0.548726 0.675534 -0.050818 0.129374 0.204822 -0.545066 0.802629
1732439073.941469431 0.556311 0.664306 -0.050709 0.127972 0.204472 -0.543017 0.804330
1732439074.041389465 0.560044 0.658386 -0.050695 0.127889 0.205125 -0.541668 0.805086
1732439074.141627789 0.558700 0.659763 -0.050682 0.127600 0.204177 -0.542046 0.805119
1732439074.241402864 0.557366 0.662446 -0.050828 0.127144 0.203292 -0.542246 0.805280
1732439074.341284275 0.558346 0.661300 -0.050891 0.127260 0.203699 -0.542178 0.805205
1732439074.441468477 0.559719 0.659792 -0.050769 0.127027 0.203563 -0.541863 0.805488
1732439074.541873932 0.561643 0.657187 -0.051020 0.126194 0.203146 -0.541153 0.806201
1732439074.641463995 0.565153 0.652251 -0.051105 0.126221 0.203124 -0.540004 0.806972
1732439074.741666079 0.571308 0.643979 -0.051064 0.125079 0.203031 -0.538285 0.808321
1732439074.841517210 0.580038 0.630377 -0.050650 0.124618 0.202784 -0.535339 0.810408
1732439074.941469908 0.593072 0.612493 -0.050589 0.123139 0.203266 -0.531609 0.812965
1732439075.041353464 0.610074 0.589468 -0.050017 0.121800 0.203840 -0.526762 0.816171
1732439075.140980482 0.632167 0.563056 -0.049642 0.119091 0.205336 -0.520891 0.819955
1732439075.241414309 0.658570 0.531886 -0.048973 0.116450 0.207119 -0.513606 0.824470
1732439075.341648102 0.685423 0.495528 -0.048852 0.114963 0.206046 -0.504580 0.830499
1732439075.441507816 0.723619 0.453960 -0.049061 0.112783 0.209878 -0.494404 0.835940
1732439075.541465044 0.763162 0.409910 -0.048692 0.110356 0.212048 -0.481791 0.843051
1732439075.641635895 0.809610 0.366403 -0.047947 0.106145 0.214535 -0.467832 0.850789
1732439075.741552353 0.860368 0.322890 -0.048151 0.101730 0.216671 -0.452230 0.859181
1732439075.841076851 0.914587 0.279356 -0.047464 0.097737 0.220086 -0.434752 0.867756
1732439075.941131592 0.970159 0.240302 -0.047316 0.092565 0.222327 -0.417703 0.876086
1732439076.041898727 1.023144 0.203847 -0.046745 0.088089 0.222337 -0.399735 0.884883
1732439076.141698599 1.079963 0.169021 -0.046824 0.083466 0.224206 -0.381588 0.892836
1732439076.241126537 1.137901 0.137886 -0.047142 0.078248 0.226377 -0.364671 0.899803
1732439076.341068983 1.195000 0.105144 -0.046378 0.075152 0.227600 -0.348191 0.906264
1732439076.441131115 1.254469 0.075714 -0.046693 0.070391 0.229047 -0.332937 0.911995
1732439076.541591406 1.315613 0.047926 -0.046128 0.066214 0.230821 -0.317717 0.917275
1732439076.641580582 1.373878 0.023351 -0.045732 0.061681 0.230428 -0.303298 0.922555
1732439076.741173983 1.434193 -0.003717 -0.046466 0.059461 0.235588 -0.289509 0.925822
1732439076.841443300 1.490302 -0.024496 -0.046153 0.055356 0.234407 -0.276532 0.930333
1732439076.941508532 1.545021 -0.044616 -0.046328 0.052443 0.235836 -0.266322 0.933115
1732439077.041061401 1.594939 -0.064087 -0.045082 0.050499 0.235889 -0.255638 0.936192
1732439077.141485214 1.644108 -0.079683 -0.045312 0.047585 0.236131 -0.246304 0.938782
1732439077.241181850 1.691509 -0.095170 -0.044798 0.045823 0.236223 -0.236736 0.941305
1732439077.341484308 1.740401 -0.107464 -0.044795 0.042300 0.236617 -0.228236 0.943468
1732439077.441413641 1.786767 -0.121030 -0.044166 0.040277 0.236400 -0.218624 0.945884
1732439077.541538477 1.835931 -0.133093 -0.043959 0.037707 0.236545 -0.209502 0.948015
1732439077.641483784 1.886610 -0.145053 -0.043744 0.035398 0.237067 -0.200103 0.950003
1732439077.741669178 1.938677 -0.154566 -0.043735 0.032156 0.237884 -0.190911 0.951804
1732439077.841488123 1.989472 -0.164764 -0.043522 0.030153 0.237992 -0.181108 0.953756
1732439077.941521883 2.042025 -0.175260 -0.042626 0.028113 0.238856 -0.170743 0.955512
1732439078.041068554 2.095650 -0.181794 -0.042456 0.025591 0.238114 -0.161097 0.957442
1732439078.141684532 2.153212 -0.189607 -0.043090 0.022404 0.239785 -0.152233 0.958554
1732439078.241529465 2.211399 -0.198269 -0.043112 0.019985 0.240812 -0.147289 0.959122
1732439078.341072083 2.268459 -0.210031 -0.043114 0.019240 0.240738 -0.144004 0.959655
1732439078.440995216 2.325954 -0.222605 -0.042085 0.018998 0.241056 -0.142594 0.959791
1732439078.541685104 2.386112 -0.237721 -0.042123 0.019605 0.240133 -0.141641 0.960151
1732439078.641814709 2.447721 -0.253391 -0.041287 0.020038 0.240913 -0.141514 0.959965
1732439078.741500854 2.506546 -0.267688 -0.040560 0.020366 0.239581 -0.141962 0.960226
1732439078.841455698 2.571655 -0.283518 -0.040092 0.020673 0.241284 -0.141584 0.959848
1732439078.941015005 2.635039 -0.298287 -0.040266 0.020209 0.240351 -0.142430 0.959967
1732439079.041630268 2.700208 -0.311709 -0.039855 0.019226 0.240834 -0.142867 0.959801
1732439079.141456366 2.762579 -0.327691 -0.039785 0.019514 0.240872 -0.143244 0.959730
1732439079.241192579 2.822775 -0.342471 -0.039009 0.020085 0.240553 -0.142964 0.959840
1732439079.341545582 2.881791 -0.358833 -0.038446 0.021306 0.240607 -0.143129 0.959775
1732439079.441075087 2.937840 -0.372032 -0.038386 0.021431 0.241491 -0.141726 0.959759
1732439079.541483164 2.988557 -0.383129 -0.037979 0.020848 0.241587 -0.141739 0.959745
1732439079.641037464 3.036264 -0.394668 -0.038419 0.020739 0.241776 -0.141463 0.959741
1732439079.741650343 3.083534 -0.404006 -0.038235 0.019919 0.241289 -0.140693 0.959994
1732439079.841387749 3.128628 -0.415320 -0.037787 0.020387 0.240110 -0.140133 0.960361
1732439079.941219091 3.176349 -0.425748 -0.036945 0.020383 0.240231 -0.139893 0.960366
1732439080.041390181 3.225455 -0.437435 -0.036496 0.020558 0.240194 -0.139116 0.960485
1732439080.141723871 3.275886 -0.448420 -0.036060 0.020148 0.238908 -0.138838 0.960854
1732439080.241477251 3.330649 -0.460456 -0.036066 0.019871 0.239132 -0.138360 0.960873
1732439080.341521263 3.389555 -0.473936 -0.035705 0.020067 0.240239 -0.137627 0.960698
1732439080.441672087 3.450208 -0.486995 -0.035854 0.019771 0.240862 -0.137172 0.960614
1732439080.541651487 3.512699 -0.500930 -0.036166 0.019916 0.240746 -0.136662 0.960712
1732439080.641524076 3.578715 -0.512894 -0.036078 0.018634 0.240656 -0.136304 0.960812
1732439080.741535902 3.647368 -0.527506 -0.035538 0.018896 0.241695 -0.132071 0.961137
1732439080.841657639 3.718543 -0.536344 -0.035481 0.016713 0.241909 -0.126155 0.961918
1732439080.941565514 3.790765 -0.543136 -0.036061 0.013974 0.243194 -0.118050 0.962666
1732439081.041153908 3.861199 -0.547655 -0.035491 0.011294 0.243210 -0.107715 0.963908
1732439081.141743422 3.935711 -0.551186 -0.037317 0.008598 0.244073 -0.098252 0.964728
1732439081.241685152 4.011371 -0.551498 -0.036708 0.005143 0.244278 -0.087009 0.965780
1732439081.341520548 4.088013 -0.555050 -0.037314 0.003978 0.245389 -0.078060 0.966268
1732439081.441152811 4.165601 -0.557131 -0.037825 0.002179 0.244937 -0.072881 0.966793
1732439081.541573524 4.244256 -0.561346 -0.037788 0.001257 0.245390 -0.069999 0.966893
1732439081.641572714 4.321392 -0.566421 -0.037801 0.000660 0.245467 -0.069142 0.966936
1732439081.741635084 4.397956 -0.571866 -0.037801 0.000217 0.245316 -0.069425 0.966954
1732439081.841172457 4.473365 -0.579097 -0.038246 0.000628 0.244731 -0.070380 0.967033
1732439081.941113949 4.549334 -0.583798 -0.038117 -0.000326 0.244262 -0.070126 0.967170
1732439082.041558743 4.622340 -0.591210 -0.038282 0.000300 0.244503 -0.069902 0.967126
1732439082.141113997 4.691524 -0.596117 -0.038246 0.000291 0.243457 -0.067686 0.967547
1732439082.241023064 4.761087 -0.597067 -0.038964 -0.001052 0.244100 -0.061742 0.967782
1732439082.341564655 4.829200 -0.593656 -0.038508 -0.003071 0.243985 -0.050931 0.968436
1732439082.441121340 4.897635 -0.587125 -0.038743 -0.005753 0.244465 -0.037374 0.968920
1732439082.541593552 4.965640 -0.572760 -0.038939 -0.011382 0.245153 -0.020496 0.969201
1732439082.641082764 5.030843 -0.557525 -0.039490 -0.015255 0.245062 -0.002211 0.969385
1732439082.741620779 5.097526 -0.537849 -0.040618 -0.020102 0.245404 0.017344 0.969057
1732439082.841109276 5.162851 -0.516043 -0.041239 -0.024773 0.245365 0.036832 0.968414
1732439082.941092253 5.226413 -0.489609 -0.042243 -0.030471 0.244977 0.056167 0.967421
1732439083.041529894 5.288308 -0.464151 -0.042268 -0.034287 0.244206 0.076234 0.966114
1732439083.141091108 5.349942 -0.434988 -0.042569 -0.038978 0.243956 0.095616 0.964274
1732439083.241151333 5.408813 -0.402870 -0.042983 -0.043727 0.243447 0.115332 0.962039
1732439083.341116667 5.466914 -0.368986 -0.043547 -0.048780 0.243371 0.134607 0.959308
1732439083.441563845 5.522490 -0.332429 -0.043885 -0.053461 0.241805 0.153851 0.956557
1732439083.540972233 5.574851 -0.295583 -0.044640 -0.057822 0.241088 0.172301 0.953334
1732439083.641582012 5.626967 -0.256259 -0.045411 -0.062249 0.241003 0.190188 0.949669
1732439083.741606474 5.677125 -0.217053 -0.046051 -0.065684 0.240221 0.208214 0.945847
1732439083.841079950 5.725144 -0.176240 -0.046628 -0.069774 0.240576 0.225175 0.941568
1732439083.941569328 5.767481 -0.132019 -0.047777 -0.075098 0.239361 0.242332 0.937199
1732439084.041589022 5.806799 -0.091094 -0.048379 -0.078943 0.237693 0.258836 0.932885
1732439084.141084194 5.843171 -0.050939 -0.049242 -0.082432 0.236608 0.274149 0.928474
1732439084.241578817 5.877658 -0.010572 -0.049936 -0.086379 0.235595 0.288422 0.924038
1732439084.341157198 5.908888 0.028768 -0.051022 -0.089789 0.234451 0.302341 0.919544
1732439084.441260338 5.938440 0.068464 -0.051750 -0.093157 0.233545 0.316181 0.914772
1732439084.541142702 5.967538 0.107682 -0.052177 -0.095829 0.232787 0.329723 0.909895
1732439084.641968966 5.994108 0.149627 -0.052831 -0.099393 0.231793 0.342637 0.904982
1732439084.741688728 6.020994 0.188569 -0.052984 -0.101536 0.230903 0.356086 0.899765
1732439084.841660500 6.044392 0.233019 -0.054075 -0.106174 0.229421 0.368678 0.894522
1732439084.940948963 6.068140 0.275195 -0.054903 -0.108989 0.228014 0.382159 0.888867
1732439085.041767120 6.088146 0.318529 -0.055108 -0.112335 0.225417 0.394987 0.883489
1732439085.141165733 6.109605 0.361253 -0.055873 -0.115336 0.224684 0.407548 0.877565
1732439085.241055727 6.127531 0.402048 -0.055787 -0.117333 0.222141 0.420062 0.872029
1732439085.341608047 6.142748 0.443039 -0.056068 -0.120360 0.219561 0.432686 0.866077
1732439085.441614628 6.158275 0.480969 -0.055949 -0.121896 0.217539 0.443312 0.860984
1732439085.541137934 6.173138 0.517541 -0.056138 -0.123902 0.216008 0.451710 0.856707
1732439085.641307592 6.188347 0.549458 -0.056181 -0.124996 0.216290 0.455785 0.854315
1732439085.741084814 6.201835 0.573805 -0.056231 -0.125195 0.215650 0.458456 0.853018
1732439085.841156483 6.211615 0.590949 -0.056377 -0.125430 0.215755 0.459099 0.852611
1732439085.941147566 6.217251 0.599011 -0.056437 -0.125271 0.215620 0.459555 0.852423
1732439086.041129827 6.216992 0.598880 -0.056376 -0.125326 0.215400 0.459714 0.852385
1732439086.141116142 6.213951 0.593912 -0.056611 -0.125210 0.215443 0.459683 0.852407
1732439086.241209507 6.208059 0.585737 -0.056683 -0.125475 0.214856 0.460638 0.852001
1732439086.341146231 6.200385 0.574970 -0.056587 -0.125977 0.214768 0.462228 0.851087
1732439086.441194773 6.189592 0.559777 -0.056707 -0.126624 0.214523 0.464241 0.849957
1732439086.541025639 6.175888 0.540894 -0.056652 -0.127699 0.214454 0.466875 0.848369
1732439086.641647339 6.158643 0.517236 -0.056690 -0.129091 0.214474 0.470541 0.846125
1732439086.741090775 6.137765 0.487901 -0.056617 -0.130583 0.213930 0.475704 0.843142
1732439086.841138124 6.113911 0.453472 -0.056472 -0.132421 0.213309 0.481049 0.839974
1732439086.941218853 6.087461 0.413903 -0.056349 -0.134885 0.212948 0.487521 0.835932
1732439087.041102409 6.059029 0.369473 -0.055554 -0.137603 0.213063 0.494072 0.831603
1732439087.141668081 6.030285 0.318257 -0.055024 -0.139088 0.213397 0.501240 0.826967
1732439087.241268873 5.999683 0.263769 -0.054242 -0.141345 0.213386 0.507887 0.822520
1732439087.341055632 5.967998 0.202490 -0.052852 -0.141866 0.211098 0.514824 0.818699
1732439087.441303492 5.936316 0.140263 -0.052219 -0.143648 0.210048 0.521351 0.814517
1732439087.541029215 5.904633 0.073841 -0.050690 -0.145602 0.209223 0.528447 0.809796
1732439087.641046047 5.872928 0.003985 -0.049378 -0.146759 0.207463 0.535081 0.805673
1732439087.741050005 5.841411 -0.066838 -0.048009 -0.149028 0.206547 0.541048 0.801496
1732439087.841188908 5.813056 -0.142281 -0.046119 -0.148405 0.204392 0.546012 0.798794
1732439087.940983534 5.785893 -0.215257 -0.044813 -0.148880 0.202902 0.548838 0.797147
1732439088.041200399 5.764190 -0.284708 -0.043298 -0.148829 0.202787 0.551510 0.795339
1732439088.141007185 5.744355 -0.345242 -0.041914 -0.148962 0.201531 0.552750 0.794772
1732439088.241304636 5.731085 -0.393247 -0.041040 -0.148876 0.201756 0.551903 0.795320
1732439088.341175318 5.723342 -0.426414 -0.040375 -0.148648 0.202748 0.549970 0.796448
1732439088.440979958 5.719687 -0.445551 -0.040032 -0.148128 0.203299 0.548119 0.797680
1732439088.541242361 5.718845 -0.450456 -0.040150 -0.148020 0.203282 0.547931 0.797833
1732439088.641185045 5.720095 -0.444034 -0.040511 -0.149520 0.204607 0.548087 0.797108
1732439088.741719484 5.721485 -0.436022 -0.040401 -0.149764 0.204323 0.549398 0.796232
1732439088.841711521 5.722756 -0.425641 -0.040396 -0.150129 0.203660 0.551441 0.794919
1732439088.941814184 5.724249 -0.411512 -0.040634 -0.150603 0.203025 0.554116 0.793130
1732439089.041779757 5.725857 -0.393847 -0.040955 -0.151112 0.201874 0.557799 0.790741
1732439089.141036272 5.728579 -0.370990 -0.041096 -0.151902 0.200984 0.562472 0.787500
1732439089.241823912 5.731341 -0.342378 -0.041529 -0.153062 0.199987 0.568365 0.783287
1732439089.341207981 5.733249 -0.308678 -0.041900 -0.154565 0.198906 0.575127 0.778315
1732439089.441022396 5.734425 -0.271107 -0.042449 -0.156197 0.196800 0.584097 0.771818
1732439089.540992737 5.734259 -0.227603 -0.042935 -0.158595 0.194907 0.594192 0.764064
1732439089.641204596 5.732803 -0.178774 -0.043659 -0.161318 0.193244 0.605010 0.755378
1732439089.740993500 5.729668 -0.126171 -0.044378 -0.163960 0.191050 0.616576 0.745957
1732439089.841146946 5.723393 -0.069523 -0.045056 -0.167192 0.188504 0.628941 0.735490
1732439089.941020489 5.717949 -0.011203 -0.046063 -0.169726 0.186950 0.641883 0.724037
1732439090.040974379 5.706881 0.049703 -0.046918 -0.173457 0.184221 0.654602 0.712371
1732439090.141695976 5.693849 0.112549 -0.048174 -0.177169 0.181382 0.667944 0.699688
1732439090.241005182 5.677817 0.174199 -0.049017 -0.181101 0.177935 0.680757 0.687103
1732439090.340972185 5.660105 0.233910 -0.049957 -0.183674 0.174459 0.694019 0.673918
1732439090.441038609 5.641186 0.291987 -0.050493 -0.185462 0.170665 0.707330 0.660426
1732439090.540987492 5.617901 0.350149 -0.051863 -0.189226 0.167157 0.719450 0.647027
1732439090.640991211 5.594041 0.406548 -0.052248 -0.191000 0.163019 0.732396 0.632882
1732439090.741179228 5.567331 0.464880 -0.053160 -0.194856 0.160248 0.744331 0.618323
1732439090.841144800 5.538432 0.520056 -0.053336 -0.197202 0.156188 0.755997 0.604306
1732439090.941298008 5.507990 0.571416 -0.053243 -0.199057 0.151280 0.767772 0.589929
1732439091.041151524 5.476208 0.621130 -0.053940 -0.201947 0.147175 0.778915 0.575194
1732439091.141009808 5.445447 0.666341 -0.054029 -0.203021 0.142896 0.789496 0.561302
1732439091.241189957 5.414240 0.710212 -0.054364 -0.205468 0.139677 0.798746 0.547977
1732439091.341172457 5.382206 0.749155 -0.054791 -0.207242 0.135655 0.807247 0.535724
1732439091.441298246 5.351613 0.787500 -0.055351 -0.208982 0.132998 0.815337 0.523319
1732439091.541175127 5.320619 0.823659 -0.055564 -0.209460 0.129684 0.823774 0.510592
1732439091.640996456 5.288300 0.858565 -0.055900 -0.212248 0.127128 0.830389 0.499243
1732439091.741310835 5.255733 0.890603 -0.055874 -0.213551 0.123512 0.837310 0.487907
1732439091.841148138 5.221966 0.921142 -0.056424 -0.215350 0.119686 0.844043 0.476331
1732439091.941200018 5.188394 0.950579 -0.056383 -0.217339 0.116677 0.850212 0.465069
1732439092.041109562 5.156118 0.979876 -0.056748 -0.218756 0.114178 0.856487 0.453365
1732439092.141744137 5.121744 1.007004 -0.057662 -0.220629 0.111100 0.862064 0.442522
1732439092.240981579 5.090489 1.032728 -0.057502 -0.220876 0.108564 0.868148 0.430983
1732439092.341182470 5.055623 1.057365 -0.057837 -0.222478 0.105387 0.873480 0.420035
1732439092.441161871 5.021415 1.081912 -0.058378 -0.223716 0.102690 0.878866 0.408656
1732439092.541046381 4.985450 1.105538 -0.058344 -0.225132 0.099359 0.884417 0.396547
1732439092.641226768 4.948172 1.129500 -0.058909 -0.227300 0.096972 0.889265 0.384888
1732439092.741045713 4.910614 1.150848 -0.058667 -0.228882 0.093637 0.894312 0.372897
1732439092.841289520 4.874118 1.171901 -0.058689 -0.230073 0.091102 0.899064 0.361181
1732439092.941792965 4.837983 1.189883 -0.058496 -0.229669 0.087532 0.904589 0.348294
1732439093.041232586 4.800938 1.208884 -0.058690 -0.231300 0.085694 0.908928 0.336165
1732439093.141288519 4.762705 1.225114 -0.058680 -0.232089 0.082271 0.913448 0.324004
1732439093.241024017 4.724751 1.241029 -0.058740 -0.231942 0.078904 0.918051 0.311704
1732439093.341803551 4.682627 1.256587 -0.058452 -0.233021 0.075737 0.922381 0.298626
1732439093.441021442 4.637886 1.271903 -0.059180 -0.234296 0.071818 0.926636 0.285119
1732439093.541034460 4.591155 1.286282 -0.058806 -0.234784 0.067890 0.930956 0.271271
1732439093.641029358 4.541829 1.298948 -0.058983 -0.236072 0.063555 0.935231 0.256073
1732439093.741091251 4.491406 1.313810 -0.059131 -0.237674 0.060966 0.939149 0.240402
1732439093.841176271 4.436544 1.325186 -0.059405 -0.238219 0.056613 0.943217 0.224475
1732439093.941028118 4.379829 1.335405 -0.060208 -0.239871 0.052368 0.946841 0.207873
1732439094.041059732 4.322877 1.342126 -0.059974 -0.242236 0.047494 0.949876 0.191837
1732439094.141204119 4.267813 1.348565 -0.060298 -0.242821 0.043680 0.953153 0.175013
1732439094.241076469 4.214015 1.351905 -0.060281 -0.243626 0.039131 0.956099 0.158085
1732439094.341331959 4.159111 1.353189 -0.060351 -0.244877 0.034445 0.958503 0.141850
1732439094.441260576 4.105485 1.351163 -0.060577 -0.244637 0.029281 0.961013 0.125496
1732439094.541064739 4.052008 1.349425 -0.060335 -0.244983 0.025325 0.963079 0.108724
1732439094.641265154 3.998233 1.346128 -0.060556 -0.245441 0.021591 0.964838 0.091542
1732439094.741075754 3.944760 1.340335 -0.060263 -0.245965 0.017269 0.966194 0.075314
1732439094.841170311 3.892187 1.333449 -0.060217 -0.245016 0.013587 0.967694 0.057880
1732439094.941113710 3.839893 1.324681 -0.059986 -0.245830 0.009341 0.968400 0.041017
1732439095.041082144 3.788462 1.313872 -0.060097 -0.244318 0.005419 0.969364 0.024749
1732439095.141043186 3.735226 1.304790 -0.060219 -0.244669 0.002277 0.969514 0.013197
1732439095.241090775 3.682716 1.296691 -0.060184 -0.244754 -0.000536 0.969552 0.007997
1732439095.341051817 3.631886 1.294800 -0.060258 -0.243897 -0.000578 0.969769 0.007859
1732439095.441134930 3.580630 1.294926 -0.060163 -0.244331 -0.000034 0.969625 0.011412
1732439095.541062355 3.530947 1.300145 -0.060211 -0.243679 0.002414 0.969702 0.017099
1732439095.641350746 3.481469 1.303840 -0.060266 -0.243833 0.003362 0.969483 0.025248
1732439095.741295099 3.432945 1.310391 -0.060739 -0.244157 0.005246 0.969160 0.033006
1732439095.841237545 3.385165 1.317597 -0.060872 -0.244240 0.007020 0.968814 0.041205
1732439095.941240788 3.338399 1.325628 -0.061366 -0.243811 0.009010 0.968499 0.049840
1732439096.041228771 3.291254 1.335257 -0.061244 -0.244059 0.011091 0.967939 0.058364
1732439096.141824961 3.242039 1.346030 -0.061451 -0.244329 0.013540 0.967250 0.067443
1732439096.241245031 3.192377 1.358477 -0.061265 -0.244456 0.016220 0.966539 0.076032
1732439096.341263294 3.141924 1.371554 -0.060924 -0.245064 0.018580 0.965586 0.085099
1732439096.441355944 3.091769 1.385737 -0.060904 -0.243890 0.021135 0.965032 0.093725
1732439096.541202784 3.039727 1.401060 -0.060996 -0.243949 0.023411 0.964075 0.102474
1732439096.641354561 2.985623 1.416341 -0.061261 -0.243877 0.025344 0.963003 0.111832
1732439096.741200924 2.931944 1.434030 -0.061437 -0.243703 0.027665 0.961870 0.121036
1732439096.841171503 2.877224 1.452976 -0.061649 -0.243189 0.029735 0.960651 0.130857
1732439096.941141605 2.820084 1.473214 -0.061861 -0.243597 0.032076 0.959122 0.140417
1732439097.041396141 2.764344 1.495347 -0.061966 -0.242716 0.034401 0.957855 0.149732
1732439097.141869545 2.707602 1.518196 -0.061863 -0.242316 0.036706 0.956286 0.159540
1732439097.241850376 2.652196 1.542528 -0.061808 -0.241112 0.039233 0.954932 0.168612
1732439097.341166496 2.596661 1.567487 -0.061790 -0.240673 0.041668 0.953276 0.177778
1732439097.441111803 2.541209 1.594658 -0.061886 -0.240464 0.044464 0.951386 0.187257
1732439097.541063786 2.486055 1.622574 -0.061557 -0.239379 0.046742 0.949806 0.195912
1732439097.641291857 2.429504 1.652453 -0.061264 -0.239477 0.049693 0.947846 0.204374
1732439097.741300821 2.373740 1.681200 -0.060963 -0.239445 0.051593 0.946105 0.211872
1732439097.841310263 2.317041 1.708440 -0.061177 -0.239719 0.052581 0.945054 0.215972
1732439097.941147804 2.261625 1.732803 -0.061092 -0.238061 0.052163 0.945127 0.217580
1732439098.041844368 2.203667 1.756060 -0.061220 -0.238556 0.051813 0.945413 0.215871
1732439098.141312838 2.146043 1.777285 -0.061346 -0.238991 0.051120 0.946269 0.211765
1732439098.241381407 2.086137 1.796293 -0.060960 -0.239730 0.049762 0.948061 0.203063
1732439098.341370821 2.024786 1.810422 -0.061052 -0.240641 0.046766 0.950255 0.192146
1732439098.441879749 1.965479 1.820423 -0.060947 -0.240332 0.043053 0.953139 0.178644
1732439098.541257620 1.907020 1.827037 -0.060712 -0.239929 0.039174 0.956011 0.164141
1732439098.641431570 1.846910 1.830185 -0.060864 -0.241820 0.034454 0.958251 0.148631
1732439098.741254330 1.790196 1.831438 -0.060721 -0.241196 0.030132 0.960900 0.132621
1732439098.841110468 1.732217 1.831281 -0.060947 -0.241980 0.025799 0.962840 0.117130
1732439098.941404104 1.674331 1.829850 -0.060571 -0.242381 0.022050 0.964684 0.100748
1732439099.041305542 1.617806 1.825296 -0.060477 -0.242214 0.017610 0.966349 0.084805
1732439099.141337872 1.562526 1.820869 -0.060035 -0.242412 0.014550 0.967657 0.068295
1732439099.241280317 1.510562 1.808874 -0.060751 -0.240426 0.009011 0.969237 0.051906
1732439099.341273069 1.457151 1.801945 -0.060122 -0.242894 0.005916 0.969405 0.034962
1732439099.441392422 1.408437 1.788173 -0.060321 -0.242811 0.000705 0.969861 0.020274
1732439099.541276932 1.362654 1.776525 -0.060248 -0.242101 -0.003012 0.970233 0.005153
1732439099.641480923 1.318791 1.763178 -0.060471 -0.241781 -0.006961 0.970267 -0.008661
1732439099.741348505 1.277938 1.750125 -0.060855 -0.240541 -0.009912 0.970346 -0.021698
1732439099.841409445 1.236240 1.735913 -0.060922 -0.240757 -0.013469 0.969899 -0.033910
1732439099.941222668 1.195111 1.722095 -0.060730 -0.240952 -0.016201 0.969333 -0.045529
1732439100.041270971 1.152820 1.707315 -0.060332 -0.240662 -0.018790 0.968671 -0.058347
1732439100.141349792 1.109728 1.689760 -0.060501 -0.240820 -0.021702 0.967786 -0.070176
1732439100.241218567 1.067028 1.671208 -0.060196 -0.240833 -0.024812 0.966630 -0.083724
1732439100.341359138 1.024477 1.648389 -0.060415 -0.241554 -0.029355 0.965098 -0.096832
1732439100.441187382 0.982401 1.627260 -0.060380 -0.240705 -0.032215 0.963655 -0.111323
1732439100.541284561 0.940204 1.602171 -0.060369 -0.240274 -0.036332 0.961900 -0.125285
1732439100.641407967 0.897912 1.577355 -0.059826 -0.240253 -0.039335 0.959762 -0.139957
1732439100.741192341 0.858319 1.550762 -0.059540 -0.238695 -0.042989 0.957844 -0.153983
1732439100.841300726 0.819581 1.523053 -0.059158 -0.238164 -0.047184 0.955486 -0.167624
1732439100.941390276 0.784050 1.497590 -0.058440 -0.236939 -0.049781 0.953212 -0.181022
1732439101.041291714 0.750337 1.471699 -0.057866 -0.235353 -0.052629 0.950742 -0.194755
1732439101.141224384 0.717765 1.446241 -0.057268 -0.234460 -0.054687 0.948146 -0.207501
1732439101.241363287 0.685212 1.418201 -0.057164 -0.234122 -0.058166 0.945309 -0.219531
1732439101.341206074 0.654850 1.390814 -0.056665 -0.232657 -0.060633 0.942423 -0.232452
1732439101.441203117 0.623623 1.361168 -0.056444 -0.232330 -0.063427 0.939151 -0.244941
1732439101.541430473 0.592585 1.329339 -0.056511 -0.231480 -0.066945 0.935618 -0.257982
1732439101.641205549 0.561833 1.296258 -0.056323 -0.230916 -0.070197 0.931721 -0.271377
1732439101.741400957 0.531443 1.259559 -0.056219 -0.230015 -0.074195 0.927908 -0.283857
1732439101.841312885 0.500655 1.223708 -0.055754 -0.228644 -0.076667 0.923594 -0.298024
1732439101.942000151 0.468311 1.183079 -0.055573 -0.228134 -0.080331 0.918884 -0.311694
1732439102.041950941 0.436219 1.141386 -0.054958 -0.227527 -0.083402 0.913500 -0.326791
1732439102.141523361 0.405526 1.096596 -0.054821 -0.226476 -0.087438 0.908058 -0.341312
1732439102.241201878 0.376028 1.048336 -0.054685 -0.225430 -0.092652 0.902164 -0.355946
1732439102.341472149 0.347807 1.001076 -0.054617 -0.223172 -0.096111 0.895944 -0.371808
1732439102.441210032 0.321311 0.952885 -0.054164 -0.221128 -0.099797 0.889303 -0.387664
1732439102.541182041 0.294935 0.902908 -0.053842 -0.220250 -0.103260 0.882273 -0.403016
1732439102.641211033 0.273401 0.852059 -0.053309 -0.216752 -0.106909 0.875247 -0.418966
1732439102.741457701 0.250386 0.798704 -0.052864 -0.214769 -0.109885 0.867546 -0.434929
1732439102.841308355 0.228110 0.744278 -0.052016 -0.212537 -0.112753 0.859645 -0.450694
1732439102.941546917 0.209807 0.688337 -0.049887 -0.209546 -0.116228 0.852095 -0.465312
1732439103.041235209 0.192259 0.631116 -0.049862 -0.206551 -0.119272 0.843801 -0.480740
1732439103.141317129 0.175893 0.573723 -0.048931 -0.204806 -0.122359 0.835163 -0.495567
1732439103.241494656 0.163282 0.515877 -0.048471 0.202058 0.126156 -0.826765 0.509624
1732439103.341324806 0.152718 0.458041 -0.047301 0.199570 0.130196 -0.817685 0.524035
1732439103.441284418 0.145572 0.403482 -0.046644 0.195521 0.132531 -0.809139 0.538054
1732439103.541506290 0.141681 0.349433 -0.045518 0.191778 0.135696 -0.800410 0.551499
1732439103.641345024 0.136106 0.292772 -0.044745 0.190680 0.139641 -0.790555 0.564946
1732439103.741488695 0.133820 0.236501 -0.044205 0.187530 0.142545 -0.780734 0.578764
1732439103.841589689 0.134038 0.178730 -0.043780 0.184888 0.146413 -0.770500 0.592207
1732439103.941488266 0.134987 0.119944 -0.042521 0.183111 0.149964 -0.759418 0.606024
1732439104.041268110 0.138332 0.062706 -0.041487 0.181014 0.153177 -0.748981 0.618707
1732439104.141326666 0.144288 0.006374 -0.040625 0.177468 0.155478 -0.738534 0.631585
1732439104.241326332 0.150172 -0.050906 -0.039365 0.175773 0.159237 -0.729059 0.642044
1732439104.341578960 0.157670 -0.104346 -0.039004 0.172161 0.161635 -0.721729 0.650647
1732439104.441553354 0.158468 -0.156659 -0.037577 0.172741 0.163732 -0.716313 0.655933
1732439104.541512728 0.160272 -0.201033 -0.036590 0.171826 0.164885 -0.714059 0.658337
1732439104.641329288 0.158090 -0.236061 -0.035793 0.172951 0.164777 -0.713043 0.659171
1732439104.741509676 0.158945 -0.259390 -0.035602 0.171395 0.164891 -0.712556 0.660075
1732439104.841355801 0.157400 -0.273883 -0.034980 0.171773 0.164539 -0.712068 0.660591
1732439104.941534996 0.157686 -0.277882 -0.034685 0.171222 0.164375 -0.712046 0.660798
1732439105.041341066 0.157826 -0.273256 -0.034898 0.170031 0.162980 -0.712530 0.660930
1732439105.141339302 0.158331 -0.270955 -0.034741 0.169999 0.163106 -0.712387 0.661061
1732439105.241471529 0.158405 -0.272661 -0.034827 0.170281 0.163404 -0.712293 0.661016
1732439105.341282368 0.158320 -0.272130 -0.034796 0.170188 0.163132 -0.712304 0.661095
1732439105.441295147 0.158418 -0.272085 -0.035140 0.170121 0.163317 -0.712361 0.661006
1732439105.541510344 0.158092 -0.272345 -0.034802 0.170251 0.163271 -0.712357 0.660988
1732439105.641569376 0.158071 -0.272212 -0.035008 0.170101 0.163263 -0.712341 0.661046
1732439105.741086960 0.158282 -0.272228 -0.034810 0.170159 0.163293 -0.712334 0.661031
1732439105.841244221 0.157953 -0.271987 -0.035263 0.170106 0.163239 -0.712399 0.660987
1732439105.941485643 0.157960 -0.272411 -0.034995 0.170122 0.163242 -0.712373 0.661010
1732439106.042040586 0.157821 -0.272250 -0.034736 0.169990 0.163210 -0.712413 0.661009
1732439106.141299009 0.157906 -0.272388 -0.034444 0.170111 0.163233 -0.712397 0.660990
1732439106.241489887 0.158531 -0.272084 -0.034656 0.170097 0.163154 -0.712430 0.660978
1732439106.341293573 0.158714 -0.272010 -0.034776 0.170246 0.163251 -0.712394 0.660954
1732439106.441359282 0.158725 -0.272134 -0.034928 0.170169 0.163228 -0.712366 0.661010
1732439106.541527033 0.158947 -0.272143 -0.034978 0.170205 0.163291 -0.712336 0.661017
1732439106.641298532 0.158711 -0.271902 -0.034506 0.170216 0.163141 -0.712327 0.661061
1732439106.741334438 0.158677 -0.272100 -0.034803 0.170158 0.163205 -0.712354 0.661032
1732439106.841500998 0.158773 -0.271787 -0.034430 0.170203 0.163255 -0.712303 0.661062
1732439106.941287756 0.158548 -0.272028 -0.035099 0.170141 0.163240 -0.712380 0.660998
1732439107.041467905 0.158895 -0.272164 -0.034397 0.170147 0.163237 -0.712347 0.661033
1732439107.141604900 0.158707 -0.271996 -0.034728 0.170126 0.163196 -0.712386 0.661007
1732439107.241441965 0.158646 -0.272214 -0.034444 0.170194 0.163228 -0.712339 0.661033
1732439107.341640472 0.158354 -0.272443 -0.034738 0.170012 0.163163 -0.712409 0.661019
1732439107.441302299 0.158384 -0.272352 -0.034627 0.170064 0.163240 -0.712361 0.661039
1732439107.541565895 0.158255 -0.272455 -0.034741 0.170010 0.163221 -0.712369 0.661049
1732439107.641376734 0.158127 -0.272355 -0.034449 0.170025 0.163180 -0.712386 0.661037
1732439107.741345882 0.157896 -0.272628 -0.034594 0.169972 0.163192 -0.712358 0.661078
1732439107.841333151 0.158017 -0.272372 -0.034598 0.170071 0.163153 -0.712393 0.661025
1732439107.941300154 0.158029 -0.272479 -0.034941 0.170077 0.163150 -0.712370 0.661049
1732439108.041465521 0.158061 -0.272109 -0.034839 0.170078 0.163202 -0.712384 0.661020
1732439108.141412258 0.158006 -0.272195 -0.035094 0.170021 0.163238 -0.712374 0.661037
1732439108.241460562 0.158027 -0.272044 -0.035082 0.170051 0.163267 -0.712381 0.661015
1732439108.341691971 0.157991 -0.272157 -0.035139 0.170038 0.163273 -0.712352 0.661047
1732439108.441470146 0.158104 -0.272053 -0.035282 0.170070 0.163259 -0.712378 0.661015
1732439108.541436672 0.158204 -0.271821 -0.035430 0.170142 0.163265 -0.712341 0.661034
1732439108.641415119 0.158584 -0.271657 -0.035651 0.170278 0.163353 -0.712344 0.660975
1732439108.741597652 0.158254 -0.271590 -0.035559 0.170319 0.163195 -0.712332 0.661016
1732439108.841442823 0.158374 -0.271878 -0.035576 0.170138 0.163289 -0.712371 0.660997
1732439108.941630125 0.157921 -0.271695 -0.035284 0.170143 0.163188 -0.712335 0.661060
1732439109.041357279 0.158096 -0.272114 -0.035276 0.170082 0.163323 -0.712314 0.661064
1732439109.141479731 0.157965 -0.272168 -0.035201 0.170034 0.163187 -0.712329 0.661095
1732439109.241379261 0.158035 -0.272506 -0.034979 0.169977 0.163219 -0.712349 0.661079
1732439109.341712952 0.157811 -0.272289 -0.034925 0.169937 0.163187 -0.712358 0.661088
1732439109.441340446 0.157989 -0.272207 -0.034905 0.170033 0.163264 -0.712361 0.661041
1732439109.541588545 0.157885 -0.272218 -0.034876 0.169957 0.163161 -0.712331 0.661118
1732439109.641352177 0.158255 -0.272101 -0.034923 0.169998 0.163149 -0.712361 0.661079
1732439109.741595507 0.158278 -0.271958 -0.035051 0.170094 0.163224 -0.712387 0.661007
