1732438956.941261053 0.211773 0.034429 -0.041993 -0.012369 0.242963 -0.000838 0.969956
1732438957.042019367 0.250854 0.036908 -0.040892 -0.012025 0.241121 -0.000821 0.970420
1732438957.141975164 0.310014 0.041300 -0.042124 -0.013015 0.242488 -0.003311 0.970061
1732438957.241213322 0.377553 0.044277 -0.043765 -0.012734 0.244924 -0.007811 0.969427
1732438957.342041492 0.451557 0.038153 -0.043576 -0.009129 0.248554 -0.011748 0.968504
1732438957.441157341 0.523519 0.040859 -0.045632 -0.010196 0.247576 -0.019168 0.968625
1732438957.542070389 0.594785 0.033776 -0.044724 -0.007103 0.247085 -0.025766 0.968625
1732438957.641333818 0.665579 0.029394 -0.046039 -0.006034 0.247710 -0.033165 0.968248
1732438957.741195679 0.735624 0.022154 -0.046027 -0.003508 0.247708 -0.038929 0.968046
1732438957.841326714 0.806824 0.020902 -0.047438 -0.004407 0.248469 -0.043339 0.967660
1732438957.941241026 0.875989 0.017762 -0.048161 -0.003622 0.247131 -0.045859 0.967890
1732438958.041035891 0.943825 0.012771 -0.048957 -0.002861 0.245710 -0.046129 0.968241
1732438958.141350508 1.014552 0.006463 -0.048224 -0.000647 0.246050 -0.048864 0.968024
1732438958.241257906 1.084790 0.001066 -0.048641 -0.000202 0.244539 -0.054787 0.968091
1732438958.342068195 1.158232 -0.008405 -0.048012 0.001450 0.244847 -0.061183 0.967628
1732438958.441258907 1.230744 -0.019341 -0.049536 0.003219 0.244491 -0.070170 0.967104
1732438958.541236401 1.302286 -0.030901 -0.049511 0.004538 0.244484 -0.079195 0.966403
1732438958.641315937 1.374184 -0.045620 -0.049612 0.006848 0.244565 -0.087133 0.965686
1732438958.741327286 1.444686 -0.056292 -0.049785 0.006864 0.243350 -0.092127 0.965529
1732438958.842023373 1.517278 -0.068912 -0.050203 0.008075 0.244460 -0.094743 0.964986
1732438958.942045450 1.589978 -0.080404 -0.050087 0.008699 0.244088 -0.095990 0.964951
1732438959.041282654 1.662895 -0.088879 -0.049756 0.008025 0.243658 -0.096555 0.965010
1732438959.141439438 1.735455 -0.099903 -0.049305 0.008840 0.242217 -0.096017 0.965419
1732438959.241217375 1.810681 -0.110451 -0.048933 0.009183 0.242226 -0.095599 0.965455
1732438959.342002153 1.888603 -0.120203 -0.048693 0.008876 0.242621 -0.095580 0.965360
1732438959.441235304 1.963200 -0.130522 -0.048733 0.009066 0.241753 -0.095097 0.965624
1732438959.541223288 2.040402 -0.137904 -0.048991 0.007638 0.241184 -0.095237 0.965765
1732438959.641984940 2.118311 -0.149200 -0.048462 0.008235 0.240797 -0.095143 0.965866
1732438959.742129087 2.197587 -0.157808 -0.048638 0.006992 0.241628 -0.095093 0.965673
1732438959.841998816 2.276426 -0.167992 -0.049154 0.006863 0.241809 -0.095969 0.965542
1732438959.941268921 2.357435 -0.182372 -0.050341 0.008239 0.242789 -0.098307 0.965050
1732438960.042069674 2.439048 -0.198112 -0.049018 0.009882 0.242731 -0.104278 0.964422
1732438960.141289949 2.518701 -0.218812 -0.048534 0.012999 0.241510 -0.112135 0.963810
1732438960.242100954 2.602836 -0.240782 -0.047223 0.015885 0.242807 -0.121125 0.962352
1732438960.341364861 2.683144 -0.263009 -0.047053 0.017821 0.240767 -0.132058 0.961392
1732438960.442209959 2.766304 -0.288823 -0.046836 0.020424 0.241737 -0.141030 0.959821
1732438960.542044878 2.846785 -0.311959 -0.046328 0.021677 0.240842 -0.147473 0.959050
1732438960.641403675 2.923668 -0.335476 -0.044825 0.023771 0.238823 -0.151065 0.958946
1732438960.741379738 3.002660 -0.356091 -0.044535 0.023952 0.239933 -0.152059 0.958508
1732438960.841419697 3.080054 -0.372297 -0.044889 0.022726 0.239351 -0.150556 0.958920
1732438960.942067862 3.155791 -0.390607 -0.045340 0.023019 0.240294 -0.145390 0.959474
1732438961.041363955 3.229527 -0.401276 -0.044341 0.020691 0.240317 -0.137198 0.960727
1732438961.141215563 3.302367 -0.409613 -0.044106 0.018395 0.239611 -0.126799 0.962377
1732438961.242086887 3.378772 -0.415643 -0.044339 0.015935 0.241211 -0.114799 0.963527
1732438961.341220379 3.453971 -0.420368 -0.044297 0.013789 0.242860 -0.102867 0.964493
1732438961.442115545 3.530400 -0.421560 -0.044602 0.010405 0.242864 -0.090481 0.965775
1732438961.541268587 3.608442 -0.419462 -0.045893 0.006416 0.243098 -0.079529 0.966715
1732438961.641186476 3.687061 -0.415930 -0.046757 0.002520 0.244106 -0.066500 0.967462
1732438961.742140532 3.767579 -0.411550 -0.047067 -0.000381 0.244703 -0.054418 0.968070
1732438961.842061043 3.846007 -0.404641 -0.047900 -0.003378 0.244276 -0.041870 0.968795
1732438961.941267729 3.925493 -0.397013 -0.048585 -0.006077 0.244357 -0.029148 0.969228
1732438962.041271448 4.008690 -0.383544 -0.051019 -0.010548 0.245927 -0.016125 0.969097
1732438962.142018318 4.091561 -0.371596 -0.051196 -0.013385 0.246693 -0.003142 0.968996
1732438962.241263390 4.173516 -0.354980 -0.051633 -0.016932 0.246625 0.010070 0.968911
1732438962.341241837 4.255418 -0.336545 -0.051803 -0.019890 0.245581 0.024729 0.968856
1732438962.441320419 4.339162 -0.311411 -0.052394 -0.025223 0.246415 0.040057 0.968008
1732438962.542137384 4.424335 -0.288811 -0.053235 -0.027671 0.246238 0.055630 0.967216
1732438962.641366720 4.505513 -0.260961 -0.054368 -0.031508 0.244681 0.070335 0.966536
1732438962.741270781 4.587536 -0.230617 -0.054918 -0.035068 0.243364 0.086240 0.965457
1732438962.842059851 4.669754 -0.196935 -0.055987 -0.038910 0.243117 0.101477 0.963889
1732438962.941347837 4.749352 -0.162435 -0.056884 -0.042763 0.243416 0.116392 0.961963
1732438963.041235447 4.826730 -0.126499 -0.057633 -0.045829 0.243916 0.130064 0.959942
1732438963.141368628 4.899283 -0.088930 -0.058079 -0.048993 0.242582 0.144468 0.958062
1732438963.242162466 4.971102 -0.048825 -0.058420 -0.052243 0.242094 0.159174 0.955680
1732438963.341390848 5.039878 -0.008703 -0.059068 -0.055096 0.242106 0.172628 0.953178
1732438963.441313028 5.105853 0.034763 -0.059553 -0.058853 0.241503 0.186742 0.950442
1732438963.542216778 5.170669 0.078826 -0.059553 -0.061954 0.241097 0.202069 0.947208
1732438963.641390800 5.227980 0.124058 -0.058973 -0.066203 0.239140 0.216799 0.944154
1732438963.741409540 5.285116 0.170925 -0.057992 -0.070320 0.238226 0.233030 0.940213
1732438963.841184855 5.339904 0.217631 -0.056643 -0.074175 0.237964 0.249055 0.935865
1732438963.941439390 5.390957 0.267680 -0.055479 -0.079299 0.236931 0.265768 0.931098
1732438964.041258097 5.435047 0.317182 -0.056295 -0.082465 0.235170 0.283006 0.926176
1732438964.142071486 5.477300 0.371216 -0.057119 -0.088032 0.234663 0.300554 0.920245
1732438964.241377831 5.518213 0.423627 -0.057723 -0.091985 0.233356 0.317452 0.914498
1732438964.341272354 5.557092 0.478932 -0.057406 -0.096486 0.232383 0.334034 0.908356
1732438964.441081285 5.592443 0.531381 -0.057825 -0.098844 0.228949 0.351113 0.902514
1732438964.541351318 5.628043 0.585751 -0.058358 -0.101593 0.227997 0.367826 0.895768
1732438964.641390800 5.660004 0.640816 -0.058464 -0.104851 0.226285 0.383475 0.889241
1732438964.741646290 5.689267 0.695595 -0.058495 -0.107607 0.223679 0.399456 0.882510
1732438964.841209173 5.716378 0.751993 -0.058865 -0.111601 0.222420 0.414097 0.875556
1732438964.941387177 5.742785 0.807613 -0.059597 -0.114388 0.220079 0.425238 0.870433
1732438965.041491270 5.769779 0.861387 -0.060731 -0.116847 0.218628 0.432252 0.867010
1732438965.141466379 5.800424 0.910542 -0.061348 -0.118403 0.220358 0.435490 0.864738
1732438965.241351604 5.825981 0.948092 -0.061080 -0.118257 0.220354 0.434351 0.865331
1732438965.341480732 5.845321 0.972331 -0.061493 -0.117749 0.220684 0.432075 0.866455
1732438965.442141056 5.854514 0.983011 -0.061328 -0.117074 0.220585 0.430387 0.867411
1732438965.541432858 5.854229 0.982130 -0.061472 -0.116865 0.220004 0.430565 0.867499
1732438965.641273022 5.847321 0.974881 -0.061508 -0.117067 0.219407 0.431598 0.867110
1732438965.741305113 5.837232 0.963579 -0.061112 -0.117405 0.218622 0.434547 0.865788
1732438965.841460466 5.822759 0.948460 -0.060705 -0.118886 0.218462 0.438887 0.863435
1732438965.941373587 5.804070 0.927899 -0.060676 -0.120324 0.218030 0.444771 0.860328
1732438966.042232037 5.780379 0.901323 -0.060474 -0.122404 0.216973 0.452041 0.856504
1732438966.142103672 5.753527 0.869817 -0.060342 -0.124765 0.216342 0.460360 0.851880
1732438966.241313696 5.724353 0.832514 -0.060057 -0.126754 0.215353 0.468908 0.847161
1732438966.341419458 5.693005 0.789396 -0.059590 -0.128895 0.214735 0.477917 0.841944
1732438966.441369295 5.657181 0.740612 -0.059452 -0.131174 0.212041 0.486862 0.837136
1732438966.542180300 5.622932 0.686743 -0.058814 -0.133221 0.211345 0.496956 0.831036
1732438966.641463518 5.586255 0.630680 -0.058927 -0.136684 0.209809 0.506376 0.825155
1732438966.741340399 5.551531 0.570640 -0.058004 -0.139843 0.210113 0.515784 0.818696
1732438966.841545582 5.514509 0.507467 -0.057087 -0.143520 0.208535 0.524264 0.813057
1732438966.941407204 5.482019 0.441522 -0.056428 -0.145954 0.207450 0.533714 0.806729
1732438967.041304827 5.446604 0.375839 -0.055486 -0.149313 0.204992 0.541362 0.801630
1732438967.141436100 5.417584 0.306421 -0.054364 -0.150278 0.203745 0.549711 0.796067
1732438967.241357565 5.387295 0.236913 -0.053095 -0.152362 0.201667 0.557744 0.790594
1732438967.341492891 5.360385 0.166583 -0.051869 -0.153894 0.200749 0.565821 0.784770
1732438967.441498756 5.335370 0.095665 -0.050648 -0.155057 0.199598 0.573708 0.779087
1732438967.541317940 5.310489 0.024729 -0.049199 -0.156509 0.197166 0.580833 0.774121
1732438967.641469240 5.289463 -0.043660 -0.047213 -0.158425 0.196913 0.588156 0.768244
1732438967.741325140 5.267060 -0.111028 -0.046568 -0.160208 0.194024 0.595518 0.762920
1732438967.841168880 5.249504 -0.175398 -0.045587 -0.161867 0.193064 0.602291 0.757476
1732438967.941434145 5.232401 -0.237270 -0.044452 -0.164580 0.192361 0.607887 0.752584
1732438968.041351318 5.217864 -0.297669 -0.043194 -0.166054 0.190964 0.613636 0.747937
1732438968.141496658 5.205134 -0.355136 -0.042163 -0.167143 0.190150 0.618546 0.743846
1732438968.241420746 5.195945 -0.409309 -0.040904 -0.168015 0.190147 0.622741 0.740141
1732438968.341578960 5.186102 -0.459204 -0.039960 -0.169260 0.189176 0.625166 0.738059
1732438968.441508293 5.181070 -0.504678 -0.038702 -0.168937 0.189036 0.626943 0.736660
1732438968.540982962 5.176761 -0.541633 -0.037927 -0.168484 0.188631 0.627905 0.736048
1732438968.641545296 5.175258 -0.566400 -0.037321 -0.167604 0.188215 0.627631 0.736589
1732438968.741432667 5.175334 -0.575206 -0.037119 -0.166873 0.188431 0.627711 0.736631
1732438968.841289520 5.175171 -0.568397 -0.037598 -0.168611 0.189519 0.627614 0.736039
1732438968.942135334 5.174864 -0.557184 -0.037474 -0.168731 0.188850 0.629021 0.734982
1732438969.041610003 5.173848 -0.540671 -0.037669 -0.169387 0.188003 0.631372 0.733030
1732438969.141494036 5.172589 -0.518166 -0.038036 -0.169916 0.187175 0.634609 0.730319
1732438969.241409540 5.170638 -0.489134 -0.038498 -0.171056 0.186325 0.638638 0.726749
1732438969.341086626 5.168131 -0.453970 -0.039132 -0.171725 0.185090 0.643814 0.722327
1732438969.441354275 5.164848 -0.411168 -0.040121 -0.172868 0.184284 0.649876 0.716810
1732438969.541455507 5.158300 -0.362478 -0.040612 -0.174490 0.181968 0.656808 0.710664
1732438969.641125441 5.152719 -0.308099 -0.041615 -0.175628 0.180507 0.664517 0.703554
1732438969.741318226 5.143486 -0.247687 -0.042652 -0.177592 0.178406 0.672137 0.696322
1732438969.841441393 5.134747 -0.181092 -0.043435 -0.179203 0.176770 0.678642 0.689988
1732438969.941534281 5.127080 -0.108415 -0.045035 -0.180482 0.176691 0.682034 0.686321
1732438970.041528702 5.121658 -0.033573 -0.046095 -0.180027 0.175703 0.684507 0.684229
1732438970.141383886 5.115639 0.044607 -0.046861 -0.179904 0.175027 0.686008 0.682929
1732438970.241328478 5.109526 0.123264 -0.048177 -0.180039 0.174548 0.687357 0.681659
1732438970.341419458 5.102293 0.204170 -0.049147 -0.181845 0.175271 0.687874 0.680472
1732438970.441301823 5.097792 0.282622 -0.050834 -0.181821 0.175868 0.688774 0.679413
1732438970.541523695 5.088918 0.358131 -0.051914 -0.182277 0.174812 0.692525 0.675740
1732438970.641517639 5.075761 0.427587 -0.052786 -0.183421 0.172446 0.699143 0.669192
1732438970.741695404 5.060823 0.490676 -0.053198 -0.184062 0.170175 0.707501 0.660760
1732438970.841521263 5.040186 0.548751 -0.053909 -0.187180 0.166568 0.716933 0.650558
1732438970.941407442 5.018741 0.603568 -0.054819 -0.190599 0.164452 0.727229 0.638565
1732438971.041708708 4.998695 0.653917 -0.054850 -0.191595 0.161627 0.737628 0.626955
1732438971.141537189 4.975861 0.700601 -0.054724 -0.193816 0.158419 0.746674 0.616292
1732438971.241250515 4.954793 0.741482 -0.054364 -0.194368 0.154764 0.755696 0.605964
1732438971.341536999 4.932606 0.781840 -0.055129 -0.196596 0.152129 0.763405 0.596170
1732438971.441451788 4.911324 0.819047 -0.055480 -0.198303 0.149735 0.770227 0.587373
1732438971.541590691 4.890383 0.853704 -0.055188 -0.199608 0.147066 0.776945 0.578692
1732438971.641537666 4.870410 0.887472 -0.055615 -0.200938 0.145181 0.782724 0.570868
1732438971.741361380 4.850327 0.919774 -0.056088 -0.201802 0.143135 0.788570 0.562979
1732438971.841251612 4.829496 0.952783 -0.056732 -0.202793 0.141225 0.794541 0.554649
1732438971.941428185 4.805711 0.985357 -0.057200 -0.204714 0.138935 0.800020 0.546587
1732438972.041381121 4.782688 1.018308 -0.056933 -0.206166 0.137672 0.805741 0.537888
1732438972.141609669 4.757783 1.050649 -0.057400 -0.207429 0.135387 0.811291 0.529576
1732438972.241394043 4.730607 1.083714 -0.058136 -0.209164 0.132948 0.816882 0.520845
1732438972.341251135 4.702417 1.116329 -0.058782 -0.210521 0.130322 0.822640 0.511820
1732438972.441512585 4.673363 1.150866 -0.058497 -0.213053 0.128879 0.828290 0.501931
1732438972.541391850 4.642374 1.181707 -0.059519 -0.213603 0.125022 0.834355 0.492540
1732438972.641577959 4.610473 1.214837 -0.059631 -0.215314 0.122609 0.840291 0.482201
1732438972.741502285 4.575481 1.246287 -0.059938 -0.216991 0.118674 0.846262 0.471882
1732438972.841333151 4.540863 1.278059 -0.060286 -0.218294 0.115682 0.852297 0.461037
1732438972.941404819 4.504520 1.310000 -0.060559 -0.219939 0.112848 0.858362 0.449564
1732438973.041374922 4.465644 1.340165 -0.060392 -0.221596 0.109114 0.864301 0.438147
1732438973.141649961 4.428334 1.371498 -0.060516 -0.222170 0.106651 0.870379 0.426270
1732438973.241625071 4.387760 1.400735 -0.061036 -0.222540 0.102937 0.876400 0.414492
1732438973.341599941 4.346621 1.431615 -0.060949 -0.223746 0.100519 0.882216 0.401907
1732438973.441209793 4.303140 1.460681 -0.061245 -0.225370 0.097274 0.887379 0.390262
1732438973.541214466 4.258378 1.490065 -0.061605 -0.226967 0.094677 0.892632 0.377797
1732438973.641436338 4.211207 1.517738 -0.061892 -0.228277 0.091178 0.897743 0.365560
1732438973.741464853 4.163687 1.545307 -0.062173 -0.230100 0.088345 0.902832 0.352339
1732438973.841434717 4.113254 1.568952 -0.062081 -0.232075 0.084133 0.907971 0.338602
1732438973.941353798 4.062421 1.593337 -0.062461 -0.233987 0.080742 0.913099 0.324008
1732438974.041419029 4.010058 1.612651 -0.062655 -0.234520 0.075392 0.918210 0.310172
1732438974.141574144 3.956775 1.633598 -0.062899 -0.235574 0.071601 0.923132 0.295305
1732438974.241508961 3.903152 1.651353 -0.062949 -0.236778 0.067259 0.927704 0.280673
1732438974.341672659 3.851254 1.668536 -0.063327 -0.236931 0.063906 0.932429 0.265246
1732438974.441319466 3.798554 1.683356 -0.063368 -0.238032 0.060529 0.936439 0.250516
1732438974.541528225 3.746985 1.696125 -0.064256 -0.238098 0.056688 0.940518 0.235629
1732438974.640959501 3.695237 1.707294 -0.063792 -0.238695 0.053089 0.943993 0.221545
1732438974.741657257 3.644079 1.718132 -0.063965 -0.238687 0.049814 0.947544 0.206660
1732438974.841630697 3.593154 1.725715 -0.063209 -0.239495 0.046128 0.950437 0.192830
1732438974.941472292 3.542565 1.731684 -0.062931 -0.240184 0.042431 0.953156 0.178901
1732438975.041385412 3.492741 1.736411 -0.062803 -0.241256 0.038777 0.955567 0.164873
1732438975.141492367 3.445218 1.738940 -0.062693 -0.241132 0.035653 0.957929 0.151513
1732438975.241443396 3.397949 1.739538 -0.062752 -0.241103 0.031796 0.960035 0.138529
1732438975.341363668 3.350291 1.740053 -0.062996 -0.242151 0.028431 0.961623 0.125843
1732438975.441392422 3.301942 1.739541 -0.063816 -0.242619 0.025199 0.963174 0.113124
1732438975.541415691 3.253841 1.736854 -0.063871 -0.243660 0.021566 0.964384 0.100640
1732438975.641479969 3.205617 1.735298 -0.064395 -0.244098 0.019310 0.965580 0.087742
1732438975.741447926 3.155558 1.731869 -0.064605 -0.244879 0.016478 0.966540 0.074584
1732438975.841606140 3.106023 1.726414 -0.064808 -0.244833 0.013149 0.967474 0.062272
1732438975.941460848 3.054869 1.720754 -0.065004 -0.245178 0.010149 0.968037 0.051856
1732438976.041419029 3.004226 1.717611 -0.065379 -0.244601 0.008537 0.968571 0.044352
1732438976.141642332 2.950699 1.716975 -0.065713 -0.245535 0.007608 0.968497 0.040849
1732438976.241449356 2.896251 1.716389 -0.066195 -0.245599 0.006683 0.968541 0.039561
1732438976.341381311 2.841147 1.718296 -0.066360 -0.245259 0.006879 0.968613 0.039875
1732438976.441418171 2.786707 1.720417 -0.066355 -0.244703 0.007342 0.968735 0.040236
1732438976.541410208 2.729889 1.724182 -0.065972 -0.245155 0.008247 0.968592 0.040740
1732438976.641587734 2.673544 1.725482 -0.066240 -0.243912 0.008079 0.968866 0.041717
1732438976.741491556 2.616903 1.728889 -0.065907 -0.243890 0.008855 0.968867 0.041665
1732438976.841298580 2.560780 1.730875 -0.066060 -0.243693 0.008768 0.968881 0.042498
1732438976.941584349 2.505255 1.732505 -0.066115 -0.243814 0.008473 0.968816 0.043344
1732438977.041490793 2.451360 1.734046 -0.066241 -0.243271 0.008076 0.968961 0.043229
1732438977.141327858 2.397235 1.736066 -0.066322 -0.243183 0.008171 0.968994 0.042956
1732438977.241510630 2.342086 1.738984 -0.066019 -0.243860 0.008525 0.968832 0.042700
1732438977.341487408 2.287284 1.739743 -0.065847 -0.243100 0.007923 0.969014 0.043039
1732438977.441707850 2.230753 1.742811 -0.063147 -0.242397 0.008276 0.969209 0.042540
1732438977.541643858 2.174363 1.744820 -0.062106 -0.242895 0.008167 0.969088 0.042479
1732438977.640957832 2.118257 1.746500 -0.061472 -0.242888 0.007742 0.969093 0.042480
1732438977.741453171 2.061407 1.747953 -0.061994 -0.243750 0.007813 0.968877 0.042451
1732438977.841540813 2.004880 1.748865 -0.062319 -0.244214 0.007662 0.968775 0.042144
1732438977.940988779 1.948770 1.750371 -0.061963 -0.243959 0.007571 0.968852 0.041855
1732438978.041049719 1.892293 1.751481 -0.061750 -0.243519 0.007215 0.968967 0.041825
1732438978.141018867 1.836332 1.751752 -0.061466 -0.243389 0.006578 0.969019 0.041492
1732438978.241441011 1.780795 1.753800 -0.061603 -0.242876 0.006756 0.969152 0.041360
1732438978.341379642 1.724902 1.753371 -0.061085 -0.243650 0.005785 0.968972 0.041155
1732438978.441502810 1.670623 1.755037 -0.061103 -0.242776 0.006006 0.969218 0.040495
1732438978.541499376 1.615891 1.754670 -0.061092 -0.242455 0.005543 0.969391 0.038279
1732438978.641581297 1.561351 1.753538 -0.061095 -0.242724 0.005220 0.969539 0.032432
1732438978.741511822 1.507859 1.746717 -0.060740 -0.242211 0.002790 0.969900 0.024904
1732438978.840979099 1.455414 1.738141 -0.060551 -0.241052 0.000151 0.970409 0.014158
1732438978.941529036 1.402441 1.725181 -0.060636 -0.241134 -0.003854 0.970483 0.001440
1732438979.041445732 1.350291 1.711138 -0.060569 -0.240793 -0.007484 0.970461 -0.012974
1732438979.141513348 1.297706 1.693606 -0.061028 -0.241708 -0.011833 0.969891 -0.027366
1732438979.241476297 1.247185 1.675560 -0.061468 -0.241076 -0.015654 0.969449 -0.042493
1732438979.341384172 1.195872 1.655052 -0.061016 -0.241010 -0.019867 0.968602 -0.057709
1732438979.441552877 1.144811 1.633956 -0.060961 -0.240738 -0.023491 0.967546 -0.073137
1732438979.541430235 1.094433 1.612100 -0.060051 -0.240810 -0.026892 0.966182 -0.088205
1732438979.641037703 1.048406 1.587003 -0.059839 -0.239845 -0.031340 0.964879 -0.102476
1732438979.741486073 1.002178 1.564925 -0.058958 -0.240316 -0.033550 0.963076 -0.116650
1732438979.841147900 0.959223 1.541465 -0.059102 -0.239158 -0.036252 0.961490 -0.130481
1732438979.941516638 0.917371 1.515453 -0.058713 -0.238885 -0.039854 0.959567 -0.143449
1732438980.041415215 0.877235 1.490770 -0.058441 -0.238608 -0.043031 0.957470 -0.156414
1732438980.141098499 0.842017 1.466015 -0.058213 -0.237201 -0.045971 0.955679 -0.168226
1732438980.241504431 0.807069 1.441194 -0.057968 -0.236496 -0.048338 0.953659 -0.179634
1732438980.341078758 0.772739 1.415671 -0.057756 -0.236243 -0.051433 0.951336 -0.191057
1732438980.441486597 0.737619 1.389061 -0.057473 -0.236382 -0.054184 0.948794 -0.202431
1732438980.541457653 0.705885 1.362652 -0.057357 -0.234912 -0.056334 0.946518 -0.213885
1732438980.641010761 0.673285 1.334550 -0.056894 -0.234056 -0.059149 0.943852 -0.225527
1732438980.741478443 0.642082 1.304213 -0.056631 -0.232567 -0.062321 0.941212 -0.236958
1732438980.841388702 0.610603 1.273325 -0.056372 -0.231520 -0.065317 0.938086 -0.249254
1732438980.941563845 0.578679 1.241037 -0.056657 -0.231219 -0.068332 0.934599 -0.261519
1732438981.041471481 0.548083 1.206752 -0.056369 -0.230447 -0.071970 0.931058 -0.273581
1732438981.140996456 0.517461 1.172738 -0.056037 -0.229459 -0.074585 0.927300 -0.286184
1732438981.240945816 0.486036 1.136620 -0.056198 -0.228566 -0.077437 0.923277 -0.298866
1732438981.341406345 0.455000 1.099437 -0.055755 -0.227675 -0.079992 0.918821 -0.312303
1732438981.441010475 0.426493 1.059223 -0.055251 -0.226841 -0.083934 0.914246 -0.325043
1732438981.541049004 0.397736 1.019973 -0.054391 -0.225260 -0.086449 0.909294 -0.339072
1732438981.641148806 0.369328 0.976585 -0.054297 -0.223969 -0.089676 0.904438 -0.351835
1732438981.741004467 0.340927 0.932892 -0.053543 -0.223512 -0.092697 0.898704 -0.365761
1732438981.841532707 0.314000 0.886507 -0.053818 -0.222370 -0.096139 0.893039 -0.379197
1732438981.941792965 0.290890 0.841179 -0.053028 -0.219893 -0.099485 0.887175 -0.393282
1732438982.040921211 0.267835 0.794459 -0.052498 -0.218638 -0.102998 0.880976 -0.406779
1732438982.141575336 0.247093 0.747939 -0.051891 -0.215968 -0.105743 0.874995 -0.420190
1732438982.241055250 0.226755 0.702029 -0.050279 -0.214150 -0.108239 0.868606 -0.433529
1732438982.341416359 0.210488 0.652084 -0.050873 -0.212454 -0.113001 0.862138 -0.445882
1732438982.441386938 0.191116 0.608779 -0.049702 -0.210155 -0.113014 0.856205 -0.458231
1732438982.541161776 0.176271 0.559846 -0.049668 -0.208249 -0.116833 0.849187 -0.471025
1732438982.641635895 0.162183 0.513119 -0.049059 -0.205053 -0.118725 0.842228 -0.484262
1732438982.741522789 0.150759 0.463481 -0.048537 -0.203417 -0.122659 0.834859 -0.496575
1732438982.841062784 0.140228 0.415439 -0.047728 0.201075 0.125075 -0.827205 0.509566
1732438982.941070080 0.131704 0.366167 -0.046672 0.198566 0.128333 -0.819780 0.521597
1732438983.041501999 0.125711 0.316517 -0.046020 0.194915 0.131418 -0.812062 0.534128
1732438983.141401052 0.119140 0.265805 -0.044607 0.193329 0.135474 -0.803846 0.545988
1732438983.241594553 0.114035 0.216275 -0.043479 0.191330 0.137640 -0.795535 0.558186
1732438983.341129065 0.111905 0.165735 -0.042061 0.188622 0.140525 -0.786713 0.570751
1732438983.441547155 0.106844 0.114551 -0.040702 0.188638 0.142974 -0.777364 0.582820
1732438983.541536331 0.108994 0.064376 -0.039783 0.185187 0.146091 -0.768900 0.594269
1732438983.641175508 0.111446 0.014740 -0.038987 0.182907 0.149666 -0.759863 0.605601
1732438983.741490602 0.113643 -0.034184 -0.038889 0.180753 0.152023 -0.750927 0.616706
1732438983.841615438 0.119189 -0.081737 -0.038135 0.178605 0.155783 -0.742383 0.626658
1732438983.941469193 0.123474 -0.125343 -0.037585 0.176503 0.157729 -0.734656 0.635806
1732438984.041492701 0.127804 -0.165994 -0.037005 0.174547 0.159720 -0.729143 0.642164
1732438984.141444683 0.128243 -0.202050 -0.036326 0.173932 0.160082 -0.725347 0.646523
1732438984.241529226 0.128202 -0.232207 -0.035919 0.173301 0.160275 -0.723759 0.648422
1732438984.341450691 0.127783 -0.253766 -0.035358 0.173503 0.160846 -0.723212 0.648837
1732438984.441037655 0.126658 -0.264766 -0.035340 0.173924 0.160895 -0.723091 0.648848
1732438984.541113377 0.126752 -0.264734 -0.035519 0.173392 0.160791 -0.723033 0.649080
1732438984.641123295 0.126827 -0.258706 -0.035473 0.173161 0.160223 -0.723397 0.648876
1732438984.741499662 0.128258 -0.249950 -0.035432 0.172663 0.160321 -0.722780 0.649672
1732438984.841590881 0.129550 -0.237346 -0.035765 0.172492 0.160798 -0.721626 0.650881
1732438984.941500425 0.133208 -0.219395 -0.035807 0.172137 0.161767 -0.719521 0.653062
1732438985.041465044 0.136761 -0.196986 -0.036573 0.171601 0.162839 -0.716851 0.655867
1732438985.141211987 0.141925 -0.168479 -0.036979 0.170413 0.164036 -0.713647 0.659362
1732438985.241115808 0.147234 -0.134156 -0.037685 0.169458 0.165859 -0.709554 0.663557
1732438985.341068506 0.152341 -0.094068 -0.038168 0.168128 0.166914 -0.705574 0.667860
1732438985.441219330 0.155680 -0.049050 -0.038986 0.167094 0.167899 -0.701097 0.672572
1732438985.541091681 0.159961 -0.000563 -0.039349 0.166040 0.169595 -0.696513 0.677154
1732438985.641540051 0.161374 0.052506 -0.040299 0.164679 0.169387 -0.692467 0.681673
1732438985.741638899 0.163927 0.108709 -0.041306 0.162490 0.170348 -0.688421 0.686043
1732438985.841617823 0.166046 0.165210 -0.042807 0.161457 0.172860 -0.683867 0.690201
1732438985.941653728 0.165505 0.225567 -0.043374 0.159651 0.172519 -0.679600 0.694905
1732438986.041627407 0.165622 0.283864 -0.043931 0.158044 0.173755 -0.675194 0.699246
1732438986.140960217 0.162065 0.342354 -0.044246 0.158215 0.174474 -0.670257 0.703763
1732438986.241631031 0.161124 0.400800 -0.045659 0.156750 0.176346 -0.665651 0.707984
1732438986.341190100 0.156355 0.459146 -0.045842 0.156569 0.177027 -0.660690 0.712486
1732438986.441005468 0.152519 0.516599 -0.046621 0.156100 0.178951 -0.655618 0.716780
1732438986.541696548 0.146254 0.577437 -0.046964 0.154006 0.178456 -0.652005 0.720642
1732438986.641283512 0.141094 0.632046 -0.050126 0.154489 0.181697 -0.647122 0.724122
1732438986.741009951 0.132438 0.689581 -0.049645 0.153867 0.181307 -0.646427 0.724972
1732438986.841634750 0.124123 0.742027 -0.050638 0.154132 0.182630 -0.644908 0.725936
1732438986.941211224 0.115598 0.791544 -0.050833 0.154010 0.183001 -0.644026 0.726652
1732438987.041240931 0.107308 0.838289 -0.051485 0.154204 0.183139 -0.643369 0.727158
1732438987.141627073 0.099640 0.881639 -0.051661 0.154438 0.184191 -0.642496 0.727614
1732438987.241022110 0.094556 0.923037 -0.051928 0.153813 0.185336 -0.642343 0.727590
1732438987.341030359 0.086679 0.962663 -0.052557 0.154151 0.185406 -0.641663 0.728101
1732438987.440956116 0.080549 0.999681 -0.052767 0.154152 0.186193 -0.641243 0.728270
1732438987.541109562 0.072973 1.033647 -0.053083 0.154718 0.185820 -0.640450 0.728942
1732438987.641006947 0.068627 1.063326 -0.052791 0.153765 0.186054 -0.639635 0.729800
1732438987.740971088 0.065229 1.083776 -0.053090 0.154160 0.186906 -0.639258 0.729829
1732438987.841268778 0.061676 1.099276 -0.052813 0.153804 0.186070 -0.639086 0.730268
1732438987.941176653 0.060644 1.107146 -0.053389 0.153499 0.186007 -0.638761 0.730633
1732438988.041001320 0.060695 1.105875 -0.053404 0.153935 0.186253 -0.638631 0.730591
1732438988.141124725 0.062478 1.101231 -0.053786 0.154224 0.187265 -0.638247 0.730608
1732438988.240985394 0.063899 1.095621 -0.053607 0.154126 0.187401 -0.637558 0.731194
1732438988.341502190 0.066360 1.088453 -0.053551 0.153836 0.187364 -0.637122 0.731645
1732438988.441295147 0.069880 1.077839 -0.053380 0.153325 0.187368 -0.635611 0.733064
1732438988.540978909 0.074974 1.061459 -0.053315 0.152670 0.187122 -0.633060 0.735468
1732438988.641516447 0.083332 1.038992 -0.053105 0.151563 0.187923 -0.629400 0.738627
1732438988.741034985 0.094374 1.012202 -0.052769 0.150085 0.189048 -0.625224 0.742180
1732438988.840970755 0.107010 0.981053 -0.052713 0.148425 0.189475 -0.619897 0.746858
1732438988.941287994 0.122551 0.944350 -0.052724 0.146239 0.190220 -0.613736 0.752169
1732438989.040968180 0.138113 0.903286 -0.052409 0.144733 0.190042 -0.607231 0.757764
1732438989.141682386 0.157435 0.857736 -0.051551 0.143093 0.191424 -0.600099 0.763389
1732438989.240987062 0.179499 0.809440 -0.051086 0.141164 0.192295 -0.593032 0.769031
1732438989.341026783 0.204077 0.756310 -0.050237 0.138873 0.193055 -0.584921 0.775443
1732438989.441674709 0.233490 0.699440 -0.049733 0.136144 0.195201 -0.576603 0.781595
1732438989.540944815 0.265561 0.643661 -0.048525 0.133052 0.197262 -0.567837 0.788001
1732438989.641145229 0.298933 0.585582 -0.048433 0.130598 0.198766 -0.558645 0.794577
1732438989.740969181 0.335675 0.528500 -0.047764 0.127763 0.201168 -0.549246 0.800960
1732438989.840909004 0.372234 0.470568 -0.047304 0.125605 0.202786 -0.539237 0.807666
1732438989.941072226 0.411036 0.412931 -0.047027 0.123160 0.205097 -0.529862 0.813642
1732438990.040994167 0.451009 0.359942 -0.047108 0.119472 0.206469 -0.519484 0.820508
1732438990.141556740 0.489390 0.309038 -0.046327 0.117280 0.208088 -0.508353 0.827358
1732438990.241055727 0.529845 0.263602 -0.044884 0.113887 0.210539 -0.497596 0.833727
1732438990.341012001 0.567861 0.222353 -0.044821 0.110397 0.211540 -0.486093 0.840700
1732438990.441171646 0.603821 0.185880 -0.043947 0.107744 0.213075 -0.475475 0.846707
1732438990.540973902 0.636992 0.154555 -0.043601 0.104655 0.214504 -0.465576 0.852217
1732438990.641066551 0.666233 0.127974 -0.042687 0.102178 0.215267 -0.456496 0.857223
1732438990.741306067 0.694338 0.106580 -0.042326 0.098271 0.216206 -0.448925 0.861431
1732438990.841002226 0.719110 0.087341 -0.042132 0.096163 0.216525 -0.440725 0.865813
1732438990.941031933 0.741744 0.062781 -0.042871 0.097215 0.218857 -0.432210 0.869394
1732438991.041177511 0.767402 0.046584 -0.042770 0.094106 0.219773 -0.424723 0.873187
1732438991.141056061 0.790323 0.029294 -0.042550 0.092442 0.220316 -0.417031 0.876927
1732438991.241044044 0.813888 0.014463 -0.042066 0.089802 0.221071 -0.410267 0.880196
1732438991.341050863 0.837185 -0.001676 -0.042271 0.088394 0.222259 -0.402897 0.883437
1732438991.441067457 0.862581 -0.016857 -0.041985 0.086138 0.223525 -0.395578 0.886643
1732438991.541102886 0.889151 -0.032493 -0.041768 0.083883 0.224548 -0.387948 0.889965
1732438991.641654253 0.916339 -0.047859 -0.041588 0.081415 0.225123 -0.379738 0.893583
1732438991.741045237 0.944800 -0.064286 -0.041488 0.079275 0.225878 -0.371125 0.897196
1732438991.841025352 0.975964 -0.081136 -0.041441 0.076768 0.227108 -0.361894 0.900867
1732438991.941160917 1.008968 -0.099118 -0.041060 0.075128 0.228417 -0.352126 0.904538
1732438992.041068077 1.044086 -0.116021 -0.041132 0.072559 0.229207 -0.341769 0.908512
1732438992.140942812 1.082438 -0.134006 -0.041595 0.069514 0.229170 -0.329810 0.913167
1732438992.241050720 1.124917 -0.151106 -0.041908 0.065826 0.229468 -0.316912 0.917921
1732438992.341607809 1.171484 -0.169493 -0.042004 0.062333 0.231190 -0.303663 0.922201
1732438992.440977335 1.218772 -0.186563 -0.041576 0.058677 0.232057 -0.289532 0.926757
1732438992.540983915 1.270204 -0.202889 -0.041894 0.054702 0.234323 -0.275278 0.930764
1732438992.641041994 1.321121 -0.217622 -0.041997 0.050789 0.234224 -0.259883 0.935425
1732438992.740972996 1.375334 -0.229470 -0.041753 0.045608 0.235255 -0.244574 0.939552
1732438992.841042995 1.431347 -0.242552 -0.041595 0.041914 0.236210 -0.228165 0.943604
1732438992.941035271 1.489212 -0.252914 -0.041290 0.037704 0.237756 -0.212055 0.947145
1732438993.040965796 1.545043 -0.260490 -0.041852 0.032993 0.238455 -0.196201 0.950556
1732438993.140986443 1.600187 -0.267056 -0.041804 0.029372 0.240151 -0.180023 0.953445
1732438993.241091728 1.651592 -0.272384 -0.041904 0.025871 0.239864 -0.164574 0.956405
1732438993.341028690 1.703887 -0.272979 -0.042080 0.021175 0.241352 -0.150017 0.958538
1732438993.441077948 1.752446 -0.275126 -0.042141 0.018154 0.240869 -0.135185 0.960926
1732438993.540997267 1.801441 -0.273864 -0.042506 0.013955 0.241641 -0.121320 0.962651
1732438993.640969992 1.849892 -0.272385 -0.042743 0.010838 0.242007 -0.107336 0.964258
1732438993.741035700 1.898785 -0.268790 -0.042503 0.007304 0.242979 -0.093895 0.965449
1732438993.841110229 1.945880 -0.264404 -0.042667 0.004067 0.242685 -0.079097 0.966867
1732438993.941017866 1.993783 -0.256855 -0.042982 -0.000071 0.243411 -0.065469 0.967711
1732438994.041013241 2.040448 -0.248223 -0.043440 -0.003868 0.242557 -0.051244 0.968775
1732438994.141041517 2.085983 -0.240992 -0.042680 -0.006348 0.241648 -0.038229 0.969590
1732438994.241167307 2.133865 -0.233102 -0.043663 -0.009601 0.243060 -0.029585 0.969512
1732438994.341073275 2.178987 -0.228921 -0.043570 -0.011090 0.243052 -0.024545 0.969639
1732438994.441012859 2.224727 -0.228082 -0.043284 -0.011284 0.242951 -0.023413 0.969690
1732438994.541140556 2.270651 -0.229773 -0.043969 -0.010459 0.242157 -0.025377 0.969849
1732438994.641009331 2.317473 -0.232800 -0.043639 -0.009256 0.242771 -0.029474 0.969592
1732438994.741140127 2.364386 -0.237381 -0.043251 -0.007690 0.243055 -0.034392 0.969372
1732438994.841027498 2.412175 -0.241884 -0.043139 -0.006565 0.243590 -0.039238 0.969062
1732438994.941787243 2.460457 -0.247922 -0.043023 -0.004872 0.243674 -0.044129 0.968840
1732438995.041724205 2.509051 -0.253318 -0.042717 -0.003651 0.243683 -0.049498 0.968584
1732438995.141124249 2.558613 -0.259674 -0.042400 -0.002129 0.243607 -0.054978 0.968312
1732438995.241070747 2.607730 -0.267409 -0.041624 -0.000263 0.244308 -0.059152 0.967892
1732438995.341159582 2.658373 -0.272020 -0.042342 -0.000094 0.243867 -0.064463 0.967664
1732438995.441070557 2.711451 -0.279936 -0.041598 0.001342 0.243462 -0.067903 0.967530
1732438995.541184664 2.769067 -0.287364 -0.041830 0.001970 0.244079 -0.071209 0.967135
1732438995.641068459 2.826905 -0.294406 -0.041502 0.002760 0.242870 -0.074217 0.967212
1732438995.741125822 2.886718 -0.300506 -0.040763 0.003127 0.242655 -0.074902 0.967212
1732438995.841138363 2.946300 -0.308069 -0.039903 0.004091 0.242271 -0.074628 0.967326
1732438995.941047907 3.006720 -0.312457 -0.039586 0.003539 0.242399 -0.074125 0.967334
1732438996.041153431 3.067215 -0.319298 -0.039815 0.004258 0.241189 -0.073358 0.967692
1732438996.141068459 3.129799 -0.323094 -0.040172 0.003588 0.241668 -0.072457 0.967643
1732438996.241204739 3.192876 -0.329653 -0.039622 0.004187 0.242349 -0.070953 0.967582
1732438996.341136456 3.255527 -0.332742 -0.040051 0.003202 0.241393 -0.069981 0.967895
1732438996.441035748 3.319165 -0.338715 -0.039686 0.003462 0.241844 -0.068668 0.967876
1732438996.541212082 3.383020 -0.342506 -0.040016 0.002791 0.242161 -0.067845 0.967857
1732438996.641035080 3.446084 -0.347862 -0.039609 0.003262 0.243364 -0.066961 0.967615
1732438996.741176844 3.509194 -0.352443 -0.039770 0.003199 0.243101 -0.066409 0.967720
1732438996.841102362 3.574350 -0.355792 -0.039608 0.002577 0.244782 -0.064880 0.967402
1732438996.941188574 3.637353 -0.358491 -0.040181 0.001589 0.243309 -0.065172 0.967756
1732438997.041104078 3.704361 -0.362453 -0.040149 0.001230 0.244631 -0.063621 0.967526
1732438997.141049623 3.769099 -0.365642 -0.039959 0.000668 0.245472 -0.062973 0.967356
1732438997.241174698 3.830237 -0.369166 -0.039469 0.000390 0.243563 -0.062278 0.967883
1732438997.341134548 3.891200 -0.372646 -0.040034 0.000375 0.242829 -0.061903 0.968092
1732438997.441208601 3.953781 -0.378257 -0.040734 0.001281 0.244397 -0.061237 0.967739
1732438997.541215181 4.017033 -0.379075 -0.041136 -0.000419 0.245848 -0.061190 0.967375
1732438997.641170025 4.078294 -0.384955 -0.041557 0.000474 0.245146 -0.059957 0.967630
1732438997.741081953 4.139849 -0.385948 -0.042166 -0.000702 0.245795 -0.059042 0.967522
1732438997.841089010 4.199365 -0.388167 -0.042257 -0.000866 0.245422 -0.055653 0.967817
1732438997.941186905 4.258188 -0.385552 -0.042468 -0.002842 0.245467 -0.050212 0.968100
1732438998.041100025 4.317097 -0.382483 -0.042458 -0.004549 0.245817 -0.042883 0.968357
1732438998.141067028 4.376044 -0.374304 -0.042570 -0.007891 0.246179 -0.032919 0.968633
1732438998.241336107 4.435199 -0.367557 -0.042663 -0.009575 0.245988 -0.020194 0.969015
1732438998.341826916 4.494350 -0.354032 -0.043308 -0.013870 0.245730 -0.007550 0.969210
1732438998.441210508 4.551620 -0.339121 -0.043544 -0.017686 0.244608 0.007036 0.969435
1732438998.541187286 4.609010 -0.324304 -0.043794 -0.020525 0.244498 0.022237 0.969177
1732438998.641089678 4.665130 -0.307694 -0.043451 -0.023482 0.243815 0.037295 0.968820
1732438998.741107464 4.719695 -0.287386 -0.044075 -0.027874 0.243631 0.051901 0.968077
1732438998.841096163 4.772741 -0.268784 -0.043569 -0.030142 0.243485 0.065804 0.967200
1732438998.941387653 4.824276 -0.247709 -0.044325 -0.033727 0.243502 0.079450 0.966052
1732438999.041125536 4.874794 -0.225516 -0.044710 -0.036769 0.244696 0.092494 0.964477
1732438999.141849756 4.921385 -0.202549 -0.045632 -0.040374 0.243489 0.106087 0.963238
1732438999.241187811 4.966349 -0.179005 -0.046662 -0.043555 0.244032 0.118621 0.961499
1732438999.341090202 5.007796 -0.154986 -0.046885 -0.046421 0.242904 0.131714 0.959945
1732438999.441125154 5.048650 -0.129862 -0.047460 -0.049717 0.242792 0.144616 0.957949
1732438999.541130066 5.088087 -0.103443 -0.047957 -0.052940 0.242795 0.157341 0.955768
1732438999.641132832 5.125524 -0.076223 -0.048469 -0.056461 0.241748 0.170278 0.953612
1732438999.741153002 5.163399 -0.048138 -0.049469 -0.059305 0.241135 0.183764 0.951088
1732438999.841099024 5.200950 -0.018819 -0.050192 -0.061967 0.240127 0.197808 0.948352
1732438999.941200495 5.240402 0.013380 -0.050619 -0.065141 0.240341 0.211662 0.945089
1732439000.041183472 5.276848 0.048689 -0.051196 -0.069155 0.238408 0.226075 0.941950
1732439000.141282320 5.315377 0.083906 -0.051327 -0.072038 0.237434 0.240717 0.938345
1732439000.241214752 5.352586 0.123011 -0.052021 -0.076518 0.236730 0.255461 0.934261
1732439000.341133118 5.390573 0.162796 -0.052492 -0.079856 0.236386 0.270462 0.929836
1732439000.441327572 5.427161 0.204547 -0.052869 -0.083735 0.235018 0.285988 0.925184
1732439000.541199923 5.463541 0.248193 -0.053300 -0.087264 0.233722 0.301430 0.920271
1732439000.641130209 5.497913 0.294454 -0.053230 -0.091232 0.232006 0.317424 0.914927
1732439000.741220951 5.532870 0.342411 -0.053889 -0.095231 0.231716 0.332997 0.909039
1732439000.841197491 5.565981 0.392343 -0.054519 -0.100009 0.231569 0.348314 0.902802
1732439000.941282511 5.594543 0.440897 -0.055077 -0.103340 0.228860 0.364104 0.896868
1732439001.041214466 5.623806 0.488126 -0.055805 -0.105858 0.227745 0.379063 0.890639
1732439001.141143799 5.648467 0.537686 -0.056303 -0.109846 0.225726 0.393724 0.884287
1732439001.241307974 5.671803 0.583431 -0.057057 -0.112162 0.224181 0.408089 0.877853
1732439001.341248035 5.691690 0.627449 -0.057629 -0.115058 0.222193 0.421417 0.871665
1732439001.441192627 5.707824 0.668485 -0.058144 -0.117781 0.220160 0.431977 0.866633
1732439001.541265011 5.724864 0.706670 -0.058603 -0.120414 0.219447 0.439388 0.862718
1732439001.641178370 5.742014 0.737343 -0.058881 -0.121041 0.219382 0.443216 0.860686
1732439001.741158724 5.756160 0.759887 -0.058970 -0.121031 0.219317 0.445530 0.859508
1732439001.841255188 5.765377 0.774937 -0.059487 -0.121615 0.219700 0.445654 0.859264
1732439001.941181898 5.769175 0.779589 -0.059397 -0.121278 0.219483 0.445874 0.859253
1732439002.041165113 5.766573 0.776026 -0.059671 -0.120902 0.218763 0.446077 0.859384
1732439002.141238928 5.761373 0.769398 -0.059456 -0.121153 0.218400 0.447424 0.858740
1732439002.241194725 5.754317 0.761083 -0.059292 -0.121838 0.218266 0.448872 0.857922
1732439002.341267347 5.744618 0.750101 -0.059137 -0.122618 0.217652 0.451656 0.856504
1732439002.441228628 5.732035 0.735916 -0.059229 -0.123835 0.217018 0.454887 0.854778
1732439002.541158915 5.716780 0.718452 -0.058936 -0.125162 0.216608 0.458922 0.852529
1732439002.641252756 5.700241 0.697692 -0.058948 -0.126518 0.216017 0.463856 0.849804
1732439002.741221189 5.681486 0.672870 -0.058558 -0.127556 0.215483 0.469078 0.846913
1732439002.841174364 5.660830 0.645113 -0.058195 -0.128828 0.215110 0.474640 0.843711
1732439002.941218853 5.639017 0.614073 -0.058050 -0.130155 0.214317 0.480264 0.840520
1732439003.041157484 5.616061 0.580110 -0.057801 -0.132449 0.214267 0.485935 0.836908
1732439003.141315222 5.592203 0.542769 -0.057509 -0.133835 0.213511 0.491771 0.833464
1732439003.241216421 5.566467 0.502917 -0.056549 -0.136082 0.212593 0.497803 0.829746
1732439003.341959000 5.540533 0.460710 -0.056045 -0.138311 0.211697 0.503736 0.826017
1732439003.441224813 5.516350 0.416542 -0.055115 -0.139188 0.210834 0.508872 0.822937
1732439003.541243792 5.492203 0.371569 -0.054420 -0.140360 0.209408 0.512555 0.820813
1732439003.641198397 5.471992 0.327779 -0.053550 -0.141377 0.209535 0.514791 0.819206
1732439003.741208315 5.452252 0.283927 -0.052945 -0.141404 0.208659 0.516053 0.818630
1732439003.841163874 5.434476 0.240427 -0.052119 -0.141649 0.208768 0.516927 0.818009
1732439003.941225767 5.416821 0.197777 -0.051602 -0.142022 0.208844 0.517775 0.817388
1732439004.041218758 5.400188 0.154939 -0.050630 -0.141729 0.208580 0.518526 0.817030
1732439004.141304970 5.383713 0.114640 -0.050262 -0.142150 0.208825 0.518874 0.816673
1732439004.241295815 5.367690 0.074441 -0.050090 -0.142108 0.208177 0.519499 0.816449
1732439004.341188431 5.351194 0.036122 -0.049435 -0.142371 0.207842 0.519719 0.816349
1732439004.441354275 5.336721 -0.002274 -0.048411 -0.141977 0.207521 0.520543 0.815973
1732439004.541250706 5.323679 -0.036509 -0.047531 -0.141989 0.207858 0.520558 0.815876
1732439004.641207218 5.311344 -0.067185 -0.046765 -0.142105 0.207195 0.521275 0.815567
1732439004.741342068 5.300805 -0.094043 -0.046048 -0.141555 0.206506 0.521647 0.815599
1732439004.841253996 5.294068 -0.113734 -0.045667 -0.141083 0.206549 0.521892 0.815513
1732439004.941377878 5.290642 -0.124501 -0.045430 -0.140702 0.206641 0.521896 0.815553
1732439005.041311264 5.290611 -0.124590 -0.045335 -0.140661 0.206606 0.522212 0.815367
1732439005.141219378 5.291977 -0.117855 -0.045917 -0.141707 0.207221 0.523079 0.814474
1732439005.241313219 5.293577 -0.110277 -0.045698 -0.142097 0.206953 0.524702 0.813429
1732439005.341243505 5.294836 -0.100905 -0.046061 -0.142549 0.206528 0.526542 0.812268
1732439005.441219091 5.296667 -0.087903 -0.046115 -0.143537 0.206110 0.529555 0.810239
1732439005.541301966 5.299048 -0.070935 -0.046564 -0.144304 0.205540 0.533608 0.807584
1732439005.641240120 5.302516 -0.049975 -0.046805 -0.144987 0.204511 0.538923 0.804186
1732439005.741358280 5.305343 -0.022739 -0.047194 -0.146185 0.203375 0.545444 0.799850
1732439005.841260433 5.308113 0.010823 -0.047883 -0.148213 0.201863 0.553333 0.794422
1732439005.941425323 5.310631 0.050356 -0.048696 -0.150837 0.200569 0.562286 0.787943
1732439006.041316271 5.311924 0.095458 -0.049508 -0.153854 0.198462 0.572893 0.780215
1732439006.141255617 5.313346 0.144756 -0.049949 -0.156796 0.197078 0.584038 0.771670
1732439006.241416693 5.312320 0.198651 -0.050310 -0.160597 0.195219 0.595973 0.762177
1732439006.341316700 5.310106 0.252787 -0.051074 -0.162566 0.192406 0.608634 0.752407
1732439006.441292524 5.306171 0.310424 -0.051775 -0.164951 0.189824 0.621964 0.741565
1732439006.541362524 5.298764 0.370004 -0.052530 -0.168469 0.187298 0.635171 0.730134
1732439006.641321659 5.290439 0.430041 -0.053351 -0.170857 0.184800 0.649353 0.717633
1732439006.741225004 5.278411 0.490044 -0.053744 -0.173866 0.180691 0.663024 0.705352
1732439006.841311693 5.264124 0.550669 -0.054001 -0.176924 0.177176 0.676289 0.692777
1732439006.941341162 5.247072 0.610556 -0.054904 -0.180509 0.173467 0.689258 0.679889
1732439007.041261196 5.228738 0.668516 -0.054661 -0.183118 0.170041 0.702357 0.666520
1732439007.141249418 5.208849 0.723186 -0.054976 -0.185223 0.165848 0.714798 0.653645
1732439007.241329670 5.188185 0.776115 -0.054968 -0.188026 0.162990 0.726246 0.640817
1732439007.341413975 5.166556 0.824060 -0.055386 -0.190357 0.159293 0.736627 0.629103
1732439007.441436768 5.144803 0.868850 -0.055986 -0.192215 0.156339 0.746465 0.617577
1732439007.542038679 5.123728 0.909938 -0.056467 -0.194166 0.153638 0.755448 0.606624
1732439007.641257286 5.102190 0.947138 -0.056888 -0.196521 0.150823 0.763105 0.596911
1732439007.741280079 5.080550 0.980304 -0.056991 -0.197742 0.147086 0.770612 0.587725
1732439007.841332674 5.062136 1.013216 -0.057249 -0.199068 0.145439 0.777568 0.578452
1732439007.941239834 5.040767 1.043795 -0.057310 -0.201291 0.143297 0.783783 0.569765
1732439008.041368484 5.022300 1.074044 -0.057135 -0.202592 0.142045 0.789872 0.561144
1732439008.141348839 5.001260 1.101858 -0.057225 -0.204309 0.139441 0.795816 0.552712
1732439008.241290092 4.981382 1.129825 -0.056958 -0.206071 0.138281 0.800889 0.544968
1732439008.341436148 4.961927 1.155222 -0.057200 -0.207058 0.135946 0.806497 0.536851
1732439008.441372871 4.943370 1.178527 -0.057028 -0.207665 0.133952 0.811750 0.529145
1732439008.541467428 4.924106 1.201050 -0.057592 -0.208938 0.131984 0.816455 0.521848
1732439008.641380548 4.904650 1.222680 -0.057716 -0.210044 0.130152 0.821165 0.514422
1732439008.742019176 4.885932 1.243139 -0.058117 -0.210690 0.127890 0.825912 0.507073
1732439008.841265202 4.866089 1.263574 -0.058228 -0.212128 0.125898 0.830100 0.500086
1732439008.941380739 4.845261 1.285480 -0.058347 -0.213418 0.124261 0.834619 0.492365
1732439009.041312456 4.822776 1.307318 -0.058840 -0.214772 0.122086 0.839034 0.484757
1732439009.141411304 4.799678 1.328261 -0.058700 -0.215860 0.119653 0.843676 0.476758
1732439009.241377592 4.775917 1.349729 -0.058945 -0.216518 0.117350 0.848576 0.468260
1732439009.341324329 4.750487 1.372020 -0.058781 -0.217727 0.115161 0.853287 0.459602
1732439009.441425323 4.725723 1.394751 -0.058943 -0.218405 0.113390 0.858332 0.450232
1732439009.541321993 4.697881 1.417921 -0.058734 -0.219284 0.110855 0.863489 0.440469
1732439009.641460180 4.666889 1.441927 -0.058946 -0.221276 0.108296 0.868293 0.430553
1732439009.741380692 4.634060 1.466318 -0.059111 -0.221940 0.105431 0.873850 0.419538
1732439009.841302395 4.598336 1.490922 -0.059345 -0.223288 0.102193 0.879616 0.407401
1732439009.941456556 4.559028 1.515379 -0.059755 -0.224615 0.098289 0.885299 0.395137
1732439010.041333199 4.517697 1.540162 -0.060014 -0.226088 0.094712 0.891080 0.381955
1732439010.141317368 4.475378 1.563155 -0.060234 -0.227935 0.090779 0.896577 0.368719
1732439010.241406441 4.434400 1.585116 -0.060207 -0.228253 0.087246 0.902445 0.354798
1732439010.341372013 4.389617 1.605568 -0.060507 -0.230082 0.083233 0.907468 0.341522
1732439010.441469669 4.344523 1.627314 -0.060346 -0.231523 0.080160 0.912641 0.327195
1732439010.541347504 4.297889 1.648025 -0.060627 -0.232922 0.077120 0.917581 0.312802
1732439010.641317129 4.250612 1.666517 -0.060728 -0.234938 0.073590 0.922015 0.298791
1732439010.741465807 4.204844 1.682327 -0.060737 -0.235818 0.070271 0.926369 0.285118
1732439010.841285706 4.159204 1.696755 -0.061580 -0.236746 0.066768 0.930600 0.271065
1732439010.941475630 4.113924 1.709455 -0.061780 -0.238202 0.063016 0.934242 0.257839
1732439011.041381836 4.070222 1.719552 -0.062351 -0.239650 0.059059 0.937548 0.245120
1732439011.141331434 4.029953 1.729249 -0.061689 -0.239174 0.056236 0.940987 0.232758
1732439011.241509914 3.988172 1.737978 -0.062123 -0.239847 0.052844 0.943854 0.220955
1732439011.341439009 3.946869 1.745247 -0.061840 -0.239965 0.049480 0.946811 0.208609
1732439011.441419601 3.905817 1.753651 -0.061926 -0.241306 0.047318 0.948818 0.198185
1732439011.541462421 3.866843 1.759803 -0.061360 -0.240263 0.044610 0.951066 0.189095
1732439011.641411781 3.828253 1.771256 -0.060988 -0.240155 0.044461 0.952189 0.183538
1732439011.741155386 3.790526 1.782233 -0.060517 -0.240073 0.043788 0.952673 0.181280
1732439011.841199160 3.751492 1.791314 -0.061491 -0.241277 0.041784 0.952702 0.179996
1732439011.941429615 3.716217 1.804291 -0.061164 -0.241291 0.042406 0.952811 0.179253
1732439012.041436195 3.680886 1.815339 -0.061265 -0.240850 0.042032 0.952884 0.179543
1732439012.141577244 3.645935 1.827096 -0.060930 -0.240972 0.042228 0.952905 0.179225
1732439012.241457462 3.609978 1.837560 -0.061340 -0.240846 0.041623 0.952892 0.179603
1732439012.341465473 3.574769 1.849276 -0.060845 -0.239915 0.041655 0.953158 0.179430
1732439012.441452503 3.537261 1.860848 -0.060950 -0.239390 0.040825 0.953354 0.179280
1732439012.541526079 3.498451 1.874572 -0.060658 -0.239044 0.041539 0.953396 0.179356
1732439012.641448975 3.456189 1.889828 -0.060707 -0.239147 0.042113 0.953470 0.178690
1732439012.741516113 3.410920 1.904077 -0.060499 -0.239203 0.041815 0.953481 0.178628
1732439012.841486931 3.362559 1.918925 -0.061001 -0.239142 0.041247 0.953597 0.178223
1732439012.941572428 3.311974 1.936876 -0.060518 -0.240776 0.042429 0.953535 0.176061
1732439013.041450739 3.260314 1.948777 -0.061593 -0.239506 0.040480 0.954259 0.174322
1732439013.141367435 3.203955 1.962561 -0.062136 -0.241057 0.039434 0.955036 0.168056
1732439013.241587877 3.146483 1.972870 -0.062428 -0.242039 0.037418 0.956107 0.160860
1732439013.341536045 3.088715 1.982757 -0.062341 -0.241583 0.035407 0.957862 0.151276
1732439013.441533327 3.026710 1.990055 -0.062188 -0.242980 0.032380 0.959041 0.141962
1732439013.541529417 2.964680 1.998196 -0.062619 -0.243152 0.030205 0.960183 0.134211
1732439013.641380310 2.900680 2.007622 -0.062710 -0.244827 0.028305 0.960505 0.129185
1732439013.741551161 2.839731 2.017431 -0.062697 -0.244068 0.027152 0.961282 0.125025
1732439013.841483355 2.778651 2.027517 -0.063097 -0.244216 0.026395 0.961781 0.120995
1732439013.941474676 2.720361 2.036607 -0.063620 -0.243050 0.026058 0.962772 0.115406
1732439014.041377306 2.660123 2.042435 -0.063216 -0.243637 0.024109 0.963435 0.108868
1732439014.141526937 2.600254 2.049064 -0.062933 -0.244092 0.023628 0.964168 0.101193
1732439014.241428614 2.541144 2.050547 -0.063467 -0.243873 0.021046 0.964986 0.094264
1732439014.341514587 2.483925 2.053080 -0.062931 -0.244069 0.019224 0.965854 0.084781
1732439014.441488981 2.429583 2.051185 -0.062964 -0.244791 0.016351 0.966437 0.076221
1732439014.541670322 2.379356 2.050611 -0.063100 -0.243375 0.014595 0.967573 0.066008
1732439014.641616344 2.330443 2.044773 -0.063152 -0.243441 0.010933 0.968203 0.056567
1732439014.741462469 2.283480 2.041097 -0.062614 -0.242772 0.008708 0.968899 0.047122
1732439014.841488600 2.236416 2.035324 -0.062797 -0.242716 0.006040 0.969333 0.038018
1732439014.941393137 2.188791 2.029203 -0.062897 -0.243582 0.003545 0.969447 0.028773
1732439015.041568518 2.143866 2.022814 -0.062760 -0.243285 0.001355 0.969752 0.019778
1732439015.141476870 2.100026 2.014484 -0.062821 -0.242979 -0.001526 0.969964 0.011355
1732439015.241494179 2.055630 2.007793 -0.063080 -0.242953 -0.003136 0.970027 0.003323
1732439015.341395378 2.009786 2.001341 -0.063139 -0.243517 -0.004605 0.969883 -0.002472
1732439015.441612959 1.964917 1.994673 -0.062835 -0.243051 -0.006086 0.969973 -0.006453
1732439015.541496277 1.919827 1.991049 -0.062534 -0.243095 -0.006092 0.969939 -0.009327
1732439015.641421795 1.873588 1.986809 -0.062316 -0.242925 -0.006651 0.969970 -0.010067
1732439015.741354227 1.825171 1.983169 -0.062073 -0.242900 -0.006425 0.969979 -0.009906
1732439015.841521978 1.775801 1.979894 -0.061575 -0.242937 -0.006061 0.969971 -0.010054
1732439015.941284418 1.724589 1.975811 -0.061641 -0.243576 -0.006132 0.969818 -0.009264
1732439016.041390419 1.672989 1.972594 -0.061589 -0.242347 -0.005724 0.970129 -0.009220
1732439016.140980244 1.619195 1.967353 -0.061702 -0.242275 -0.006596 0.970143 -0.009097
1732439016.241324425 1.564614 1.962452 -0.061083 -0.242302 -0.007114 0.970122 -0.010115
1732439016.341464281 1.509985 1.954326 -0.061636 -0.241170 -0.008639 0.970367 -0.012223
1732439016.441427708 1.455077 1.945934 -0.061037 -0.241164 -0.009940 0.970294 -0.016460
1732439016.541442871 1.399844 1.936354 -0.060836 -0.240920 -0.011632 0.970224 -0.022070
1732439016.641460180 1.344106 1.926774 -0.060751 -0.240932 -0.012612 0.970035 -0.028706
1732439016.741586924 1.288159 1.915700 -0.061153 -0.240656 -0.013788 0.969856 -0.035695
1732439016.841567039 1.230734 1.902596 -0.061042 -0.241846 -0.015911 0.969254 -0.042479
1732439016.941731930 1.174993 1.889501 -0.060836 -0.240927 -0.017430 0.969122 -0.049525
1732439017.041609764 1.118560 1.875202 -0.060490 -0.241149 -0.019005 0.968645 -0.056678
1732439017.141518831 1.063690 1.859974 -0.060128 -0.241030 -0.020814 0.968254 -0.062897
1732439017.241469145 1.008624 1.843861 -0.059515 -0.241227 -0.022649 0.967738 -0.069138
1732439017.341557026 0.955019 1.827344 -0.058787 -0.240700 -0.024022 0.967190 -0.077652
1732439017.441503286 0.900289 1.809442 -0.058559 -0.241368 -0.025797 0.966262 -0.086107
1732439017.541595697 0.848783 1.788801 -0.058178 -0.240208 -0.028370 0.965613 -0.095322
1732439017.641627073 0.797216 1.767363 -0.057896 -0.239519 -0.031262 0.964684 -0.105065
1732439017.741445780 0.747008 1.745071 -0.057120 -0.239837 -0.034002 0.963433 -0.114536
1732439017.841655254 0.701730 1.726380 -0.055695 -0.237517 -0.034222 0.962809 -0.124148
1732439017.941518068 0.657390 1.699772 -0.057115 -0.237917 -0.039433 0.961204 -0.133897
1732439018.041488647 0.613846 1.678594 -0.056619 -0.236818 -0.040706 0.960008 -0.143681
1732439018.141734362 0.569239 1.653821 -0.056691 -0.237100 -0.043427 0.958353 -0.153157
1732439018.241606474 0.526426 1.630857 -0.056283 -0.236886 -0.044876 0.956684 -0.163176
1732439018.341670990 0.484030 1.604316 -0.056590 -0.236753 -0.047593 0.954892 -0.172810
1732439018.441569090 0.442194 1.575848 -0.056289 -0.236838 -0.050759 0.952651 -0.183811
1732439018.541494370 0.402098 1.546764 -0.056399 -0.236716 -0.053872 0.950264 -0.195093
1732439018.641614914 0.363906 1.516601 -0.056781 -0.236081 -0.056705 0.947765 -0.206859
1732439018.741495609 0.324648 1.485859 -0.056372 -0.236139 -0.059586 0.944668 -0.219752
1732439018.841676474 0.288462 1.452797 -0.056104 -0.234764 -0.063172 0.941751 -0.232379
1732439018.941591978 0.250898 1.419369 -0.055573 -0.234924 -0.066002 0.938107 -0.245786
1732439019.041556120 0.215381 1.384968 -0.055421 -0.233637 -0.068949 0.934860 -0.258255
1732439019.141602278 0.181744 1.347589 -0.055277 -0.232352 -0.072480 0.931322 -0.270921
1732439019.241547823 0.146993 1.311775 -0.055026 -0.231353 -0.075081 0.927472 -0.283963
1732439019.341635942 0.114708 1.273799 -0.055051 -0.229496 -0.078156 0.923655 -0.296791
1732439019.441636086 0.082748 1.236027 -0.054817 -0.228783 -0.081173 0.919412 -0.309437
1732439019.541568518 0.053528 1.197053 -0.054854 -0.227333 -0.084402 0.915148 -0.322024
1732439019.641664028 0.023790 1.158134 -0.054533 -0.225989 -0.087070 0.910717 -0.334579
1732439019.741539955 -0.003561 1.117549 -0.054274 -0.224220 -0.090279 0.906308 -0.346670
1732439019.841447592 -0.030818 1.076991 -0.053794 -0.222808 -0.093151 0.901571 -0.358955
1732439019.941525459 -0.055786 1.034060 -0.053668 -0.221364 -0.096704 0.896639 -0.371060
1732439020.041648626 -0.082050 0.991269 -0.053486 -0.220844 -0.099089 0.891177 -0.383684
1732439020.141513109 -0.105524 0.945517 -0.053635 -0.219372 -0.102626 0.885764 -0.395937
1732439020.241657495 -0.127631 0.899373 -0.053401 -0.217335 -0.105792 0.880114 -0.408623
1732439020.341545582 -0.148820 0.853353 -0.052985 -0.215854 -0.108668 0.874066 -0.421434
1732439020.441378832 -0.167531 0.806846 -0.052685 -0.213877 -0.111717 0.868004 -0.433986
1732439020.541392088 -0.185843 0.761237 -0.051978 -0.212041 -0.114239 0.861802 -0.446415
1732439020.641263247 -0.201651 0.716481 -0.051315 -0.209024 -0.116163 0.855527 -0.459226
1732439020.741611481 -0.217673 0.669069 -0.051036 -0.207532 -0.118956 0.849152 -0.470873
1732439020.841533184 -0.231355 0.622130 -0.050149 -0.204961 -0.121468 0.842523 -0.483106
1732439020.941545248 -0.245831 0.574209 -0.049438 -0.203666 -0.123814 0.835281 -0.495475
1732439021.041538477 -0.258400 0.527198 -0.048668 0.201502 0.125514 -0.828690 0.506869
1732439021.141720057 -0.266681 0.477759 -0.048011 0.198694 0.128924 -0.821723 0.518335
1732439021.241607904 -0.275289 0.428897 -0.047259 0.197395 0.131927 -0.814443 0.529445
1732439021.341488600 -0.282640 0.381780 -0.046610 0.195167 0.134512 -0.807594 0.540008
1732439021.441688061 -0.289612 0.336315 -0.045812 0.193366 0.136859 -0.801327 0.549321
1732439021.541354179 -0.295977 0.295484 -0.045247 0.191819 0.138557 -0.796943 0.555778
1732439021.641536951 -0.303286 0.259043 -0.044576 0.190837 0.139679 -0.794182 0.559772
1732439021.741561413 -0.310063 0.227907 -0.044354 0.190418 0.140968 -0.792791 0.561561
1732439021.841547012 -0.316076 0.204938 -0.044076 0.190692 0.141566 -0.792448 0.561803
1732439021.941501379 -0.319320 0.191282 -0.043893 0.190699 0.141651 -0.792230 0.562086
1732439022.041589022 -0.320796 0.186866 -0.043984 0.190879 0.141657 -0.792116 0.562183
1732439022.141563177 -0.319812 0.190374 -0.044225 0.190108 0.141257 -0.792365 0.562196
1732439022.241567850 -0.318005 0.196283 -0.044041 0.190194 0.141409 -0.792204 0.562355
1732439022.341696978 -0.315460 0.204950 -0.044327 0.190392 0.141365 -0.792270 0.562205
1732439022.441739321 -0.311823 0.217799 -0.044552 0.189948 0.140943 -0.792040 0.562785
1732439022.541571140 -0.306757 0.234875 -0.044687 0.190027 0.140951 -0.791589 0.563391
1732439022.641720295 -0.299842 0.257410 -0.045171 0.190058 0.141368 -0.791016 0.564080
1732439022.741729021 -0.290438 0.285740 -0.045475 0.189986 0.141896 -0.789670 0.565855
1732439022.841783285 -0.278756 0.320726 -0.046060 0.189513 0.142577 -0.787695 0.568588
1732439022.941670418 -0.263610 0.362270 -0.046925 0.188579 0.143640 -0.784569 0.572937
1732439023.041711807 -0.247054 0.410376 -0.047443 0.188522 0.145597 -0.780620 0.577835
1732439023.141717672 -0.229607 0.465084 -0.047875 0.187349 0.146663 -0.776057 0.584060
1732439023.241568089 -0.208732 0.524235 -0.048389 0.186238 0.149383 -0.770919 0.590495
1732439023.341703653 -0.189411 0.590695 -0.049062 0.184798 0.150457 -0.764412 0.599071
1732439023.441592693 -0.165159 0.659214 -0.050348 0.183039 0.155250 -0.756484 0.608379
1732439023.541385174 -0.144433 0.734207 -0.050904 0.181228 0.157889 -0.748159 0.618454
1732439023.641718626 -0.122270 0.812627 -0.052273 0.178719 0.161881 -0.739037 0.629030
1732439023.741621494 -0.104416 0.894013 -0.053427 0.176276 0.164653 -0.730088 0.639365
1732439023.841781616 -0.090969 0.975380 -0.053562 0.174221 0.166640 -0.723268 0.647118
1732439023.941726446 -0.083607 1.051427 -0.053419 0.173692 0.167741 -0.718601 0.652156
1732439024.041594982 -0.078195 1.120288 -0.053745 0.173029 0.168533 -0.715762 0.655242
1732439024.141545057 -0.077709 1.181239 -0.053624 0.174065 0.168256 -0.714166 0.656778
1732439024.241703510 -0.076302 1.232674 -0.053923 0.174191 0.168860 -0.713207 0.657632
1732439024.341628551 -0.075164 1.276903 -0.054054 0.173093 0.168243 -0.712966 0.658340
1732439024.441710234 -0.074561 1.309697 -0.053991 0.173301 0.168607 -0.712543 0.658651
1732439024.541625023 -0.074125 1.331011 -0.053754 0.172780 0.168229 -0.712207 0.659247
1732439024.641500473 -0.073937 1.340382 -0.053907 0.172850 0.168422 -0.712067 0.659331
1732439024.741085529 -0.073768 1.337620 -0.054177 0.173098 0.168704 -0.711936 0.659335
1732439024.841084003 -0.073621 1.329551 -0.054248 0.173418 0.169309 -0.711865 0.659173
1732439024.941147804 -0.073487 1.318784 -0.054030 0.173571 0.169382 -0.711915 0.659059
1732439025.041600943 -0.073531 1.303733 -0.053972 0.173536 0.169421 -0.711674 0.659319
1732439025.141699076 -0.073392 1.284479 -0.053766 0.173390 0.169315 -0.711288 0.659801
1732439025.241688728 -0.073433 1.260823 -0.053892 0.173194 0.169560 -0.710392 0.660754
1732439025.341387033 -0.072637 1.232517 -0.053575 0.173132 0.169887 -0.708605 0.662602
1732439025.441700459 -0.070177 1.199758 -0.053681 0.172580 0.170463 -0.706462 0.664883
1732439025.541683435 -0.066922 1.162826 -0.053492 0.171394 0.170923 -0.703718 0.667975
1732439025.641535521 -0.061149 1.120496 -0.053554 0.169975 0.172250 -0.700626 0.671239
1732439025.741574764 -0.056607 1.074624 -0.053326 0.168872 0.173169 -0.697146 0.674894
1732439025.841787338 -0.051556 1.024853 -0.052985 0.167930 0.173657 -0.693041 0.679218
1732439025.941737413 -0.043761 0.972702 -0.052441 0.165701 0.174110 -0.688712 0.684036
1732439026.041666031 -0.036474 0.914997 -0.052140 0.164851 0.174936 -0.684161 0.688582
1732439026.141783237 -0.025554 0.854852 -0.051718 0.162551 0.176417 -0.678968 0.693870
1732439026.241724730 -0.016040 0.791913 -0.051058 0.161603 0.176829 -0.672570 0.700190
1732439026.341559172 -0.001638 0.728340 -0.050315 0.158498 0.177705 -0.665825 0.707090
1732439026.441715240 0.014922 0.660857 -0.049177 0.157467 0.180446 -0.657187 0.714667
1732439026.541630507 0.035544 0.596653 -0.048167 0.154181 0.181831 -0.647468 0.723845
1732439026.641521454 0.058163 0.533930 -0.046395 0.150299 0.182509 -0.636492 0.734152
1732439026.741381645 0.083679 0.472409 -0.045259 0.146555 0.184055 -0.623596 0.745502
1732439026.841583252 0.115775 0.410622 -0.044150 0.142842 0.188513 -0.610393 0.755963
1732439026.941537619 0.145674 0.351520 -0.043579 0.138888 0.189350 -0.594771 0.768833
1732439027.041709423 0.181255 0.293915 -0.043509 0.134988 0.192416 -0.580294 0.779752
1732439027.141598463 0.218097 0.236885 -0.043119 0.131692 0.196767 -0.565236 0.790220
1732439027.241470814 0.257671 0.184762 -0.043174 0.127411 0.200622 -0.550537 0.800266
1732439027.341582775 0.297716 0.135276 -0.042905 0.122773 0.203841 -0.536045 0.809958
1732439027.441782236 0.336721 0.085703 -0.041708 0.120099 0.207326 -0.521090 0.819181
1732439027.541822195 0.376865 0.043029 -0.041471 0.114624 0.207863 -0.507432 0.828352
1732439027.641851902 0.416123 -0.002673 -0.039966 0.113782 0.211827 -0.493161 0.836047
1732439027.741664171 0.457176 -0.038905 -0.039177 0.108121 0.212343 -0.479897 0.844345
1732439027.841854811 0.497290 -0.075465 -0.038709 0.104560 0.214048 -0.466418 0.851883
1732439027.941862345 0.539363 -0.105724 -0.038506 0.098717 0.215023 -0.453580 0.859235
1732439028.041765451 0.578881 -0.135840 -0.037737 0.094386 0.215959 -0.440057 0.866489
1732439028.141762972 0.617972 -0.165740 -0.037780 0.091299 0.216633 -0.427159 0.873081
1732439028.241662502 0.659359 -0.197087 -0.037959 0.089556 0.220173 -0.414315 0.878548
1732439028.341631889 0.700309 -0.225542 -0.038644 0.086936 0.222921 -0.400993 0.884281
1732439028.441799641 0.737856 -0.249452 -0.038353 0.084098 0.224017 -0.389301 0.889488
1732439028.541674852 0.772138 -0.271259 -0.038096 0.082140 0.226000 -0.380470 0.892984
1732439028.641844988 0.801279 -0.290253 -0.037697 0.080096 0.227392 -0.373823 0.895619
1732439028.741769552 0.822876 -0.304444 -0.037594 0.079012 0.228883 -0.371153 0.896446
1732439028.841854095 0.833258 -0.313528 -0.037321 0.078955 0.229666 -0.369473 0.896945
1732439028.941533566 0.834330 -0.313799 -0.037125 0.078751 0.229470 -0.369110 0.897162
1732439029.041751146 0.827996 -0.308122 -0.037711 0.078621 0.228712 -0.369277 0.897298
1732439029.141906738 0.817977 -0.297248 -0.037670 0.078282 0.228682 -0.368027 0.897849
1732439029.241707563 0.803562 -0.283066 -0.038122 0.077787 0.228573 -0.365399 0.898992
1732439029.341666698 0.785994 -0.263762 -0.037955 0.076850 0.228773 -0.361134 0.900744
1732439029.441864491 0.763560 -0.239499 -0.039036 0.075129 0.228884 -0.355547 0.903080
1732439029.541630507 0.736628 -0.210321 -0.039081 0.073497 0.229805 -0.348723 0.905638
1732439029.641583443 0.703941 -0.177013 -0.040166 0.071520 0.230398 -0.340908 0.908616
1732439029.741731882 0.666389 -0.140025 -0.039649 0.069300 0.230381 -0.331687 0.912198
1732439029.841658115 0.626772 -0.098701 -0.038351 0.063084 0.228765 -0.322779 0.916243
1732439029.941647053 0.589309 -0.064690 -0.038917 0.061836 0.232000 -0.316802 0.917599
1732439030.041792631 0.540774 -0.034468 -0.039930 0.064042 0.230996 -0.312382 0.919215
1732439030.141632318 0.496641 0.001262 -0.041067 0.061756 0.232927 -0.309339 0.919913
1732439030.241642475 0.447162 0.033112 -0.041681 0.062166 0.231711 -0.307367 0.920853
1732439030.341739178 0.403366 0.060803 -0.042161 0.062649 0.231764 -0.305999 0.921263
1732439030.440938711 0.365978 0.084655 -0.042023 0.062772 0.231176 -0.305530 0.921558
1732439030.541414499 0.334832 0.102765 -0.042857 0.062829 0.229559 -0.307234 0.921392
1732439030.641632080 0.316025 0.113362 -0.042526 0.063351 0.229436 -0.308735 0.920885
1732439030.741619110 0.306935 0.117244 -0.042568 0.063669 0.229070 -0.309602 0.920663
1732439030.841453552 0.311056 0.115525 -0.043029 0.063858 0.230523 -0.309053 0.920471
1732439030.941834927 0.317078 0.112398 -0.043050 0.063444 0.230462 -0.307748 0.920952
1732439031.041653156 0.325941 0.108884 -0.043153 0.062779 0.230884 -0.305798 0.921542
1732439031.141539812 0.336398 0.104290 -0.042832 0.062171 0.231148 -0.303187 0.922379
1732439031.241562605 0.349700 0.098807 -0.042931 0.061126 0.231495 -0.299701 0.923500
1732439031.341687441 0.365723 0.092319 -0.042770 0.060280 0.232079 -0.295636 0.924719
1732439031.441661835 0.385165 0.084677 -0.042507 0.059073 0.232773 -0.291293 0.926000
1732439031.541763067 0.408284 0.076271 -0.042550 0.057619 0.233479 -0.285777 0.927631
1732439031.641854048 0.434462 0.067441 -0.042477 0.055702 0.233892 -0.279283 0.929620
1732439031.741486311 0.464001 0.057873 -0.042040 0.053236 0.233977 -0.272030 0.931891
1732439031.841649294 0.496654 0.047904 -0.042019 0.050953 0.234081 -0.263951 0.934312
1732439031.941779137 0.531395 0.036676 -0.042148 0.049328 0.234449 -0.255296 0.936709
1732439032.041764259 0.568965 0.023518 -0.042876 0.048761 0.236762 -0.246322 0.938558
1732439032.141801357 0.608403 0.009252 -0.043253 0.048660 0.239630 -0.237213 0.940180
1732439032.241871119 0.646404 0.000630 -0.043172 0.045516 0.239217 -0.228300 0.942647
1732439032.340974092 0.684055 -0.009582 -0.043101 0.044192 0.240411 -0.219914 0.944398
1732439032.441555738 0.721551 -0.015639 -0.043550 0.040486 0.239805 -0.212878 0.946328
1732439032.541783571 0.758021 -0.024402 -0.043767 0.038719 0.240512 -0.205039 0.947952
1732439032.641749382 0.791912 -0.030405 -0.043649 0.036733 0.241774 -0.198186 0.949167
1732439032.741096497 0.822072 -0.035648 -0.043991 0.034611 0.241691 -0.191597 0.950620
1732439032.841065168 0.851037 -0.040843 -0.043894 0.033433 0.241877 -0.185385 0.951846
1732439032.941692352 0.879656 -0.045071 -0.044261 0.031243 0.242160 -0.179701 0.952938
1732439033.041790724 0.907317 -0.048306 -0.044019 0.029262 0.242806 -0.174149 0.953866
1732439033.140984774 0.935964 -0.051193 -0.044557 0.027187 0.243779 -0.168616 0.954673
1732439033.241103172 0.964138 -0.053697 -0.044153 0.025287 0.245064 -0.162973 0.955376
1732439033.341588259 0.990396 -0.057088 -0.044037 0.024202 0.243755 -0.155989 0.956904
1732439033.441752434 1.019449 -0.062415 -0.044487 0.024368 0.241743 -0.148047 0.958670
1732439033.541084290 1.053739 -0.061799 -0.045064 0.020640 0.243364 -0.140727 0.959450
1732439033.641792059 1.088585 -0.064201 -0.045337 0.018935 0.243257 -0.131907 0.960764
1732439033.741658688 1.124146 -0.065052 -0.045267 0.016612 0.243451 -0.124153 0.961791
1732439033.841729164 1.161776 -0.065691 -0.045127 0.014433 0.242671 -0.115566 0.963092
1732439033.941857100 1.200695 -0.065868 -0.044953 0.012251 0.243248 -0.106021 0.964075
1732439034.041746855 1.243390 -0.065041 -0.045986 0.009738 0.244211 -0.096714 0.964838
1732439034.141034603 1.288095 -0.062659 -0.045925 0.007054 0.244277 -0.086690 0.965797
1732439034.241817951 1.335452 -0.059481 -0.046673 0.004262 0.243794 -0.075807 0.966850
1732439034.341911077 1.384249 -0.055886 -0.046194 0.001621 0.244684 -0.065594 0.967380
1732439034.441711187 1.435253 -0.052339 -0.047127 -0.000690 0.245377 -0.056579 0.967775
1732439034.541657209 1.488896 -0.049804 -0.047159 -0.002268 0.246013 -0.050415 0.967952
1732439034.641612530 1.541620 -0.049679 -0.047878 -0.003222 0.244991 -0.046955 0.968382
1732439034.741702795 1.595549 -0.051699 -0.047321 -0.003193 0.245314 -0.047463 0.968276
1732439034.841770649 1.647218 -0.055500 -0.047550 -0.002788 0.244983 -0.050685 0.968198
1732439034.941652775 1.697098 -0.061911 -0.047065 -0.001417 0.243827 -0.054822 0.968267
1732439035.041039467 1.746307 -0.067073 -0.047137 -0.001148 0.243520 -0.059652 0.968059
1732439035.140980005 1.794673 -0.074311 -0.046688 0.000159 0.243721 -0.064876 0.967673
1732439035.241703510 1.842773 -0.082316 -0.046473 0.001664 0.244377 -0.069590 0.967179
1732439035.341701746 1.888795 -0.090486 -0.046061 0.003125 0.243531 -0.074733 0.967004
1732439035.441735744 1.933027 -0.098263 -0.045446 0.004060 0.242323 -0.079738 0.966905
1732439035.541651487 1.977631 -0.106134 -0.045423 0.004861 0.241803 -0.083434 0.966719
1732439035.641792536 2.023326 -0.113575 -0.045489 0.005568 0.242206 -0.086487 0.966346
1732439035.741864204 2.067697 -0.121094 -0.045134 0.006323 0.240680 -0.089041 0.966491
1732439035.841947556 2.113544 -0.128588 -0.044705 0.006725 0.241077 -0.090706 0.966234
1732439035.941147327 2.161304 -0.134170 -0.045145 0.006392 0.241096 -0.091884 0.966121
1732439036.041193008 2.210317 -0.141506 -0.044810 0.006932 0.241449 -0.091779 0.966039
1732439036.140995026 2.261455 -0.147565 -0.044690 0.006841 0.242499 -0.091512 0.965802
1732439036.241688251 2.314070 -0.153030 -0.044735 0.006291 0.242486 -0.091255 0.965833
1732439036.341943741 2.367416 -0.161587 -0.044215 0.007425 0.242595 -0.090075 0.965908
1732439036.440968037 2.421388 -0.167163 -0.044052 0.006973 0.242492 -0.089800 0.965963
1732439036.541732073 2.475819 -0.174440 -0.043677 0.007157 0.243181 -0.089081 0.965855
1732439036.641660929 2.530392 -0.179462 -0.043981 0.006322 0.243271 -0.088585 0.965884
1732439036.740942955 2.584350 -0.184987 -0.043626 0.006118 0.244573 -0.087967 0.965613
1732439036.841562033 2.636282 -0.191431 -0.043513 0.006366 0.244624 -0.087028 0.965683
1732439036.940945387 2.686861 -0.196673 -0.043374 0.005954 0.244449 -0.086749 0.965756
1732439037.041740179 2.736243 -0.202288 -0.043179 0.006013 0.243092 -0.086164 0.966150
1732439037.141545773 2.785854 -0.207141 -0.043272 0.005571 0.242860 -0.086131 0.966214
1732439037.241587639 2.836239 -0.212436 -0.043501 0.005466 0.243562 -0.085768 0.966070
1732439037.341582298 2.885339 -0.218157 -0.043119 0.005556 0.242538 -0.085149 0.966382
1732439037.440960884 2.933073 -0.223669 -0.041863 0.005494 0.240981 -0.084848 0.966798
1732439037.540951490 2.983340 -0.229061 -0.041676 0.005419 0.241401 -0.083933 0.966774
1732439037.640891552 3.035919 -0.236512 -0.042158 0.006275 0.241945 -0.082383 0.966766
1732439037.740961790 3.088780 -0.241699 -0.042126 0.006361 0.242306 -0.083146 0.966610
1732439037.841791153 3.141482 -0.246821 -0.041386 0.005857 0.241636 -0.082377 0.966846
1732439037.941647053 3.194221 -0.253790 -0.040709 0.006360 0.241646 -0.082210 0.966855
1732439038.041613340 3.247130 -0.258039 -0.040368 0.005642 0.241090 -0.081735 0.967038
1732439038.140971422 3.300299 -0.263689 -0.040298 0.005445 0.240738 -0.081223 0.967170
1732439038.241622210 3.356103 -0.267573 -0.040417 0.004536 0.241172 -0.081411 0.967051
1732439038.341033459 3.410522 -0.272839 -0.040574 0.004336 0.241770 -0.081232 0.966918
1732439038.441782475 3.468046 -0.280657 -0.040292 0.005558 0.244069 -0.080753 0.966374
1732439038.541112900 3.521323 -0.284850 -0.040737 0.004859 0.242550 -0.080843 0.966752
1732439038.641041756 3.575558 -0.292916 -0.040421 0.006100 0.242292 -0.080189 0.966865
1732439038.741006613 3.631445 -0.294879 -0.041022 0.004679 0.241909 -0.080804 0.966917
1732439038.841645241 3.689323 -0.302105 -0.041332 0.004956 0.243428 -0.079542 0.966639
1732439038.941669226 3.744360 -0.306021 -0.041446 0.004279 0.244030 -0.080358 0.966423
1732439039.040992260 3.798887 -0.311383 -0.041275 0.004234 0.244171 -0.080277 0.966394
1732439039.141700268 3.850762 -0.315459 -0.040741 0.003702 0.244340 -0.080226 0.966358
1732439039.241686106 3.900947 -0.322150 -0.041211 0.004263 0.243691 -0.079780 0.966556
1732439039.341620207 3.951068 -0.328545 -0.041492 0.005252 0.245237 -0.080001 0.966142
1732439039.441687346 4.001173 -0.331685 -0.042126 0.003982 0.245498 -0.079576 0.966117
1732439039.541783810 4.050035 -0.337460 -0.041840 0.004675 0.245413 -0.079040 0.966180
1732439039.641625404 4.098372 -0.341048 -0.042058 0.004082 0.245438 -0.078908 0.966187
1732439039.741016388 4.145689 -0.345348 -0.042368 0.003725 0.245539 -0.078916 0.966162
1732439039.840959072 4.192757 -0.347963 -0.042625 0.002656 0.245852 -0.078492 0.966121
1732439039.941709757 4.236082 -0.353525 -0.042527 0.003364 0.245578 -0.078164 0.966214
1732439040.041010141 4.277937 -0.357173 -0.042302 0.003085 0.245920 -0.078171 0.966128
1732439040.141743660 4.319478 -0.361755 -0.042207 0.003286 0.245632 -0.078016 0.966213
1732439040.241028309 4.360198 -0.364544 -0.041840 0.002492 0.245329 -0.078368 0.966264
1732439040.340954304 4.401420 -0.368129 -0.041903 0.002318 0.244767 -0.077939 0.966442
1732439040.441772938 4.442622 -0.374671 -0.041660 0.003752 0.243967 -0.077178 0.966701
1732439040.541059971 4.485617 -0.377466 -0.042465 0.002819 0.242419 -0.077397 0.967075
1732439040.640982389 4.532367 -0.381629 -0.042701 0.002739 0.242786 -0.076915 0.967022
1732439040.741785526 4.582040 -0.385279 -0.043005 0.002407 0.242782 -0.074935 0.967179
1732439040.841676474 4.632573 -0.387459 -0.042512 0.001872 0.242868 -0.071413 0.967425
1732439040.941023827 4.682779 -0.388169 -0.042596 0.000972 0.243727 -0.065070 0.967658
1732439041.041675329 4.733821 -0.385720 -0.042351 -0.000947 0.243315 -0.057038 0.968268
1732439041.141629219 4.786203 -0.381685 -0.042385 -0.003004 0.243749 -0.047546 0.968667
1732439041.241792202 4.836703 -0.375126 -0.042415 -0.005786 0.243422 -0.037097 0.969194
1732439041.341271639 4.887107 -0.367004 -0.042493 -0.008625 0.244601 -0.026684 0.969218
1732439041.441907167 4.936164 -0.356486 -0.043107 -0.012546 0.244270 -0.015560 0.969501
1732439041.541811943 4.985822 -0.347682 -0.043456 -0.014435 0.244692 -0.004363 0.969484
1732439041.641002893 5.033843 -0.336760 -0.043783 -0.016845 0.243996 0.007042 0.969604
1732439041.741809607 5.084264 -0.325019 -0.043524 -0.019049 0.244713 0.018842 0.969225
1732439041.841656208 5.134371 -0.310252 -0.044124 -0.022107 0.244784 0.030237 0.968854
1732439041.940912247 5.184177 -0.295930 -0.044890 -0.024315 0.244596 0.041812 0.968418
1732439042.041759968 5.234763 -0.276153 -0.045412 -0.028211 0.244605 0.053888 0.967713
1732439042.141219378 5.284855 -0.258621 -0.045436 -0.030734 0.245067 0.066292 0.966749
1732439042.241747618 5.334615 -0.236893 -0.046678 -0.034402 0.244674 0.079194 0.965753
1732439042.341058254 5.383338 -0.215523 -0.046730 -0.037247 0.244634 0.092470 0.964477
1732439042.441029549 5.432809 -0.191859 -0.047291 -0.040461 0.243739 0.105870 0.963196
1732439042.541852951 5.482065 -0.165698 -0.047170 -0.044144 0.242812 0.120136 0.961593
1732439042.641812801 5.531087 -0.137446 -0.047468 -0.047908 0.242991 0.133851 0.959554
1732439042.741109848 5.576317 -0.108313 -0.047788 -0.051547 0.241648 0.147783 0.957658
1732439042.841064215 5.623696 -0.079398 -0.047950 -0.054343 0.242117 0.162120 0.955062
1732439042.940959692 5.668277 -0.048783 -0.048052 -0.057131 0.240725 0.176287 0.952738
1732439043.041704416 5.714220 -0.015611 -0.048220 -0.060850 0.240848 0.189958 0.949845
1732439043.141006947 5.757607 0.016711 -0.048891 -0.063713 0.239649 0.203856 0.947076
1732439043.241736650 5.799875 0.053222 -0.049387 -0.067840 0.238614 0.217236 0.944071
1732439043.341121197 5.842627 0.088754 -0.050205 -0.071085 0.239083 0.230431 0.940578
1732439043.441024542 5.884243 0.127337 -0.050803 -0.075320 0.239872 0.243321 0.936794
1732439043.541735411 5.923695 0.164429 -0.051771 -0.077406 0.238445 0.256733 0.933403
1732439043.641060114 5.961282 0.203892 -0.052662 -0.080736 0.237619 0.269411 0.929751
1732439043.741024971 5.997631 0.243313 -0.053702 -0.083934 0.236533 0.282052 0.925988
1732439043.841726542 6.032452 0.282669 -0.054552 -0.087338 0.236356 0.293276 0.922224
1732439043.941887617 6.062614 0.319595 -0.055101 -0.090516 0.234821 0.303074 0.919136
1732439044.041847706 6.092616 0.350343 -0.055560 -0.091740 0.234331 0.309324 0.917056
1732439044.140975237 6.116902 0.375669 -0.055998 -0.092652 0.233081 0.312149 0.916325
1732439044.241238117 6.140435 0.393028 -0.056427 -0.091919 0.233852 0.312415 0.916112
1732439044.341042280 6.156010 0.404920 -0.056493 -0.091427 0.233805 0.311416 0.916513
1732439044.441745043 6.163773 0.410119 -0.056544 -0.091185 0.233933 0.310613 0.916777
1732439044.541077852 6.163034 0.409934 -0.056628 -0.091147 0.233513 0.310773 0.916834
1732439044.641027927 6.158118 0.406795 -0.056572 -0.091176 0.232744 0.311655 0.916727
1732439044.740969419 6.152527 0.403334 -0.056717 -0.091556 0.232501 0.312896 0.916328
1732439044.841079235 6.144954 0.398746 -0.056419 -0.092241 0.232234 0.314681 0.915715
1732439044.941848993 6.135181 0.392899 -0.056382 -0.092917 0.232162 0.317155 0.914811
1732439045.041188240 6.123175 0.385622 -0.056322 -0.094084 0.232155 0.319791 0.913776
1732439045.141031265 6.109216 0.376809 -0.056212 -0.094978 0.232162 0.323325 0.912437
1732439045.241153002 6.092409 0.365399 -0.056007 -0.096082 0.232336 0.327470 0.910797
1732439045.341060638 6.071253 0.351658 -0.055961 -0.097649 0.232081 0.332042 0.909039
1732439045.441827774 6.046839 0.334396 -0.056028 -0.099155 0.231616 0.337351 0.907037
1732439045.541121721 6.021119 0.314154 -0.055773 -0.100677 0.231772 0.343156 0.904649
1732439045.641022444 5.992355 0.291411 -0.055561 -0.102342 0.231014 0.349048 0.902399
1732439045.741819143 5.962364 0.265749 -0.054596 -0.103237 0.230757 0.355251 0.899939
1732439045.840998411 5.931173 0.238568 -0.054017 -0.104306 0.230617 0.361590 0.897323
1732439045.941097498 5.898798 0.210682 -0.053629 -0.105969 0.230140 0.368063 0.894615
1732439046.040988922 5.864518 0.180779 -0.053376 -0.107987 0.229032 0.374478 0.891992
1732439046.141098976 5.829008 0.148812 -0.052611 -0.109895 0.227787 0.381200 0.889226
1732439046.241961002 5.793045 0.114632 -0.051542 -0.111553 0.226478 0.388503 0.886188
1732439046.341054440 5.757932 0.079423 -0.050851 -0.113077 0.225238 0.395558 0.883185
1732439046.441125393 5.722008 0.044331 -0.049790 -0.115116 0.224220 0.403239 0.879700
1732439046.541067362 5.687233 0.008821 -0.049096 -0.116902 0.223142 0.411404 0.875950
1732439046.641891479 5.651815 -0.027658 -0.048041 -0.118944 0.221743 0.420515 0.871694
1732439046.741151333 5.619282 -0.062024 -0.047977 -0.121539 0.221290 0.428364 0.867619
1732439046.841105223 5.587684 -0.098040 -0.047323 -0.122973 0.219695 0.436420 0.863800
1732439046.941061735 5.556833 -0.133274 -0.046469 -0.124944 0.218280 0.443968 0.860020
1732439047.041237831 5.529416 -0.166016 -0.045802 -0.126967 0.217569 0.451376 0.856039
1732439047.141100407 5.504543 -0.196173 -0.045382 -0.128890 0.216771 0.457180 0.852868
1732439047.241875172 5.484647 -0.224449 -0.044752 -0.129192 0.215769 0.462123 0.850409
1732439047.341167927 5.469056 -0.248112 -0.044422 -0.129658 0.215214 0.464273 0.849307
1732439047.441072464 5.457174 -0.267987 -0.043814 -0.129501 0.214841 0.465895 0.848537
1732439047.541868687 5.449222 -0.282238 -0.043416 -0.129814 0.214921 0.466419 0.848181
1732439047.641186476 5.444521 -0.289674 -0.043162 -0.130178 0.214818 0.466622 0.848039
1732439047.741084099 5.444804 -0.290411 -0.043128 -0.130130 0.214817 0.466682 0.848014
1732439047.841813564 5.446808 -0.286181 -0.042948 -0.130532 0.215441 0.466642 0.847816
1732439047.941180229 5.448508 -0.282732 -0.043580 -0.130483 0.215370 0.467053 0.847615
1732439048.040995598 5.450946 -0.277477 -0.043113 -0.130083 0.215063 0.467511 0.847502
1732439048.141788721 5.454649 -0.269557 -0.043761 -0.130303 0.215078 0.468441 0.846951
1732439048.241117716 5.458881 -0.258722 -0.043569 -0.130646 0.214709 0.469911 0.846177
1732439048.341051102 5.464104 -0.243774 -0.044171 -0.131216 0.214381 0.472797 0.844563
1732439048.441188097 5.470116 -0.223863 -0.044409 -0.132345 0.213642 0.476591 0.842439
1732439048.541215658 5.477406 -0.200113 -0.045196 -0.133500 0.213048 0.481454 0.839637
1732439048.641805649 5.486747 -0.171378 -0.045765 -0.134705 0.212519 0.487301 0.836199
1732439048.741108894 5.496642 -0.137650 -0.046390 -0.136011 0.211602 0.493991 0.832285
1732439048.841855049 5.507462 -0.099263 -0.047067 -0.137814 0.210187 0.501387 0.827913
1732439048.941165686 5.517698 -0.057605 -0.047600 -0.139385 0.208652 0.509130 0.823300
1732439049.041108131 5.530458 -0.011346 -0.048562 -0.141599 0.208537 0.516745 0.818191
1732439049.141798735 5.541727 0.038611 -0.049471 -0.143506 0.207172 0.524930 0.812979
1732439049.241165400 5.555466 0.089729 -0.049961 -0.145041 0.207130 0.533136 0.807357
1732439049.341103315 5.565379 0.143429 -0.050910 -0.147283 0.205661 0.541671 0.801626
1732439049.441874743 5.576306 0.197445 -0.051695 -0.149123 0.204908 0.550221 0.795633
1732439049.541157007 5.583085 0.250074 -0.052292 -0.151511 0.202547 0.558181 0.790224
1732439049.641090631 5.589289 0.301889 -0.052853 -0.153898 0.201252 0.566120 0.784424
1732439049.741266489 5.595412 0.352084 -0.053363 -0.155172 0.199598 0.573808 0.778991
1732439049.841138601 5.601015 0.400868 -0.054196 -0.156003 0.198016 0.581572 0.773451
1732439049.941356182 5.604795 0.449868 -0.054514 -0.157976 0.196840 0.588713 0.767929
1732439050.041217566 5.608889 0.496648 -0.054436 -0.158995 0.195895 0.595645 0.762596
1732439050.141991377 5.610380 0.542624 -0.054958 -0.159836 0.193880 0.603107 0.757051
1732439050.241953850 5.609681 0.587219 -0.055103 -0.160923 0.191463 0.610840 0.751213
1732439050.341228485 5.609590 0.629739 -0.055084 -0.162054 0.189981 0.618973 0.744660
1732439050.441199541 5.605523 0.671283 -0.055332 -0.164095 0.187455 0.626666 0.738392
1732439050.541152954 5.600263 0.712607 -0.056205 -0.166392 0.184605 0.634225 0.732115
1732439050.641128302 5.597280 0.752798 -0.056180 -0.167645 0.183475 0.641307 0.725919
1732439050.741105556 5.591783 0.791643 -0.056204 -0.168506 0.180525 0.648589 0.719965
1732439050.841158390 5.587348 0.830427 -0.056228 -0.169602 0.179335 0.655639 0.713590
1732439050.941160679 5.580223 0.868181 -0.055997 -0.170856 0.177083 0.663284 0.706756
1732439051.041909456 5.572674 0.906887 -0.056446 -0.172915 0.175551 0.670488 0.699806
1732439051.141139269 5.563683 0.944369 -0.056395 -0.175305 0.173973 0.677800 0.692524
1732439051.241113901 5.553832 0.980677 -0.056821 -0.176687 0.171693 0.685794 0.684828
1732439051.341259241 5.543232 1.016931 -0.056870 -0.178401 0.169566 0.693924 0.676675
1732439051.441157818 5.533202 1.051546 -0.056247 -0.179429 0.168026 0.701613 0.668814
1732439051.541961432 5.521735 1.085222 -0.056423 -0.180946 0.166217 0.708569 0.661484
1732439051.641212940 5.507433 1.118724 -0.057039 -0.183825 0.163917 0.715179 0.654109
1732439051.741168022 5.495369 1.152835 -0.057357 -0.185807 0.162837 0.722230 0.646022
1732439051.842032194 5.480374 1.186803 -0.057759 -0.187539 0.160317 0.729431 0.638011
1732439051.941362619 5.465153 1.221076 -0.058317 -0.189510 0.158407 0.736227 0.630050
1732439052.041148186 5.448186 1.256163 -0.058871 -0.191650 0.156593 0.743147 0.621676
1732439052.141238213 5.430007 1.290498 -0.058871 -0.193471 0.154066 0.750097 0.613341
1732439052.241173506 5.412709 1.324922 -0.058704 -0.194730 0.151803 0.757612 0.604202
1732439052.341150284 5.394277 1.360082 -0.058660 -0.196223 0.150309 0.764777 0.594996
1732439052.441137791 5.373398 1.394796 -0.058984 -0.197967 0.147622 0.771877 0.585852
1732439052.541235924 5.351064 1.429654 -0.059022 -0.199942 0.145010 0.778626 0.576833
1732439052.642008305 5.327205 1.463312 -0.059784 -0.202033 0.141848 0.785784 0.567103
1732439052.741251945 5.302983 1.496885 -0.059895 -0.203961 0.139222 0.792606 0.557488
1732439052.842027664 5.277925 1.529133 -0.060154 -0.205951 0.136216 0.799211 0.547988
1732439052.941995859 5.254327 1.560789 -0.060343 -0.207048 0.133868 0.806399 0.537523
1732439053.041334629 5.230088 1.590885 -0.060553 -0.208172 0.131315 0.813037 0.527628
1732439053.141988039 5.206176 1.620220 -0.060567 -0.208880 0.128854 0.819441 0.517961
1732439053.241270065 5.180396 1.647345 -0.060247 -0.210381 0.125537 0.825405 0.508613
1732439053.341148376 5.155027 1.674737 -0.060071 -0.211537 0.122992 0.831294 0.499074
1732439053.441988468 5.129039 1.702126 -0.059873 -0.212559 0.120969 0.836925 0.489634
1732439053.541245937 5.102319 1.727921 -0.059826 -0.213772 0.118553 0.842557 0.479942
1732439053.642035723 5.073829 1.753861 -0.059383 -0.215057 0.116153 0.848102 0.470087
1732439053.741290331 5.044952 1.778250 -0.059776 -0.216495 0.112937 0.853236 0.460830
1732439053.841204405 5.015068 1.803006 -0.059348 -0.218044 0.110435 0.858523 0.450777
1732439053.941302299 4.986568 1.826480 -0.059501 -0.218206 0.107875 0.864144 0.440460
1732439054.041251183 4.955487 1.849597 -0.059760 -0.219171 0.104750 0.869418 0.430237
1732439054.141359568 4.924439 1.872804 -0.059481 -0.220087 0.102068 0.874499 0.419995
1732439054.241179228 4.891983 1.893564 -0.059541 -0.221106 0.098432 0.879677 0.409379
1732439054.342075586 4.859468 1.914984 -0.059417 -0.222029 0.095348 0.884548 0.398982
1732439054.442022085 4.825381 1.934551 -0.059103 -0.223068 0.091970 0.889079 0.389000
1732439054.541307926 4.792781 1.953562 -0.058671 -0.223480 0.088993 0.893891 0.378280
1732439054.641264915 4.757921 1.972717 -0.058348 -0.224957 0.086201 0.898384 0.367248
1732439054.741167545 4.723296 1.991281 -0.058479 -0.225619 0.083866 0.902842 0.356285
1732439054.841259718 4.686281 2.008125 -0.058936 -0.226701 0.080478 0.907337 0.344774
1732439054.941353798 4.646737 2.024807 -0.059409 -0.228757 0.076545 0.911426 0.333337
1732439055.041332960 4.607732 2.041840 -0.059493 -0.229652 0.073566 0.915934 0.320800
1732439055.141121626 4.568393 2.056936 -0.060063 -0.231008 0.070005 0.919908 0.309037
1732439055.241171122 4.529480 2.071025 -0.060083 -0.232984 0.067210 0.923467 0.297338
1732439055.341199636 4.492422 2.082784 -0.060464 -0.233999 0.063799 0.927009 0.286055
1732439055.441225767 4.455745 2.094812 -0.060260 -0.236418 0.061630 0.929626 0.275870
1732439055.541290283 4.421646 2.105647 -0.060718 -0.235849 0.059235 0.932981 0.265354
1732439055.641210318 4.385656 2.115230 -0.060296 -0.237659 0.056684 0.935553 0.255041
1732439055.741379023 4.349429 2.123970 -0.060701 -0.238725 0.053652 0.938521 0.243539
1732439055.841300249 4.313069 2.132089 -0.060450 -0.239466 0.051168 0.941103 0.233160
1732439055.941252708 4.276908 2.139864 -0.060269 -0.240588 0.049083 0.943472 0.222642
1732439056.041331768 4.240514 2.145662 -0.060316 -0.241648 0.045875 0.945758 0.212232
1732439056.141247272 4.205744 2.149339 -0.060368 -0.242302 0.042295 0.947971 0.202117
1732439056.242055893 4.171240 2.154824 -0.060472 -0.242527 0.040081 0.949783 0.193612
1732439056.341362953 4.137709 2.162313 -0.060595 -0.242503 0.038678 0.950998 0.187878
1732439056.441267490 4.104875 2.171486 -0.060907 -0.241916 0.037885 0.951717 0.185137
1732439056.542024851 4.071864 2.181469 -0.060642 -0.241377 0.037305 0.952021 0.184394
1732439056.641958475 4.038736 2.192321 -0.060123 -0.241103 0.037073 0.952157 0.184100
1732439056.741273165 4.006657 2.203319 -0.059948 -0.240510 0.037068 0.952307 0.184100
1732439056.842056274 3.971690 2.214836 -0.060391 -0.240409 0.036680 0.952405 0.183803
1732439056.941317558 3.936018 2.227487 -0.060800 -0.240113 0.037220 0.952687 0.182617
1732439057.041158676 3.897088 2.237434 -0.060727 -0.240518 0.036451 0.953275 0.179134
1732439057.141371489 3.855723 2.246417 -0.061044 -0.241521 0.035463 0.954393 0.171885
1732439057.241370678 3.812261 2.250723 -0.061202 -0.242079 0.032731 0.955960 0.162689
1732439057.341431141 3.766155 2.253700 -0.062126 -0.242784 0.029661 0.957921 0.150212
1732439057.441306353 3.721459 2.255278 -0.061970 -0.243122 0.026805 0.959818 0.137560
1732439057.541195869 3.675303 2.254757 -0.061821 -0.243865 0.023226 0.961591 0.123829
1732439057.641372681 3.630277 2.253631 -0.061193 -0.244161 0.020183 0.963131 0.111160
1732439057.741339922 3.586315 2.250622 -0.061463 -0.244063 0.016670 0.964653 0.097979
1732439057.842083693 3.543502 2.246373 -0.061152 -0.244257 0.013222 0.965839 0.085554
1732439057.941306829 3.504300 2.241934 -0.061561 -0.243605 0.010177 0.967025 0.073595
1732439058.041198015 3.466542 2.237532 -0.060918 -0.243755 0.007947 0.967839 0.061714
1732439058.141419888 3.430867 2.232699 -0.061464 -0.242933 0.005884 0.968699 0.050699
1732439058.241449833 3.394971 2.226306 -0.061062 -0.243188 0.003525 0.969176 0.039316
1732439058.341169357 3.359054 2.219159 -0.061610 -0.243349 0.000889 0.969508 0.028892
1732439058.441378355 3.323490 2.211716 -0.062142 -0.243884 -0.001562 0.969626 0.018551
1732439058.542176723 3.288216 2.203529 -0.062109 -0.243949 -0.004021 0.969754 0.007069
1732439058.641185522 3.253565 2.194257 -0.062291 -0.244399 -0.006692 0.969646 -0.003463
1732439058.741430998 3.218306 2.183955 -0.062708 -0.244877 -0.009416 0.969405 -0.014137
1732439058.841457605 3.183967 2.172197 -0.062507 -0.244766 -0.012540 0.969185 -0.024764
1732439058.941474676 3.148085 2.161932 -0.062937 -0.245897 -0.014444 0.968561 -0.034867
1732439059.041484594 3.114195 2.150048 -0.062644 -0.245156 -0.016639 0.968241 -0.046162
1732439059.141396523 3.078903 2.136435 -0.063107 -0.245274 -0.019281 0.967604 -0.056667
1732439059.241349697 3.045468 2.121138 -0.063032 -0.245114 -0.022331 0.966874 -0.067633
1732439059.341137648 3.011569 2.105875 -0.063287 -0.245133 -0.024909 0.965982 -0.078535
1732439059.441165924 2.976596 2.089734 -0.063439 -0.245501 -0.027279 0.964856 -0.089649
1732439059.541561604 2.942239 2.072526 -0.063304 -0.245528 -0.030005 0.963681 -0.100669
1732439059.641379595 2.909045 2.054216 -0.063424 -0.244881 -0.033245 0.962629 -0.110787
1732439059.741316795 2.875002 2.039425 -0.063235 -0.244400 -0.034277 0.961810 -0.118384
1732439059.842211962 2.840230 2.025315 -0.063288 -0.243626 -0.035075 0.961457 -0.122539
1732439059.941296339 2.805788 2.013530 -0.063303 -0.242728 -0.034990 0.961371 -0.125000
1732439060.041394949 2.769251 2.001731 -0.063215 -0.242744 -0.034915 0.961316 -0.125413
1732439060.141372681 2.733201 1.989623 -0.063313 -0.242164 -0.034848 0.961424 -0.125724
1732439060.241441250 2.695806 1.978748 -0.063389 -0.241667 -0.034296 0.961586 -0.125592
1732439060.341358185 2.656891 1.966590 -0.063419 -0.241082 -0.034129 0.961689 -0.125969
1732439060.441280127 2.616397 1.953982 -0.063376 -0.240924 -0.034217 0.961760 -0.125707
1732439060.541429520 2.574842 1.940887 -0.063085 -0.240788 -0.033949 0.961797 -0.125756
1732439060.641366482 2.531174 1.927529 -0.063081 -0.241675 -0.033654 0.961614 -0.125537
1732439060.741371632 2.488513 1.912127 -0.063156 -0.241238 -0.034485 0.961730 -0.125261
1732439060.842191696 2.443329 1.899658 -0.063039 -0.240949 -0.033817 0.961715 -0.126112
1732439060.941222191 2.398253 1.885477 -0.062781 -0.241057 -0.033688 0.961924 -0.124336
1732439061.041430950 2.350891 1.873475 -0.062475 -0.241060 -0.032501 0.962218 -0.122351
1732439061.141370058 2.302928 1.861351 -0.062514 -0.240879 -0.031693 0.962783 -0.118414
1732439061.241332531 2.253181 1.849588 -0.062815 -0.240746 -0.030850 0.963395 -0.113845
1732439061.341243029 2.199752 1.837404 -0.063126 -0.242023 -0.029916 0.963789 -0.107888
1732439061.441210270 2.146631 1.827267 -0.062894 -0.242462 -0.028528 0.964316 -0.102430
1732439061.541419029 2.093700 1.816874 -0.062884 -0.242199 -0.027752 0.965012 -0.096549
1732439061.641360044 2.039984 1.807706 -0.062958 -0.242175 -0.026239 0.965569 -0.091322
1732439061.741584778 1.985457 1.799759 -0.062688 -0.241985 -0.024574 0.966185 -0.085590
1732439061.841181755 1.930780 1.790726 -0.062323 -0.241930 -0.023807 0.966702 -0.079946
1732439061.941486835 1.875966 1.783546 -0.062256 -0.241260 -0.022186 0.967288 -0.075202
1732439062.041472197 1.819853 1.775695 -0.061871 -0.241802 -0.021028 0.967490 -0.071084
1732439062.141447544 1.762533 1.767164 -0.061841 -0.242314 -0.020276 0.967653 -0.067231
1732439062.241343737 1.705994 1.759029 -0.061892 -0.241962 -0.019394 0.968079 -0.062457
1732439062.341228008 1.647086 1.751680 -0.061684 -0.244439 -0.018774 0.967686 -0.058995
1732439062.441392422 1.593060 1.745219 -0.061492 -0.241293 -0.017844 0.968739 -0.054808
1732439062.542176962 1.537224 1.739313 -0.061859 -0.241893 -0.016920 0.968821 -0.050861
1732439062.641183853 1.483300 1.731798 -0.061477 -0.241847 -0.016736 0.968966 -0.048321
1732439062.741402864 1.428823 1.724286 -0.061523 -0.241696 -0.016620 0.969077 -0.046868
1732439062.841292620 1.374229 1.716194 -0.061100 -0.242630 -0.016623 0.968842 -0.046892
1732439062.941447735 1.322362 1.705549 -0.061354 -0.242087 -0.017886 0.968877 -0.048498
1732439063.041423321 1.271863 1.694916 -0.061161 -0.241837 -0.018748 0.968704 -0.052693
1732439063.141239882 1.223913 1.682032 -0.060765 -0.240884 -0.020093 0.968531 -0.059329
1732439063.241431236 1.177016 1.668292 -0.060445 -0.240442 -0.021671 0.968087 -0.067277
1732439063.341387749 1.131142 1.651272 -0.060092 -0.240403 -0.024144 0.967405 -0.075840
1732439063.441362619 1.087385 1.635013 -0.060467 -0.239961 -0.025747 0.966586 -0.086418
1732439063.541376114 1.045206 1.616724 -0.060092 -0.240484 -0.028081 0.965395 -0.096906
1732439063.641376972 1.009502 1.597145 -0.059380 -0.239994 -0.031611 0.964147 -0.108735
1732439063.741472244 0.975103 1.579372 -0.058993 -0.240263 -0.034030 0.962740 -0.119361
1732439063.841276169 0.944139 1.560283 -0.058822 -0.240284 -0.037178 0.961328 -0.129343
1732439063.941561699 0.915151 1.544350 -0.058566 -0.239910 -0.038772 0.960005 -0.139035
1732439064.041388273 0.890077 1.527420 -0.058223 -0.239462 -0.041363 0.958720 -0.147656
1732439064.141377687 0.866111 1.511703 -0.058262 -0.239152 -0.043335 0.957375 -0.156083
1732439064.241413832 0.843258 1.495685 -0.058001 -0.238620 -0.045478 0.956065 -0.164112
1732439064.341243505 0.821038 1.479942 -0.057848 -0.237830 -0.047412 0.954754 -0.172146
1732439064.441244602 0.799743 1.463850 -0.057404 -0.236596 -0.049431 0.953469 -0.180210
1732439064.541488886 0.777388 1.447361 -0.057326 -0.236324 -0.051038 0.951927 -0.188097
1732439064.641387701 0.755383 1.430008 -0.057012 -0.235571 -0.053356 0.950470 -0.195618
1732439064.741497040 0.733365 1.412053 -0.056711 -0.234752 -0.055187 0.948796 -0.204040
1732439064.841428280 0.709709 1.392513 -0.056656 -0.234291 -0.057377 0.946908 -0.212558
1732439064.941260099 0.684169 1.370771 -0.056579 -0.233583 -0.059238 0.944699 -0.222427
1732439065.041459799 0.656416 1.346440 -0.056351 -0.232674 -0.061356 0.942173 -0.233255
1732439065.141378880 0.627250 1.318105 -0.055959 -0.232288 -0.064172 0.939217 -0.244530
1732439065.241538763 0.596597 1.287790 -0.056033 -0.231519 -0.067053 0.935960 -0.256673
1732439065.341439009 0.565251 1.254473 -0.055832 -0.230640 -0.069685 0.932375 -0.269492
1732439065.441362381 0.532450 1.217336 -0.055915 -0.229482 -0.073151 0.928148 -0.283776
1732439065.541491032 0.497876 1.177287 -0.055869 -0.228953 -0.076639 0.923552 -0.297923
1732439065.641315460 0.464095 1.134451 -0.055473 -0.228343 -0.080556 0.918480 -0.312674
1732439065.741529942 0.430680 1.091433 -0.054846 -0.225848 -0.083005 0.913382 -0.328383
1732439065.841442108 0.399279 1.044095 -0.054778 -0.225078 -0.087730 0.907614 -0.343338
1732439065.941598892 0.369468 0.996046 -0.054494 -0.223749 -0.091937 0.901590 -0.358636
1732439066.041477680 0.341459 0.949551 -0.053939 -0.222726 -0.095702 0.895616 -0.372970
1732439066.141598463 0.316525 0.903883 -0.053707 -0.221389 -0.099348 0.889439 -0.387317
1732439066.241499186 0.293502 0.859473 -0.053749 -0.220308 -0.102571 0.883247 -0.401021
1732439066.341435194 0.273947 0.816634 -0.053598 -0.217761 -0.105141 0.877175 -0.414837
1732439066.441445351 0.256271 0.775198 -0.052888 -0.216046 -0.108261 0.871092 -0.427553
1732439066.541285515 0.240189 0.735250 -0.052697 -0.214350 -0.110517 0.865408 -0.439213
1732439066.641418219 0.224550 0.697141 -0.051537 -0.212405 -0.112083 0.859767 -0.450691
1732439066.741745472 0.214026 0.657504 -0.051900 -0.209572 -0.115742 0.854385 -0.461205
1732439066.841679573 0.200738 0.619974 -0.051316 -0.208185 -0.116775 0.849090 -0.471242
1732439066.941529274 0.191121 0.579991 -0.050929 -0.206142 -0.120505 0.843290 -0.481504
1732439067.041690826 0.180148 0.541272 -0.050453 -0.203930 -0.121907 0.837111 -0.492743
1732439067.141635180 0.170317 0.499712 -0.049686 0.202756 0.124429 -0.830474 0.503707
1732439067.241379499 0.160986 0.457626 -0.048827 0.201127 0.126404 -0.823846 0.514634
1732439067.341342688 0.154619 0.413618 -0.048024 0.198704 0.129502 -0.816727 0.526025
1732439067.441402197 0.149530 0.369961 -0.046847 0.195687 0.132152 -0.809762 0.537149
1732439067.541456938 0.146205 0.325375 -0.045402 0.193453 0.136154 -0.803023 0.546985
1732439067.641408443 0.142646 0.285396 -0.044773 0.190489 0.137536 -0.795071 0.559161
1732439067.741518497 0.139522 0.245245 -0.044796 0.190161 0.140778 -0.788299 0.567984
1732439067.841496229 0.138405 0.208932 -0.044590 0.187512 0.142432 -0.781499 0.577764
1732439067.941658258 0.139054 0.174361 -0.044109 0.185775 0.145169 -0.775621 0.585514
1732439068.041288376 0.138322 0.143635 -0.043269 0.185125 0.147037 -0.770525 0.591946
1732439068.141074181 0.134837 0.118307 -0.043022 0.185598 0.147770 -0.767483 0.595557
1732439068.241361856 0.132300 0.099398 -0.042830 0.185617 0.148345 -0.766182 0.597081
1732439068.341403961 0.130469 0.089518 -0.042603 0.185424 0.148447 -0.765507 0.597980
1732439068.441367626 0.130821 0.088802 -0.042420 0.185485 0.148778 -0.765401 0.598015
1732439068.541477680 0.131267 0.094300 -0.042156 0.184686 0.147804 -0.765724 0.598089
1732439068.641550541 0.132802 0.099408 -0.042069 0.184625 0.148319 -0.765309 0.598513
1732439068.741435289 0.134717 0.106603 -0.042369 0.184763 0.148760 -0.764688 0.599154
1732439068.841657639 0.138165 0.117585 -0.042738 0.184574 0.149622 -0.763431 0.600599
1732439068.941578150 0.144400 0.134428 -0.043466 0.183310 0.150055 -0.762028 0.602656
1732439069.041332006 0.153381 0.158815 -0.044056 0.181561 0.151246 -0.759576 0.605975
1732439069.141419411 0.162581 0.189301 -0.044519 0.180954 0.152455 -0.755691 0.610692
1732439069.241360903 0.173623 0.227547 -0.045109 0.179521 0.153473 -0.751194 0.616382
1732439069.341379642 0.184998 0.272415 -0.045400 0.178466 0.154817 -0.745628 0.623074
1732439069.441582680 0.197739 0.322776 -0.045403 0.176668 0.156663 -0.739701 0.630149
1732439069.541543007 0.209629 0.377377 -0.046342 0.176616 0.159486 -0.732737 0.637548
1732439069.641389847 0.222472 0.438773 -0.048017 0.173801 0.161568 -0.726499 0.644894
1732439069.741566658 0.232688 0.506793 -0.048780 0.172447 0.163542 -0.719075 0.653029
1732439069.841349125 0.242043 0.576036 -0.050490 0.172383 0.167126 -0.710389 0.661589
1732439069.941545248 0.251642 0.650322 -0.051296 0.169563 0.168891 -0.703730 0.668945
1732439070.041386366 0.258466 0.724871 -0.052236 0.168591 0.172046 -0.695308 0.677144
1732439070.141404152 0.261898 0.801926 -0.052603 0.166810 0.173244 -0.688550 0.684149
1732439070.241291046 0.263922 0.879022 -0.053390 0.165304 0.174395 -0.682339 0.690417
1732439070.341404200 0.264052 0.951901 -0.053671 0.164097 0.176405 -0.675411 0.696974
1732439070.441600323 0.264798 1.023284 -0.054191 0.160396 0.176639 -0.669023 0.703903
1732439070.541574478 0.261362 1.087780 -0.054420 0.161708 0.180235 -0.662668 0.708687
1732439070.641439438 0.258133 1.149571 -0.055267 0.159976 0.181224 -0.656944 0.714136
1732439070.741619110 0.254041 1.206355 -0.055834 0.157604 0.181937 -0.652548 0.718499
1732439070.841583729 0.250403 1.254698 -0.055919 0.156891 0.184067 -0.649615 0.720766
1732439070.941468239 0.243950 1.294160 -0.055900 0.157740 0.184713 -0.647567 0.722258
1732439071.041374445 0.238499 1.327811 -0.055775 0.157274 0.184423 -0.646484 0.723402
1732439071.141660213 0.235299 1.351843 -0.055648 0.157245 0.184685 -0.645652 0.724085
1732439071.241448402 0.231964 1.367508 -0.055766 0.157075 0.184386 -0.645295 0.724516
1732439071.341567278 0.230862 1.373340 -0.055536 0.157848 0.185057 -0.644937 0.724496
1732439071.441494465 0.231044 1.373159 -0.055625 0.157606 0.184856 -0.645044 0.724505
1732439071.541710615 0.231861 1.369917 -0.055583 0.157871 0.185454 -0.644773 0.724535
1732439071.641098499 0.231779 1.368518 -0.055593 0.157625 0.185114 -0.644890 0.724572
1732439071.741451979 0.232668 1.365787 -0.055668 0.157899 0.185649 -0.644673 0.724568
1732439071.841706276 0.233485 1.361781 -0.055565 0.157667 0.185529 -0.644379 0.724911
1732439071.941707611 0.235267 1.355046 -0.055510 0.157426 0.185733 -0.643925 0.725314
1732439072.041653395 0.238065 1.345313 -0.055250 0.157166 0.185880 -0.642877 0.726262
1732439072.141361713 0.242153 1.331241 -0.055363 0.156528 0.186133 -0.641053 0.727945
1732439072.241039276 0.248576 1.311924 -0.055182 0.155785 0.186270 -0.638193 0.730578
1732439072.341645002 0.257294 1.287399 -0.055463 0.154428 0.186904 -0.634770 0.733680
1732439072.441635609 0.267827 1.257622 -0.055232 0.153015 0.187296 -0.630326 0.737696
1732439072.541440010 0.280639 1.221949 -0.055293 0.151229 0.187726 -0.625054 0.742426
1732439072.641426325 0.296409 1.180302 -0.054994 0.150094 0.189273 -0.619205 0.747150
1732439072.741606951 0.314316 1.134615 -0.054430 0.148078 0.190117 -0.611890 0.753338
1732439072.840914965 0.334448 1.085154 -0.053937 0.146777 0.191269 -0.604439 0.759293
1732439072.941590309 0.358312 1.031397 -0.053684 0.145401 0.194003 -0.596318 0.765262
1732439073.041491508 0.382835 0.979285 -0.053148 0.143013 0.194748 -0.588836 0.771293
1732439073.141380787 0.408573 0.929565 -0.052900 0.140148 0.196529 -0.581108 0.777206
1732439073.241534472 0.432195 0.881575 -0.052494 0.138758 0.197992 -0.574622 0.781892
1732439073.341711283 0.456521 0.837269 -0.052604 0.136151 0.199223 -0.568654 0.786388
1732439073.441359043 0.478176 0.796265 -0.051869 0.134296 0.200125 -0.563067 0.790487
1732439073.541563988 0.499424 0.757995 -0.052023 0.132866 0.201415 -0.558020 0.793973
1732439073.641461849 0.520269 0.724607 -0.050824 0.130590 0.202745 -0.553448 0.797205
1732439073.741650343 0.535805 0.695858 -0.050879 0.130469 0.204030 -0.548932 0.800015
1732439073.841492891 0.548620 0.675350 -0.050597 0.129406 0.204826 -0.545067 0.802622
1732439073.941469431 0.556143 0.664085 -0.050608 0.128019 0.204479 -0.543011 0.804325
1732439074.041389465 0.559793 0.658328 -0.050543 0.127917 0.205138 -0.541638 0.805099
1732439074.141627789 0.558394 0.659976 -0.050582 0.127665 0.204189 -0.542042 0.805108
1732439074.241402864 0.556846 0.662622 -0.050575 0.127284 0.203359 -0.542212 0.805264
1732439074.341284275 0.558037 0.661449 -0.050631 0.127308 0.203722 -0.542196 0.805179
1732439074.441468477 0.559401 0.659855 -0.050652 0.127103 0.203584 -0.541841 0.805485
1732439074.541873932 0.561423 0.657108 -0.050891 0.126245 0.203164 -0.541137 0.806199
1732439074.641463995 0.564961 0.652299 -0.051020 0.126285 0.203141 -0.539993 0.806966
1732439074.741666079 0.571139 0.643999 -0.050979 0.125165 0.203057 -0.538278 0.808306
1732439074.841517210 0.579800 0.630273 -0.050563 0.124676 0.202803 -0.535322 0.810406
1732439074.941469908 0.592749 0.612222 -0.050507 0.123167 0.203282 -0.531620 0.812950
1732439075.041353464 0.609873 0.589416 -0.049804 0.121821 0.203834 -0.526742 0.816183
1732439075.140980482 0.631905 0.563004 -0.049647 0.119166 0.205363 -0.520881 0.819944
1732439075.241414309 0.658365 0.531981 -0.048915 0.116526 0.207143 -0.513605 0.824453
1732439075.341648102 0.685315 0.495672 -0.048793 0.115071 0.206095 -0.504532 0.830500
1732439075.441507816 0.723549 0.453946 -0.048991 0.112851 0.209838 -0.494403 0.835941
1732439075.541465044 0.763180 0.409942 -0.048631 0.110406 0.212063 -0.481770 0.843052
1732439075.641635895 0.809667 0.366221 -0.047945 0.106239 0.214558 -0.467805 0.850786
1732439075.741552353 0.860548 0.322644 -0.048121 0.101746 0.216665 -0.452212 0.859190
1732439075.841076851 0.914733 0.279132 -0.047445 0.097798 0.220066 -0.434733 0.867764
1732439075.941131592 0.970150 0.240154 -0.047282 0.092619 0.222334 -0.417694 0.876083
1732439076.041898727 1.023001 0.203772 -0.046686 0.088144 0.222348 -0.399727 0.884879
1732439076.141698599 1.079663 0.168918 -0.046823 0.083507 0.224206 -0.381585 0.892833
1732439076.241126537 1.137760 0.137803 -0.047001 0.078288 0.226378 -0.364667 0.899801
1732439076.341068983 1.194903 0.104993 -0.046170 0.075188 0.227616 -0.348136 0.906278
1732439076.441131115 1.254316 0.075684 -0.046528 0.070423 0.229019 -0.332944 0.911997
1732439076.541591406 1.315458 0.047868 -0.045953 0.066253 0.230859 -0.317730 0.917258
1732439076.641580582 1.373715 0.023331 -0.045681 0.061716 0.230391 -0.303358 0.922543
1732439076.741173983 1.434115 -0.003860 -0.046356 0.059501 0.235595 -0.289499 0.925821
1732439076.841443300 1.490402 -0.024693 -0.046059 0.055382 0.234416 -0.276518 0.930333
1732439076.941508532 1.545128 -0.044773 -0.046264 0.052514 0.235834 -0.266300 0.933118
1732439077.041061401 1.594949 -0.064212 -0.045054 0.050562 0.235883 -0.255622 0.936195
1732439077.141485214 1.644160 -0.079885 -0.045264 0.047623 0.236119 -0.246293 0.938786
1732439077.241181850 1.691646 -0.095472 -0.044725 0.045860 0.236211 -0.236730 0.941308
1732439077.341484308 1.740406 -0.107652 -0.044732 0.042330 0.236601 -0.228218 0.943475
1732439077.441413641 1.786846 -0.121233 -0.044054 0.040342 0.236363 -0.218623 0.945890
1732439077.541538477 1.836131 -0.133175 -0.043909 0.037767 0.236548 -0.209485 0.948016
1732439077.641483784 1.886676 -0.145157 -0.043567 0.035485 0.237055 -0.200093 0.950004
1732439077.741669178 1.938573 -0.154784 -0.043675 0.032181 0.237859 -0.190896 0.951812
1732439077.841488123 1.989441 -0.164858 -0.043354 0.030202 0.237987 -0.181090 0.953759
1732439077.941521883 2.041929 -0.175450 -0.042569 0.028165 0.238852 -0.170736 0.955513
1732439078.041068554 2.095456 -0.181826 -0.042316 0.025642 0.238116 -0.161085 0.957442
1732439078.141684532 2.152819 -0.189670 -0.043062 0.022476 0.239804 -0.152215 0.958551
1732439078.241529465 2.211179 -0.198394 -0.042977 0.020030 0.240830 -0.147291 0.959117
1732439078.341072083 2.268214 -0.210251 -0.043001 0.019265 0.240743 -0.144001 0.959654
1732439078.440995216 2.325729 -0.222715 -0.041996 0.019040 0.241077 -0.142589 0.959785
1732439078.541685104 2.385855 -0.237802 -0.042164 0.019692 0.240166 -0.141648 0.960140
1732439078.641814709 2.447425 -0.253415 -0.041191 0.020113 0.240934 -0.141500 0.959960
1732439078.741500854 2.506308 -0.267718 -0.040540 0.020442 0.239574 -0.141971 0.960224
1732439078.841455698 2.571583 -0.283572 -0.040006 0.020747 0.241301 -0.141583 0.959843
1732439078.941015005 2.634902 -0.298334 -0.040226 0.020270 0.240346 -0.142419 0.959969
1732439079.041630268 2.700099 -0.311758 -0.039804 0.019290 0.240842 -0.142851 0.959800
1732439079.141456366 2.762599 -0.327754 -0.039756 0.019574 0.240865 -0.143229 0.959733
1732439079.241192579 2.822890 -0.342652 -0.038966 0.020126 0.240548 -0.142955 0.959841
1732439079.341545582 2.881728 -0.359088 -0.038322 0.021333 0.240594 -0.143125 0.959778
1732439079.441075087 2.937636 -0.372128 -0.038301 0.021447 0.241487 -0.141732 0.959758
1732439079.541483164 2.988530 -0.383202 -0.037837 0.020899 0.241591 -0.141715 0.959747
1732439079.641037464 3.036196 -0.394732 -0.038383 0.020802 0.241796 -0.141478 0.959732
1732439079.741650343 3.083514 -0.403989 -0.038188 0.019947 0.241279 -0.140711 0.959993
1732439079.841387749 3.128739 -0.415627 -0.037689 0.020417 0.240092 -0.140125 0.960367
1732439079.941219091 3.176319 -0.425990 -0.036704 0.020376 0.240227 -0.139901 0.960366
1732439080.041390181 3.225366 -0.437754 -0.036352 0.020571 0.240196 -0.139118 0.960484
1732439080.141723871 3.275837 -0.448598 -0.035841 0.020168 0.238905 -0.138843 0.960854
1732439080.241477251 3.330513 -0.460747 -0.035907 0.019885 0.239125 -0.138347 0.960877
1732439080.341521263 3.389610 -0.474122 -0.035456 0.020099 0.240223 -0.137639 0.960700
1732439080.441672087 3.450118 -0.487256 -0.035618 0.019803 0.240834 -0.137163 0.960621
1732439080.541651487 3.512430 -0.501133 -0.035858 0.019974 0.240733 -0.136669 0.960713
1732439080.641524076 3.578520 -0.513192 -0.035971 0.018699 0.240639 -0.136301 0.960815
1732439080.741535902 3.647384 -0.527600 -0.035374 0.018977 0.241681 -0.132057 0.961141
1732439080.841657639 3.718518 -0.536505 -0.035368 0.016798 0.241910 -0.126140 0.961918
1732439080.941565514 3.790661 -0.543438 -0.035950 0.014016 0.243219 -0.118034 0.962661
1732439081.041153908 3.861108 -0.547820 -0.035358 0.011303 0.243207 -0.107712 0.963909
1732439081.141743422 3.935546 -0.551434 -0.037180 0.008667 0.244059 -0.098250 0.964732
1732439081.241685152 4.011215 -0.551784 -0.036644 0.005204 0.244264 -0.087034 0.965781
1732439081.341520548 4.087817 -0.555182 -0.037124 0.004024 0.245382 -0.078059 0.966270
1732439081.441152811 4.165317 -0.557227 -0.037577 0.002223 0.244923 -0.072893 0.966796
1732439081.541573524 4.243989 -0.561485 -0.037787 0.001364 0.245397 -0.070017 0.966890
1732439081.641572714 4.320964 -0.566366 -0.037746 0.000727 0.245487 -0.069137 0.966931
1732439081.741635084 4.397530 -0.572015 -0.037943 0.000310 0.245305 -0.069437 0.966956
1732439081.841172457 4.473040 -0.579157 -0.038209 0.000687 0.244747 -0.070376 0.967029
1732439081.941113949 4.548999 -0.583907 -0.038169 -0.000269 0.244251 -0.070120 0.967173
1732439082.041558743 4.622097 -0.591259 -0.038179 0.000395 0.244494 -0.069902 0.967128
1732439082.141113997 4.691353 -0.596212 -0.038126 0.000352 0.243443 -0.067689 0.967550
1732439082.241023064 4.760832 -0.597164 -0.038759 -0.001015 0.244103 -0.061739 0.967782
1732439082.341564655 4.829037 -0.593795 -0.038427 -0.003022 0.243984 -0.050934 0.968436
1732439082.441121340 4.897418 -0.587225 -0.038611 -0.005701 0.244457 -0.037360 0.968923
1732439082.541593552 4.965455 -0.572921 -0.038844 -0.011322 0.245141 -0.020496 0.969205
1732439082.641082764 5.030678 -0.557663 -0.039387 -0.015212 0.245056 -0.002207 0.969387
1732439082.741620779 5.097425 -0.538027 -0.040574 -0.020023 0.245400 0.017338 0.969060
1732439082.841109276 5.162653 -0.516090 -0.041206 -0.024713 0.245361 0.036841 0.968416
1732439082.941092253 5.226172 -0.489652 -0.042367 -0.030382 0.244956 0.056184 0.967428
1732439083.041529894 5.287991 -0.464145 -0.042323 -0.034198 0.244203 0.076235 0.966118
1732439083.141091108 5.349677 -0.435241 -0.042487 -0.038948 0.243949 0.095621 0.964276
1732439083.241151333 5.408698 -0.402894 -0.042764 -0.043728 0.243434 0.115332 0.962043
1732439083.341116667 5.466806 -0.369240 -0.043350 -0.048729 0.243338 0.134629 0.959316
1732439083.441563845 5.522475 -0.332582 -0.043678 -0.053442 0.241777 0.153841 0.956567
1732439083.540972233 5.574796 -0.295499 -0.044358 -0.057727 0.241036 0.172312 0.953351
1732439083.641582012 5.626897 -0.255997 -0.045134 -0.062156 0.240953 0.190231 0.949679
1732439083.741606474 5.677182 -0.216793 -0.045881 -0.065556 0.240157 0.208264 0.945861
1732439083.841079950 5.725225 -0.176168 -0.046471 -0.069689 0.240534 0.225204 0.941578
1732439083.941569328 5.767715 -0.131999 -0.047530 -0.075042 0.239330 0.242336 0.937210
1732439084.041589022 5.807026 -0.091223 -0.048025 -0.078961 0.237686 0.258868 0.932876
1732439084.141084194 5.843309 -0.051106 -0.048959 -0.082402 0.236560 0.274145 0.928490
1732439084.241578817 5.877760 -0.010696 -0.049662 -0.086351 0.235575 0.288425 0.924045
1732439084.341157198 5.908934 0.028734 -0.050711 -0.089733 0.234400 0.302362 0.919555
1732439084.441260338 5.938409 0.068583 -0.051454 -0.093099 0.233496 0.316182 0.914790
1732439084.541142702 5.967448 0.107575 -0.051946 -0.095720 0.232738 0.329751 0.909909
1732439084.641968966 5.993918 0.149582 -0.052678 -0.099351 0.231788 0.342633 0.904990
1732439084.741688728 6.020826 0.188466 -0.052829 -0.101469 0.230880 0.356096 0.899774
1732439084.841660500 6.044280 0.232887 -0.053941 -0.106133 0.229398 0.368658 0.894541
1732439084.940948963 6.068064 0.275041 -0.054588 -0.108948 0.227986 0.382166 0.888877
1732439085.041767120 6.088106 0.318387 -0.054752 -0.112269 0.225360 0.394973 0.883519
1732439085.141165733 6.109460 0.360835 -0.055615 -0.115310 0.224671 0.407534 0.877578
1732439085.241055727 6.127340 0.401743 -0.055690 -0.117345 0.222143 0.420067 0.872024
1732439085.341608047 6.142606 0.442928 -0.055763 -0.120320 0.219574 0.432697 0.866074
1732439085.441614628 6.158061 0.480689 -0.055643 -0.121816 0.217482 0.443336 0.860997
1732439085.541137934 6.172887 0.517379 -0.055753 -0.123875 0.216000 0.451706 0.856715
1732439085.641307592 6.188246 0.549220 -0.055872 -0.124944 0.216248 0.455779 0.854337
1732439085.741084814 6.201883 0.573487 -0.055941 -0.125169 0.215632 0.458455 0.853027
1732439085.841156483 6.211690 0.591008 -0.056107 -0.125361 0.215718 0.459096 0.852632
1732439085.941147566 6.217242 0.598873 -0.056090 -0.125185 0.215543 0.459586 0.852438
1732439086.041129827 6.217018 0.598822 -0.056117 -0.125294 0.215381 0.459714 0.852394
1732439086.141116142 6.213896 0.593793 -0.056271 -0.125164 0.215399 0.459696 0.852418
1732439086.241209507 6.207997 0.585621 -0.056433 -0.125439 0.214823 0.460644 0.852011
1732439086.341146231 6.200358 0.574823 -0.056297 -0.125941 0.214738 0.462233 0.851097
1732439086.441194773 6.189594 0.559606 -0.056476 -0.126587 0.214492 0.464242 0.849970
1732439086.541025639 6.175917 0.540646 -0.056443 -0.127678 0.214441 0.466876 0.848375
1732439086.641647339 6.158731 0.516860 -0.056687 -0.129065 0.214481 0.470527 0.846135
1732439086.741090775 6.137859 0.487652 -0.056504 -0.130542 0.213919 0.475695 0.843156
1732439086.841138124 6.113999 0.453347 -0.056359 -0.132318 0.213251 0.481056 0.840000
1732439086.941218853 6.087512 0.413731 -0.056254 -0.134840 0.212935 0.487528 0.835939
1732439087.041102409 6.058933 0.369289 -0.055308 -0.137569 0.213028 0.494065 0.831622
1732439087.141668081 6.030175 0.318053 -0.054788 -0.139042 0.213388 0.501220 0.826990
1732439087.241268873 5.999682 0.263586 -0.053916 -0.141302 0.213347 0.507894 0.822533
1732439087.341055632 5.968077 0.202396 -0.052631 -0.141856 0.211029 0.514833 0.818713
1732439087.441303492 5.936406 0.140100 -0.051857 -0.143595 0.210023 0.521364 0.814525
1732439087.541029215 5.904784 0.073762 -0.050401 -0.145571 0.209152 0.528445 0.809821
1732439087.641046047 5.873059 0.003865 -0.049139 -0.146701 0.207380 0.535098 0.805694
1732439087.741050005 5.841456 -0.066953 -0.047791 -0.148984 0.206492 0.541051 0.801516
1732439087.841188908 5.813073 -0.142403 -0.045971 -0.148346 0.204321 0.546018 0.798818
1732439087.940983534 5.786006 -0.215464 -0.044833 -0.148845 0.202849 0.548827 0.797174
1732439088.041200399 5.764209 -0.284894 -0.043196 -0.148798 0.202754 0.551500 0.795360
1732439088.141007185 5.744409 -0.345418 -0.041979 -0.148899 0.201438 0.552744 0.794812
1732439088.241304636 5.731185 -0.393349 -0.041185 -0.148792 0.201729 0.551916 0.795333
1732439088.341175318 5.723343 -0.426481 -0.040337 -0.148599 0.202682 0.549975 0.796471
1732439088.440979958 5.719654 -0.445703 -0.040083 -0.148077 0.203280 0.548128 0.797688
1732439088.541242361 5.718796 -0.450572 -0.040268 -0.147945 0.203274 0.547939 0.797844
1732439088.641185045 5.719988 -0.444186 -0.040511 -0.149471 0.204548 0.548092 0.797128
1732439088.741719484 5.721378 -0.436172 -0.040495 -0.149714 0.204285 0.549408 0.796244
1732439088.841711521 5.722701 -0.425738 -0.040345 -0.150072 0.203622 0.551444 0.794938
1732439088.941814184 5.724316 -0.411664 -0.040563 -0.150565 0.202974 0.554113 0.793152
1732439089.041779757 5.726107 -0.393964 -0.040796 -0.151085 0.201857 0.557793 0.790755
1732439089.141036272 5.728480 -0.371033 -0.040863 -0.151863 0.200933 0.562490 0.787508
1732439089.241823912 5.731153 -0.342432 -0.041294 -0.153025 0.199942 0.568357 0.783311
1732439089.341207981 5.732984 -0.308781 -0.041629 -0.154523 0.198888 0.575122 0.778332
1732439089.441022396 5.734224 -0.271309 -0.042177 -0.156183 0.196792 0.584094 0.771825
1732439089.540992737 5.734145 -0.227797 -0.042732 -0.158576 0.194877 0.594186 0.764081
1732439089.641204596 5.732711 -0.178947 -0.043364 -0.161284 0.193190 0.605009 0.755400
1732439089.740993500 5.729581 -0.126427 -0.044202 -0.163926 0.190984 0.616569 0.745986
1732439089.841146946 5.723293 -0.069691 -0.044834 -0.167176 0.188486 0.628942 0.735498
1732439089.941020489 5.717924 -0.011276 -0.045847 -0.169669 0.186903 0.641880 0.724065
1732439090.040974379 5.706826 0.049432 -0.046774 -0.173415 0.184137 0.654594 0.712410
1732439090.141695976 5.693756 0.112441 -0.047911 -0.177171 0.181380 0.667932 0.699699
1732439090.241005182 5.677773 0.173907 -0.048866 -0.181075 0.177889 0.680735 0.687145
1732439090.340972185 5.660043 0.233687 -0.049670 -0.183654 0.174458 0.694030 0.673912
1732439090.441038609 5.641218 0.292012 -0.050639 -0.185429 0.170649 0.707329 0.660440
1732439090.540987492 5.617900 0.350189 -0.051630 -0.189142 0.167035 0.719495 0.647032
1732439090.640991211 5.593826 0.406423 -0.052225 -0.190979 0.162979 0.732397 0.632898
1732439090.741179228 5.567034 0.464704 -0.052930 -0.194826 0.160224 0.744331 0.618338
1732439090.841144800 5.538109 0.519787 -0.053148 -0.197192 0.156149 0.756004 0.604310
1732439090.941298008 5.507684 0.571178 -0.053042 -0.199047 0.151276 0.767772 0.589934
1732439091.041151524 5.475952 0.620844 -0.053807 -0.201937 0.147155 0.778917 0.575200
1732439091.141009808 5.445337 0.666142 -0.053859 -0.202998 0.142893 0.789482 0.561330
1732439091.241189957 5.414200 0.710016 -0.054240 -0.205441 0.139625 0.798744 0.548002
1732439091.341172457 5.382182 0.749161 -0.054672 -0.207215 0.135614 0.807241 0.535754
1732439091.441298246 5.351467 0.787611 -0.055315 -0.208959 0.132945 0.815351 0.523320
1732439091.541175127 5.320624 0.823448 -0.055431 -0.209425 0.129658 0.823783 0.510599
1732439091.640996456 5.288291 0.858457 -0.055679 -0.212266 0.127100 0.830380 0.499257
1732439091.741310835 5.255730 0.890527 -0.055631 -0.213548 0.123456 0.837311 0.487920
1732439091.841148138 5.221958 0.921129 -0.056143 -0.215337 0.119629 0.844044 0.476349
1732439091.941200018 5.188423 0.950654 -0.056212 -0.217312 0.116587 0.850222 0.465086
1732439092.041109562 5.156283 0.979747 -0.056706 -0.218776 0.114146 0.856483 0.453371
1732439092.141744137 5.121737 1.006915 -0.057490 -0.220629 0.111032 0.862070 0.442528
1732439092.240981579 5.090475 1.032697 -0.057339 -0.220861 0.108484 0.868148 0.431011
1732439092.341182470 5.055600 1.057295 -0.057607 -0.222467 0.105301 0.873483 0.420057
1732439092.441161871 5.021412 1.081860 -0.058186 -0.223726 0.102628 0.878861 0.408677
1732439092.541046381 4.985455 1.105318 -0.058170 -0.225138 0.099318 0.884418 0.396553
1732439092.641226768 4.948057 1.129056 -0.058682 -0.227327 0.096973 0.889259 0.384886
1732439092.741045713 4.910199 1.150355 -0.058366 -0.228902 0.093712 0.894310 0.372869
1732439092.841289520 4.873846 1.171478 -0.058666 -0.230069 0.091170 0.899059 0.361178
1732439092.941792965 4.837976 1.189576 -0.058409 -0.229710 0.087521 0.904579 0.348297
1732439093.041232586 4.800837 1.208777 -0.058482 -0.231275 0.085646 0.908933 0.336182
1732439093.141288519 4.762536 1.224838 -0.058579 -0.232080 0.082210 0.913450 0.324020
1732439093.241024017 4.724679 1.240806 -0.058579 -0.231947 0.078913 0.918043 0.311721
1732439093.341803551 4.682570 1.256519 -0.058314 -0.233017 0.075709 0.922376 0.298652
1732439093.441021442 4.637725 1.271603 -0.058892 -0.234278 0.071784 0.926636 0.285142
1732439093.541034460 4.590980 1.286057 -0.058654 -0.234774 0.067879 0.930957 0.271280
1732439093.641029358 4.541683 1.298732 -0.058652 -0.236065 0.063510 0.935232 0.256087
1732439093.741091251 4.491206 1.313596 -0.058895 -0.237659 0.060924 0.939149 0.240426
1732439093.841176271 4.436363 1.324965 -0.059172 -0.238207 0.056573 0.943221 0.224481
1732439093.941028118 4.379689 1.335306 -0.059986 -0.239878 0.052309 0.946839 0.207890
1732439094.041059732 4.322729 1.341972 -0.059757 -0.242228 0.047439 0.949879 0.191845
1732439094.141204119 4.267733 1.348421 -0.060168 -0.242824 0.043701 0.953148 0.175029
1732439094.241076469 4.214047 1.351712 -0.059972 -0.243623 0.039098 0.956099 0.158096
1732439094.341331959 4.159073 1.353013 -0.060122 -0.244872 0.034424 0.958501 0.141874
1732439094.441260576 4.105486 1.350964 -0.060282 -0.244619 0.029248 0.961019 0.125495
1732439094.541064739 4.051995 1.349227 -0.059966 -0.244986 0.025254 0.963077 0.108755
1732439094.641265154 3.998020 1.345823 -0.060199 -0.245460 0.021564 0.964834 0.091542
1732439094.741075754 3.944718 1.339929 -0.060057 -0.245987 0.017271 0.966187 0.075338
1732439094.841170311 3.892162 1.333252 -0.060012 -0.245041 0.013585 0.967687 0.057905
1732439094.941113710 3.839673 1.324421 -0.059760 -0.245848 0.009272 0.968395 0.041037
1732439095.041082144 3.788278 1.313693 -0.059922 -0.244319 0.005375 0.969364 0.024756
1732439095.141043186 3.735179 1.304587 -0.059986 -0.244703 0.002221 0.969506 0.013203
1732439095.241090775 3.682676 1.296599 -0.059942 -0.244772 -0.000580 0.969547 0.008012
1732439095.341051817 3.631810 1.294747 -0.059933 -0.243927 -0.000656 0.969762 0.007859
1732439095.441134930 3.580611 1.294830 -0.059898 -0.244345 -0.000091 0.969621 0.011418
1732439095.541062355 3.530895 1.300050 -0.059935 -0.243686 0.002384 0.969700 0.017111
1732439095.641350746 3.481342 1.303651 -0.060029 -0.243858 0.003300 0.969476 0.025256
1732439095.741295099 3.432812 1.310362 -0.060609 -0.244147 0.005165 0.969163 0.032995
1732439095.841237545 3.385046 1.317509 -0.060581 -0.244268 0.006952 0.968807 0.041209
1732439095.941240788 3.338234 1.325540 -0.061158 -0.243841 0.008940 0.968491 0.049866
1732439096.041228771 3.291038 1.335171 -0.060954 -0.244078 0.011055 0.967933 0.058385
1732439096.141824961 3.242035 1.345921 -0.061223 -0.244327 0.013484 0.967250 0.067454
1732439096.241245031 3.192513 1.358321 -0.061086 -0.244464 0.016160 0.966535 0.076069
1732439096.341263294 3.141934 1.371363 -0.060718 -0.245080 0.018516 0.965582 0.085115
1732439096.441355944 3.091708 1.385612 -0.060683 -0.243913 0.021085 0.965027 0.093724
1732439096.541202784 3.039608 1.400942 -0.060809 -0.243962 0.023399 0.964070 0.102490
1732439096.641354561 2.985667 1.416221 -0.060971 -0.243899 0.025290 0.962997 0.111846
1732439096.741200924 2.932122 1.433766 -0.061169 -0.243708 0.027598 0.961871 0.121036
1732439096.841171503 2.877353 1.452788 -0.061435 -0.243226 0.029656 0.960645 0.130856
1732439096.941141605 2.820235 1.473129 -0.061556 -0.243631 0.031998 0.959116 0.140417
1732439097.041396141 2.764392 1.495162 -0.061776 -0.242723 0.034342 0.957852 0.149751
1732439097.141869545 2.707669 1.518085 -0.061586 -0.242330 0.036664 0.956283 0.159543
1732439097.241850376 2.652267 1.542439 -0.061444 -0.241119 0.039195 0.954928 0.168632
1732439097.341166496 2.596641 1.567306 -0.061530 -0.240682 0.041622 0.953274 0.177786
1732439097.441111803 2.541162 1.594389 -0.061640 -0.240474 0.044441 0.951383 0.187264
1732439097.541063786 2.486022 1.622361 -0.061335 -0.239393 0.046733 0.949799 0.195930
1732439097.641291857 2.429553 1.652215 -0.061070 -0.239468 0.049669 0.947844 0.204403
1732439097.741300821 2.373727 1.681086 -0.060716 -0.239441 0.051553 0.946101 0.211905
1732439097.841310263 2.316867 1.708204 -0.060912 -0.239702 0.052548 0.945058 0.215979
1732439097.941147804 2.261322 1.732573 -0.060700 -0.238059 0.052148 0.945127 0.217584
1732439098.041844368 2.203499 1.756001 -0.060901 -0.238547 0.051761 0.945417 0.215879
1732439098.141312838 2.145925 1.777274 -0.061008 -0.238987 0.051052 0.946268 0.211791
1732439098.241381407 2.086049 1.796359 -0.060695 -0.239722 0.049691 0.948061 0.203086
1732439098.341370821 2.024621 1.810476 -0.060766 -0.240643 0.046737 0.950247 0.192190
1732439098.441879749 1.965395 1.820469 -0.060876 -0.240351 0.043019 0.953124 0.178706
1732439098.541257620 1.907013 1.826962 -0.060420 -0.239939 0.039134 0.956008 0.164154
1732439098.641431570 1.846749 1.830094 -0.060633 -0.241824 0.034398 0.958249 0.148651
1732439098.741254330 1.790207 1.831336 -0.060445 -0.241205 0.030080 0.960898 0.132631
1732439098.841110468 1.732140 1.831095 -0.060633 -0.241993 0.025736 0.962838 0.117137
1732439098.941404104 1.674179 1.829725 -0.060394 -0.242388 0.022023 0.964681 0.100763
1732439099.041305542 1.617611 1.825057 -0.060339 -0.242240 0.017604 0.966342 0.084809
1732439099.141337872 1.562438 1.820727 -0.059817 -0.242411 0.014558 0.967656 0.068313
1732439099.241280317 1.510430 1.808714 -0.060521 -0.240437 0.008970 0.969234 0.051917
1732439099.341273069 1.457018 1.801822 -0.059905 -0.242903 0.005895 0.969402 0.034984
1732439099.441392422 1.408349 1.788053 -0.060045 -0.242821 0.000663 0.969859 0.020290
1732439099.541276932 1.362565 1.776409 -0.059980 -0.242107 -0.003055 0.970231 0.005167
1732439099.641480923 1.318783 1.763075 -0.060209 -0.241797 -0.007009 0.970263 -0.008647
1732439099.741348505 1.277966 1.750036 -0.060614 -0.240560 -0.009975 0.970341 -0.021694
1732439099.841409445 1.236126 1.735824 -0.060660 -0.240782 -0.013523 0.969893 -0.033891
1732439099.941222668 1.195037 1.721921 -0.060456 -0.240968 -0.016248 0.969329 -0.045523
1732439100.041270971 1.152773 1.707027 -0.060064 -0.240663 -0.018820 0.968671 -0.058344
1732439100.141349792 1.109675 1.689733 -0.060308 -0.240838 -0.021719 0.967783 -0.070160
1732439100.241218567 1.066911 1.671107 -0.059943 -0.240868 -0.024874 0.966623 -0.083687
1732439100.341359138 1.024337 1.648325 -0.060219 -0.241586 -0.029378 0.965090 -0.096818
1732439100.441187382 0.982316 1.627178 -0.060159 -0.240734 -0.032256 0.963647 -0.111312
1732439100.541284561 0.940182 1.602123 -0.060158 -0.240296 -0.036390 0.961894 -0.125277
1732439100.641407967 0.897896 1.577373 -0.059569 -0.240282 -0.039402 0.959755 -0.139937
1732439100.741192341 0.858304 1.550916 -0.059279 -0.238726 -0.043071 0.957839 -0.153948
1732439100.841300726 0.819521 1.523077 -0.058922 -0.238190 -0.047252 0.955481 -0.167594
1732439100.941390276 0.783947 1.497637 -0.058229 -0.236967 -0.049830 0.953203 -0.181019
1732439101.041291714 0.750274 1.471758 -0.057731 -0.235374 -0.052649 0.950740 -0.194730
1732439101.141224384 0.717816 1.446231 -0.057095 -0.234491 -0.054744 0.948138 -0.207487
1732439101.241363287 0.685041 1.418096 -0.056884 -0.234154 -0.058202 0.945297 -0.219542
1732439101.341206074 0.654604 1.390656 -0.056440 -0.232658 -0.060656 0.942419 -0.232462
1732439101.441203117 0.623356 1.360918 -0.056249 -0.232364 -0.063443 0.939141 -0.244943
1732439101.541430473 0.592463 1.329239 -0.056260 -0.231487 -0.066958 0.935615 -0.257982
1732439101.641205549 0.561713 1.296251 -0.056117 -0.230941 -0.070243 0.931719 -0.271351
1732439101.741400957 0.531335 1.259720 -0.055922 -0.230056 -0.074262 0.927896 -0.283844
1732439101.841312885 0.500509 1.223662 -0.055591 -0.228678 -0.076662 0.923600 -0.297979
1732439101.942000151 0.468255 1.182969 -0.055372 -0.228161 -0.080407 0.918860 -0.311726
1732439102.041950941 0.436257 1.141185 -0.054698 -0.227537 -0.083476 0.913482 -0.326817
1732439102.141523361 0.405475 1.096442 -0.054701 -0.226494 -0.087473 0.908048 -0.341318
1732439102.241201878 0.376072 1.048206 -0.054516 -0.225469 -0.092690 0.902153 -0.355939
1732439102.341472149 0.347744 1.000954 -0.054520 -0.223204 -0.096146 0.895936 -0.371798
1732439102.441210032 0.321236 0.952790 -0.054049 -0.221170 -0.099823 0.889295 -0.387651
1732439102.541182041 0.294930 0.902784 -0.053752 -0.220284 -0.103301 0.882261 -0.403013
1732439102.641211033 0.273430 0.852015 -0.053266 -0.216791 -0.106949 0.875239 -0.418951
1732439102.741457701 0.250477 0.798694 -0.052814 -0.214822 -0.109939 0.867531 -0.434919
1732439102.841308355 0.228151 0.744229 -0.051743 -0.212545 -0.112767 0.859662 -0.450655
1732439102.941546917 0.209696 0.688300 -0.049720 -0.209566 -0.116254 0.852093 -0.465300
1732439103.041235209 0.192143 0.631053 -0.049667 -0.206591 -0.119312 0.843798 -0.480718
1732439103.141317129 0.175722 0.573733 -0.048765 -0.204841 -0.122393 0.835160 -0.495548
1732439103.241494656 0.163010 0.516041 -0.048280 0.202085 0.126189 -0.826776 0.509588
1732439103.341324806 0.152440 0.458055 -0.047310 0.199625 0.130276 -0.817656 0.524038
1732439103.441284418 0.145395 0.403429 -0.046600 0.195583 0.132611 -0.809113 0.538050
1732439103.541506290 0.141365 0.349419 -0.045442 0.191822 0.135760 -0.800389 0.551499
1732439103.641345024 0.135729 0.292802 -0.044765 0.190736 0.139710 -0.790535 0.564938
1732439103.741488695 0.133526 0.236465 -0.044084 0.187603 0.142585 -0.780730 0.578736
1732439103.841589689 0.134041 0.178542 -0.043703 0.184925 0.146409 -0.770479 0.592224
1732439103.941488266 0.134950 0.119744 -0.042469 0.183185 0.150029 -0.759392 0.606018
1732439104.041268110 0.138335 0.062642 -0.041381 0.181099 0.153212 -0.748966 0.618692
1732439104.141326666 0.144250 0.006354 -0.040596 0.177544 0.155512 -0.738525 0.631565
1732439104.241326332 0.150088 -0.050914 -0.039305 0.175822 0.159254 -0.729046 0.642041
1732439104.341578960 0.157432 -0.104573 -0.039017 0.172211 0.161657 -0.721727 0.650631
1732439104.441553354 0.158373 -0.156889 -0.037467 0.172786 0.163737 -0.716290 0.655944
1732439104.541512728 0.160001 -0.201288 -0.036407 0.171830 0.164886 -0.714059 0.658336
1732439104.641329288 0.157800 -0.236167 -0.035375 0.172948 0.164742 -0.713044 0.659179
1732439104.741509676 0.158905 -0.259680 -0.035415 0.171399 0.164900 -0.712561 0.660065
1732439104.841355801 0.157290 -0.274103 -0.034845 0.171781 0.164553 -0.712050 0.660604
1732439104.941534996 0.157649 -0.278195 -0.034653 0.171239 0.164336 -0.712063 0.660785
1732439105.041341066 0.157715 -0.273466 -0.034713 0.170048 0.162984 -0.712527 0.660927
1732439105.141339302 0.158223 -0.271162 -0.034521 0.170018 0.163101 -0.712398 0.661046
1732439105.241471529 0.158224 -0.272809 -0.034694 0.170305 0.163429 -0.712289 0.661009
1732439105.341282368 0.158100 -0.272138 -0.034619 0.170231 0.163170 -0.712301 0.661079
1732439105.441295147 0.158194 -0.271953 -0.034890 0.170137 0.163344 -0.712353 0.661004
1732439105.541510344 0.157907 -0.272367 -0.034707 0.170300 0.163317 -0.712356 0.660965
1732439105.641569376 0.157906 -0.272118 -0.034751 0.170112 0.163287 -0.712348 0.661030
1732439105.741086960 0.158071 -0.272317 -0.034736 0.170195 0.163329 -0.712341 0.661004
1732439105.841244221 0.157737 -0.272029 -0.035077 0.170143 0.163247 -0.712395 0.660980
1732439105.941485643 0.157647 -0.272582 -0.034889 0.170140 0.163272 -0.712376 0.660996
1732439106.042040586 0.157563 -0.272459 -0.034643 0.170048 0.163203 -0.712416 0.660993
1732439106.141299009 0.157928 -0.272646 -0.034475 0.170118 0.163278 -0.712375 0.661001
1732439106.241489887 0.158284 -0.272243 -0.034664 0.170155 0.163153 -0.712417 0.660977
1732439106.341293573 0.158753 -0.272177 -0.034824 0.170297 0.163282 -0.712387 0.660941
1732439106.441359282 0.158804 -0.272120 -0.035067 0.170240 0.163249 -0.712359 0.660993
1732439106.541527033 0.159032 -0.272188 -0.034976 0.170271 0.163332 -0.712303 0.661026
1732439106.641298532 0.158726 -0.272216 -0.034511 0.170241 0.163120 -0.712322 0.661065
1732439106.741334438 0.158601 -0.272175 -0.034817 0.170191 0.163216 -0.712339 0.661037
1732439106.841500998 0.158577 -0.271903 -0.034482 0.170248 0.163285 -0.712299 0.661048
1732439106.941287756 0.158224 -0.272255 -0.034847 0.170162 0.163272 -0.712375 0.660990
1732439107.041467905 0.158469 -0.272464 -0.034174 0.170117 0.163186 -0.712358 0.661042
1732439107.141604900 0.158555 -0.272245 -0.034668 0.170105 0.163200 -0.712402 0.660995
1732439107.241441965 0.158358 -0.272316 -0.034362 0.170246 0.163255 -0.712340 0.661011
1732439107.341640472 0.158023 -0.272510 -0.034740 0.170055 0.163189 -0.712415 0.660996
1732439107.441302299 0.158185 -0.272374 -0.034567 0.170106 0.163273 -0.712354 0.661027
1732439107.541565895 0.158044 -0.272490 -0.034712 0.170059 0.163247 -0.712366 0.661033
1732439107.641376734 0.157947 -0.272331 -0.034402 0.170058 0.163222 -0.712380 0.661025
1732439107.741345882 0.157764 -0.272674 -0.034648 0.170024 0.163227 -0.712356 0.661058
1732439107.841333151 0.157935 -0.272408 -0.034566 0.170122 0.163178 -0.712384 0.661015
1732439107.941300154 0.157909 -0.272544 -0.034918 0.170117 0.163179 -0.712368 0.661033
1732439108.041465521 0.157940 -0.272146 -0.034837 0.170123 0.163221 -0.712374 0.661015
1732439108.141412258 0.157853 -0.272229 -0.035118 0.170074 0.163265 -0.712370 0.661021
1732439108.241460562 0.157915 -0.272058 -0.035093 0.170106 0.163303 -0.712369 0.661004
1732439108.341691971 0.157814 -0.272178 -0.035182 0.170092 0.163277 -0.712356 0.661028
1732439108.441470146 0.158091 -0.272117 -0.035282 0.170121 0.163284 -0.712371 0.661003
1732439108.541436672 0.158199 -0.271980 -0.035389 0.170158 0.163262 -0.712335 0.661038
1732439108.641415119 0.158533 -0.271768 -0.035604 0.170330 0.163366 -0.712329 0.660974
1732439108.741597652 0.158303 -0.271743 -0.035480 0.170338 0.163221 -0.712346 0.660990
1732439108.841442823 0.158088 -0.271938 -0.035465 0.170195 0.163296 -0.712360 0.660993
1732439108.941630125 0.157778 -0.271802 -0.035050 0.170165 0.163216 -0.712346 0.661035
1732439109.041357279 0.157693 -0.272255 -0.035132 0.170106 0.163328 -0.712306 0.661066
1732439109.141479731 0.157575 -0.272347 -0.034983 0.170070 0.163155 -0.712349 0.661071
1732439109.241379261 0.158005 -0.272714 -0.034867 0.169976 0.163258 -0.712337 0.661083
1732439109.341712952 0.157595 -0.272486 -0.034873 0.169987 0.163207 -0.712337 0.661093
1732439109.441340446 0.158018 -0.272327 -0.034792 0.170051 0.163296 -0.712356 0.661034
1732439109.541588545 0.157838 -0.272333 -0.034902 0.170000 0.163185 -0.712322 0.661112
1732439109.641352177 0.158303 -0.272148 -0.034791 0.170065 0.163180 -0.712340 0.661077
1732439109.741595507 0.158251 -0.272087 -0.035008 0.170146 0.163254 -0.712391 0.660983
