1732438956.941261053 0.211729 0.034725 -0.042235 -0.012339 0.242873 -0.000811 0.969979
1732438957.042019367 0.250707 0.037138 -0.041174 -0.011993 0.241028 -0.000795 0.970444
1732438957.141975164 0.309982 0.041566 -0.042557 -0.012998 0.242402 -0.003258 0.970083
1732438957.241213322 0.377634 0.044611 -0.044054 -0.012688 0.244808 -0.007779 0.969457
1732438957.342041492 0.451838 0.038306 -0.043635 -0.009116 0.248447 -0.011720 0.968532
1732438957.441157341 0.523756 0.041109 -0.045691 -0.010259 0.247494 -0.019152 0.968646
1732438957.542070389 0.594966 0.034012 -0.044790 -0.007126 0.246974 -0.025760 0.968653
1732438957.641333818 0.665789 0.029554 -0.046154 -0.006020 0.247637 -0.033152 0.968267
1732438957.741195679 0.735858 0.022229 -0.046132 -0.003528 0.247611 -0.038895 0.968072
1732438957.841326714 0.807003 0.020889 -0.047417 -0.004395 0.248393 -0.043278 0.967682
1732438957.941241026 0.876151 0.017878 -0.048264 -0.003637 0.247029 -0.045837 0.967916
1732438958.041035891 0.943945 0.012952 -0.049022 -0.002833 0.245619 -0.046101 0.968265
1732438958.141350508 1.014708 0.006579 -0.048282 -0.000636 0.245953 -0.048848 0.968050
1732438958.241257906 1.084860 0.001213 -0.048674 -0.000213 0.244442 -0.054762 0.968116
1732438958.342068195 1.158126 -0.008190 -0.047991 0.001437 0.244747 -0.061177 0.967654
1732438958.441258907 1.230652 -0.019109 -0.049477 0.003237 0.244399 -0.070165 0.967127
1732438958.541236401 1.302217 -0.030611 -0.049564 0.004566 0.244381 -0.079157 0.966432
1732438958.641315937 1.374062 -0.045220 -0.049543 0.006923 0.244484 -0.087089 0.965710
1732438958.741327286 1.444545 -0.055899 -0.049837 0.006921 0.243269 -0.092087 0.965553
1732438958.842023373 1.517177 -0.068502 -0.050146 0.008127 0.244382 -0.094703 0.965009
1732438958.942045450 1.589937 -0.080059 -0.049988 0.008719 0.244006 -0.095963 0.964975
1732438959.041282654 1.662835 -0.088531 -0.049716 0.008032 0.243575 -0.096523 0.965034
1732438959.141439438 1.735427 -0.099541 -0.049293 0.008870 0.242133 -0.095979 0.965443
1732438959.241217375 1.810673 -0.110090 -0.048839 0.009190 0.242163 -0.095561 0.965474
1732438959.342002153 1.888632 -0.119932 -0.048648 0.008882 0.242533 -0.095550 0.965385
1732438959.441235304 1.963266 -0.130219 -0.048665 0.009103 0.241659 -0.095054 0.965651
1732438959.541223288 2.040354 -0.137565 -0.048893 0.007678 0.241101 -0.095195 0.965789
1732438959.641984940 2.118249 -0.148773 -0.048451 0.008293 0.240706 -0.095121 0.965890
1732438959.742129087 2.197517 -0.157368 -0.048561 0.007061 0.241544 -0.095060 0.965697
1732438959.841998816 2.276503 -0.167642 -0.049155 0.006904 0.241712 -0.095938 0.965569
1732438959.941268921 2.357619 -0.182079 -0.050368 0.008281 0.242660 -0.098271 0.965086
1732438960.042069674 2.439075 -0.197707 -0.048897 0.009921 0.242641 -0.104256 0.964447
1732438960.141289949 2.518712 -0.218426 -0.048453 0.013039 0.241442 -0.112109 0.963829
1732438960.242100954 2.602907 -0.240466 -0.046997 0.015911 0.242724 -0.121098 0.962376
1732438960.341364861 2.683172 -0.262788 -0.046806 0.017846 0.240698 -0.132017 0.961414
1732438960.442209959 2.766353 -0.288409 -0.046632 0.020455 0.241656 -0.141015 0.959843
1732438960.542044878 2.846801 -0.311517 -0.046169 0.021729 0.240771 -0.147442 0.959071
1732438960.641403675 2.923529 -0.335019 -0.044628 0.023816 0.238743 -0.151032 0.958970
1732438960.741379738 3.002355 -0.355673 -0.044332 0.023949 0.239850 -0.152030 0.958533
1732438960.841419697 3.079806 -0.371910 -0.044681 0.022755 0.239275 -0.150535 0.958942
1732438960.942067862 3.155535 -0.390298 -0.045027 0.022957 0.240193 -0.145344 0.959508
1732438961.041363955 3.229374 -0.400914 -0.044066 0.020676 0.240234 -0.137169 0.960752
1732438961.141215563 3.302185 -0.409164 -0.043842 0.018401 0.239546 -0.126739 0.962401
1732438961.242086887 3.378361 -0.415329 -0.044051 0.015947 0.241139 -0.114800 0.963545
1732438961.341220379 3.453688 -0.419904 -0.044067 0.013811 0.242796 -0.102833 0.964513
1732438961.442115545 3.530234 -0.421114 -0.044472 0.010466 0.242748 -0.090480 0.965804
1732438961.541268587 3.608394 -0.419033 -0.045604 0.006472 0.243013 -0.079468 0.966741
1732438961.641186476 3.686901 -0.415420 -0.046588 0.002542 0.244004 -0.066471 0.967490
1732438961.742140532 3.767414 -0.411043 -0.046794 -0.000298 0.244606 -0.054371 0.968097
1732438961.842061043 3.845919 -0.404227 -0.047535 -0.003351 0.244202 -0.041846 0.968815
1732438961.941267729 3.925403 -0.396548 -0.048146 -0.006104 0.244309 -0.029110 0.969241
1732438962.041271448 4.008630 -0.383048 -0.050715 -0.010519 0.245870 -0.016092 0.969112
1732438962.142018318 4.091579 -0.371031 -0.050856 -0.013305 0.246606 -0.003119 0.969019
1732438962.241263390 4.173641 -0.354483 -0.051137 -0.016882 0.246534 0.010092 0.968935
1732438962.341241837 4.255371 -0.336217 -0.051438 -0.019887 0.245484 0.024736 0.968881
1732438962.441320419 4.339125 -0.310835 -0.052025 -0.025196 0.246343 0.040089 0.968025
1732438962.542137384 4.424301 -0.288164 -0.052848 -0.027611 0.246148 0.055673 0.967238
1732438962.641366720 4.505328 -0.260215 -0.053887 -0.031491 0.244581 0.070387 0.966558
1732438962.741270781 4.587446 -0.229846 -0.054512 -0.035043 0.243247 0.086321 0.965480
1732438962.842059851 4.669853 -0.196204 -0.055551 -0.038859 0.243025 0.101534 0.963909
1732438962.941347837 4.749350 -0.161752 -0.056441 -0.042734 0.243317 0.116435 0.961984
1732438963.041235447 4.826732 -0.125927 -0.057241 -0.045825 0.243824 0.130113 0.959959
1732438963.141368628 4.899217 -0.088341 -0.057565 -0.048975 0.242499 0.144492 0.958080
1732438963.242162466 4.970974 -0.048286 -0.057889 -0.052211 0.241999 0.159200 0.955702
1732438963.341390848 5.039672 -0.008050 -0.058530 -0.055070 0.242005 0.172636 0.953204
1732438963.441313028 5.105753 0.035302 -0.059069 -0.058828 0.241406 0.186778 0.950461
1732438963.542216778 5.170649 0.079348 -0.059032 -0.061951 0.241007 0.202083 0.947228
1732438963.641390800 5.227919 0.124578 -0.058393 -0.066216 0.239042 0.216823 0.944173
1732438963.741409540 5.285047 0.171461 -0.057599 -0.070308 0.238130 0.233042 0.940235
1732438963.841184855 5.339756 0.218180 -0.056343 -0.074132 0.237903 0.249060 0.935882
1732438963.941439390 5.390846 0.268148 -0.055232 -0.079299 0.236881 0.265786 0.931105
1732438964.041258097 5.435118 0.317673 -0.055852 -0.082468 0.235098 0.283018 0.926190
1732438964.142071486 5.477512 0.371743 -0.056469 -0.088033 0.234568 0.300578 0.920261
1732438964.241377831 5.518452 0.424156 -0.056908 -0.091949 0.233214 0.317482 0.914528
1732438964.341272354 5.557407 0.479330 -0.056719 -0.096463 0.232269 0.334029 0.908389
1732438964.441081285 5.592533 0.531960 -0.056988 -0.098867 0.228859 0.351111 0.902535
1732438964.541351318 5.628119 0.586201 -0.057554 -0.101583 0.227879 0.367853 0.895788
1732438964.641390800 5.660023 0.641453 -0.057497 -0.104882 0.226189 0.383497 0.889251
1732438964.741646290 5.689254 0.696247 -0.057644 -0.107551 0.223558 0.399495 0.882529
1732438964.841209173 5.716256 0.752627 -0.058117 -0.111537 0.222314 0.414133 0.875574
1732438964.941387177 5.742636 0.808284 -0.058814 -0.114384 0.219989 0.425259 0.870446
1732438965.041491270 5.769966 0.861843 -0.060024 -0.116855 0.218510 0.432296 0.867017
1732438965.141466379 5.800647 0.911111 -0.060398 -0.118429 0.220281 0.435505 0.864746
1732438965.241351604 5.826269 0.948503 -0.060423 -0.118290 0.220260 0.434383 0.865335
1732438965.341480732 5.845445 0.972622 -0.060753 -0.117833 0.220645 0.432058 0.866463
1732438965.442141056 5.854522 0.983308 -0.060585 -0.117162 0.220526 0.430397 0.867410
1732438965.541432858 5.854222 0.982320 -0.060768 -0.116933 0.219940 0.430571 0.867503
1732438965.641273022 5.847215 0.975031 -0.060701 -0.117091 0.219333 0.431592 0.867128
1732438965.741305113 5.837095 0.963833 -0.060378 -0.117470 0.218554 0.434556 0.865792
1732438965.841460466 5.822717 0.948731 -0.059976 -0.118915 0.218405 0.438903 0.863437
1732438965.941373587 5.803986 0.928290 -0.059938 -0.120316 0.217899 0.444817 0.860338
1732438966.042232037 5.780441 0.901755 -0.059730 -0.122411 0.216895 0.452062 0.856511
1732438966.142103672 5.753610 0.870306 -0.059547 -0.124757 0.216269 0.460394 0.851881
1732438966.241313696 5.724455 0.832956 -0.059246 -0.126751 0.215242 0.468916 0.847185
1732438966.341419458 5.693089 0.789889 -0.058804 -0.128947 0.214627 0.477943 0.841949
1732438966.441369295 5.657449 0.741007 -0.058471 -0.131195 0.211917 0.486889 0.837149
1732438966.542180300 5.623231 0.687284 -0.057962 -0.133267 0.211209 0.496993 0.831041
1732438966.641463518 5.586415 0.631168 -0.057992 -0.136707 0.209701 0.506398 0.825165
1732438966.741340399 5.551835 0.571024 -0.057168 -0.139921 0.209992 0.515804 0.818701
1732438966.841545582 5.514792 0.507859 -0.056302 -0.143591 0.208461 0.524284 0.813051
1732438966.941407204 5.482360 0.441847 -0.055752 -0.146038 0.207412 0.533743 0.806704
1732438967.041304827 5.446898 0.376157 -0.054731 -0.149377 0.204946 0.541378 0.801619
1732438967.141436100 5.417886 0.306801 -0.053590 -0.150355 0.203640 0.549715 0.796077
1732438967.241357565 5.387485 0.237397 -0.052351 -0.152421 0.201580 0.557760 0.790593
1732438967.341492891 5.360732 0.166964 -0.050984 -0.153982 0.200673 0.565816 0.784775
1732438967.441498756 5.335767 0.096073 -0.049862 -0.155145 0.199551 0.573699 0.779089
1732438967.541317940 5.310562 0.025275 -0.048368 -0.156555 0.197078 0.580845 0.774125
1732438967.641469240 5.289448 -0.043194 -0.046604 -0.158467 0.196857 0.588167 0.768242
1732438967.741325140 5.267012 -0.110578 -0.045975 -0.160238 0.193935 0.595515 0.762938
1732438967.841168880 5.249508 -0.174915 -0.045062 -0.161896 0.192984 0.602309 0.757477
1732438967.941434145 5.232338 -0.236695 -0.043845 -0.164623 0.192255 0.607906 0.752587
1732438968.041351318 5.217795 -0.297147 -0.042566 -0.166087 0.190842 0.613634 0.747963
1732438968.141496658 5.204931 -0.354651 -0.041773 -0.167184 0.190032 0.618568 0.743849
1732438968.241420746 5.195722 -0.408708 -0.040625 -0.168027 0.190063 0.622742 0.740159
1732438968.341578960 5.185823 -0.458516 -0.039665 -0.169247 0.189066 0.625187 0.738073
1732438968.441508293 5.180823 -0.503872 -0.038463 -0.168943 0.188940 0.626953 0.736675
1732438968.540982962 5.176394 -0.540925 -0.037621 -0.168481 0.188528 0.627913 0.736069
1732438968.641545296 5.174828 -0.565590 -0.036971 -0.167623 0.188114 0.627629 0.736612
1732438968.741432667 5.175035 -0.574392 -0.036684 -0.166892 0.188317 0.627740 0.736631
1732438968.841289520 5.174956 -0.567744 -0.037207 -0.168629 0.189406 0.627630 0.736050
1732438968.942135334 5.174713 -0.556510 -0.037000 -0.168765 0.188768 0.629033 0.734985
1732438969.041610003 5.173741 -0.540158 -0.037180 -0.169408 0.187877 0.631361 0.733067
1732438969.141494036 5.172459 -0.517480 -0.037534 -0.169964 0.187083 0.634600 0.730339
1732438969.241409540 5.170538 -0.488523 -0.038040 -0.171063 0.186190 0.638641 0.726779
1732438969.341086626 5.167991 -0.453325 -0.038667 -0.171765 0.185002 0.643804 0.722348
1732438969.441354275 5.164703 -0.410338 -0.039687 -0.172872 0.184160 0.649883 0.716835
1732438969.541455507 5.158284 -0.361726 -0.039978 -0.174511 0.181824 0.656817 0.710688
1732438969.641125441 5.152689 -0.307511 -0.040914 -0.175684 0.180449 0.664508 0.703564
1732438969.741318226 5.143450 -0.247185 -0.042019 -0.177660 0.178324 0.672137 0.696326
1732438969.841441393 5.134890 -0.180549 -0.042725 -0.179235 0.176682 0.678647 0.689997
1732438969.941534281 5.127212 -0.107971 -0.044376 -0.180537 0.176555 0.682031 0.686344
1732438970.041528702 5.121567 -0.032939 -0.045384 -0.180044 0.175598 0.684493 0.684265
1732438970.141383886 5.115643 0.045133 -0.046103 -0.179929 0.174878 0.686008 0.682961
1732438970.241328478 5.109582 0.123785 -0.047335 -0.180091 0.174433 0.687351 0.681681
1732438970.341419458 5.102316 0.204867 -0.048395 -0.181909 0.175130 0.687846 0.680519
1732438970.441301823 5.097863 0.283198 -0.049978 -0.181802 0.175736 0.688785 0.679441
1732438970.541523695 5.089147 0.358844 -0.051103 -0.182309 0.174650 0.692518 0.675781
1732438970.641517639 5.076021 0.428477 -0.051896 -0.183417 0.172306 0.699171 0.669200
1732438970.741695404 5.061135 0.491567 -0.052340 -0.184096 0.170010 0.707514 0.660779
1732438970.841521263 5.040502 0.549488 -0.053127 -0.187247 0.166487 0.716946 0.650545
1732438970.941407442 5.018997 0.604226 -0.054054 -0.190632 0.164357 0.727236 0.638572
1732438971.041708708 4.998912 0.654600 -0.053941 -0.191640 0.161496 0.737620 0.626985
1732438971.141537189 4.976040 0.701228 -0.054132 -0.193848 0.158286 0.746680 0.616309
1732438971.241250515 4.954965 0.741972 -0.053552 -0.194406 0.154661 0.755693 0.605982
1732438971.341536999 4.932750 0.782320 -0.054474 -0.196632 0.152046 0.763406 0.596179
1732438971.441451788 4.911511 0.819540 -0.054871 -0.198328 0.149645 0.770225 0.587389
1732438971.541590691 4.890602 0.854367 -0.054513 -0.199645 0.146928 0.776965 0.578688
1732438971.641537666 4.870534 0.887892 -0.054884 -0.200971 0.145058 0.782724 0.570887
1732438971.741361380 4.850638 0.920285 -0.055458 -0.201877 0.143064 0.788562 0.562981
1732438971.841251612 4.829759 0.953131 -0.055864 -0.202878 0.141113 0.794535 0.554655
1732438971.941428185 4.806169 0.985764 -0.056486 -0.204787 0.138824 0.800021 0.546586
1732438972.041381121 4.783191 1.018750 -0.056161 -0.206268 0.137561 0.805726 0.537900
1732438972.141609669 4.758191 1.051185 -0.056626 -0.207467 0.135297 0.811294 0.529579
1732438972.241394043 4.730979 1.084141 -0.057332 -0.209224 0.132849 0.816882 0.520847
1732438972.341251135 4.702710 1.116814 -0.057933 -0.210611 0.130249 0.822633 0.511814
1732438972.441512585 4.673469 1.151577 -0.057697 -0.213038 0.128739 0.828303 0.501951
1732438972.541391850 4.642451 1.182251 -0.058770 -0.213626 0.124903 0.834361 0.492550
1732438972.641577959 4.610466 1.215385 -0.058832 -0.215358 0.122570 0.840286 0.482200
1732438972.741502285 4.575547 1.246845 -0.059336 -0.217034 0.118571 0.846263 0.471886
1732438972.841333151 4.540939 1.278507 -0.059797 -0.218327 0.115614 0.852290 0.461053
1732438972.941404819 4.504532 1.310533 -0.060020 -0.220001 0.112771 0.858361 0.449554
1732438973.041374922 4.465612 1.340559 -0.059898 -0.221623 0.109026 0.864304 0.438149
1732438973.141649961 4.428386 1.371883 -0.060045 -0.222236 0.106597 0.870363 0.426282
1732438973.241625071 4.387995 1.401040 -0.060533 -0.222629 0.102893 0.876381 0.414494
1732438973.341599941 4.346902 1.432005 -0.060406 -0.223843 0.100458 0.882200 0.401902
1732438973.441209793 4.303353 1.461015 -0.060595 -0.225464 0.097176 0.887371 0.390252
1732438973.541214466 4.258746 1.490326 -0.060960 -0.227054 0.094651 0.892617 0.377786
1732438973.641436338 4.211786 1.517958 -0.061254 -0.228401 0.091172 0.897726 0.365525
1732438973.741464853 4.164225 1.545540 -0.061584 -0.230187 0.088297 0.902823 0.352319
1732438973.841434717 4.113879 1.569279 -0.061433 -0.232185 0.084052 0.907945 0.338617
1732438973.941353798 4.062967 1.593652 -0.061791 -0.234083 0.080688 0.913079 0.324010
1732438974.041419029 4.010609 1.613035 -0.062021 -0.234638 0.075304 0.918187 0.310173
1732438974.141574144 3.957349 1.633992 -0.062201 -0.235670 0.071535 0.923108 0.295321
1732438974.241508961 3.903778 1.651812 -0.062289 -0.236909 0.067247 0.927663 0.280702
1732438974.341672659 3.851757 1.669006 -0.062649 -0.237019 0.063823 0.932409 0.265258
1732438974.441319466 3.799077 1.683860 -0.062744 -0.238121 0.060463 0.936419 0.250522
1732438974.541528225 3.747473 1.696585 -0.063685 -0.238186 0.056600 0.940498 0.235643
1732438974.640959501 3.695835 1.707690 -0.063347 -0.238779 0.053052 0.943973 0.221552
1732438974.741657257 3.644566 1.718302 -0.063477 -0.238770 0.049784 0.947523 0.206667
1732438974.841630697 3.593544 1.725902 -0.062692 -0.239585 0.046116 0.950415 0.192833
1732438974.941472292 3.542883 1.731758 -0.062566 -0.240260 0.042438 0.953139 0.178886
1732438975.041385412 3.493046 1.736623 -0.062378 -0.241343 0.038843 0.955547 0.164848
1732438975.141492367 3.445310 1.739181 -0.062329 -0.241223 0.035605 0.957906 0.151524
1732438975.241443396 3.398016 1.739782 -0.062348 -0.241165 0.031771 0.960018 0.138547
1732438975.341363668 3.350571 1.740240 -0.062647 -0.242249 0.028418 0.961599 0.125839
1732438975.441392422 3.302280 1.739665 -0.063469 -0.242731 0.025213 0.963145 0.113129
1732438975.541415691 3.254150 1.737048 -0.063457 -0.243748 0.021551 0.964362 0.100637
1732438975.641479969 3.205880 1.735422 -0.064041 -0.244195 0.019302 0.965555 0.087753
1732438975.741447926 3.155783 1.732112 -0.064294 -0.244950 0.016508 0.966517 0.074643
1732438975.841606140 3.106228 1.726502 -0.064495 -0.244948 0.013113 0.967445 0.062285
1732438975.941460848 3.055163 1.720831 -0.064647 -0.245278 0.010184 0.968011 0.051862
1732438976.041419029 3.004664 1.717726 -0.064964 -0.244692 0.008532 0.968547 0.044377
1732438976.141642332 2.951287 1.717102 -0.065206 -0.245612 0.007615 0.968475 0.040901
1732438976.241449356 2.896817 1.716580 -0.065544 -0.245696 0.006684 0.968514 0.039606
1732438976.341381311 2.841561 1.718354 -0.065810 -0.245322 0.006838 0.968595 0.039932
1732438976.441418171 2.787071 1.720540 -0.065840 -0.244789 0.007346 0.968712 0.040264
1732438976.541410208 2.730197 1.724339 -0.065479 -0.245243 0.008223 0.968569 0.040779
1732438976.641587734 2.673836 1.725620 -0.065756 -0.243999 0.008067 0.968843 0.041750
1732438976.741491556 2.617201 1.729065 -0.065476 -0.243975 0.008803 0.968844 0.041714
1732438976.841298580 2.561035 1.731022 -0.065508 -0.243771 0.008742 0.968860 0.042542
1732438976.941584349 2.505452 1.732702 -0.065536 -0.243873 0.008421 0.968801 0.043365
1732438977.041490793 2.451530 1.734280 -0.065637 -0.243347 0.008040 0.968941 0.043256
1732438977.141327858 2.397360 1.736359 -0.065687 -0.243249 0.008167 0.968976 0.042997
1732438977.241510630 2.342181 1.739278 -0.065444 -0.243954 0.008499 0.968807 0.042740
1732438977.341487408 2.287414 1.740056 -0.065243 -0.243196 0.007910 0.968988 0.043075
1732438977.441707850 2.230951 1.743151 -0.062731 -0.242501 0.008238 0.969182 0.042556
1732438977.541643858 2.174518 1.745218 -0.061777 -0.243017 0.008143 0.969056 0.042515
1732438977.640957832 2.118571 1.747062 -0.061227 -0.242978 0.007684 0.969068 0.042533
1732438977.741453171 2.061657 1.748440 -0.061748 -0.243872 0.007758 0.968845 0.042504
1732438977.841540813 2.005140 1.749265 -0.062009 -0.244329 0.007633 0.968745 0.042167
1732438977.940988779 1.948970 1.750762 -0.061765 -0.244066 0.007577 0.968824 0.041888
1732438978.041049719 1.892512 1.751805 -0.061486 -0.243637 0.007202 0.968937 0.041838
1732438978.141018867 1.836730 1.752125 -0.061274 -0.243503 0.006554 0.968989 0.041520
1732438978.241441011 1.781276 1.754146 -0.061350 -0.242998 0.006724 0.969120 0.041395
1732438978.341379642 1.725367 1.753846 -0.060857 -0.243753 0.005776 0.968945 0.041200
1732438978.441502810 1.670945 1.755573 -0.060960 -0.242905 0.005974 0.969183 0.040576
1732438978.541499376 1.616332 1.755236 -0.060914 -0.242568 0.005490 0.969362 0.038320
1732438978.641581297 1.561697 1.754115 -0.061022 -0.242850 0.005142 0.969507 0.032469
1732438978.741511822 1.508245 1.747320 -0.060737 -0.242333 0.002716 0.969870 0.024891
1732438978.840979099 1.455790 1.738581 -0.060540 -0.241182 0.000120 0.970376 0.014192
1732438978.941529036 1.402765 1.725575 -0.060626 -0.241268 -0.003852 0.970450 0.001475
1732438979.041445732 1.350703 1.711608 -0.060553 -0.240928 -0.007506 0.970428 -0.012928
1732438979.141513348 1.298073 1.694212 -0.060985 -0.241850 -0.011839 0.969857 -0.027323
1732438979.241476297 1.247528 1.676155 -0.061452 -0.241222 -0.015733 0.969413 -0.042459
1732438979.341384172 1.196244 1.655634 -0.061184 -0.241155 -0.019878 0.968567 -0.057675
1732438979.441552877 1.145152 1.634435 -0.061050 -0.240915 -0.023472 0.967504 -0.073112
1732438979.541430235 1.095017 1.612418 -0.060351 -0.240966 -0.026894 0.966144 -0.088191
1732438979.641037703 1.048976 1.587371 -0.060172 -0.240015 -0.031285 0.964840 -0.102460
1732438979.741486073 1.002682 1.565161 -0.059242 -0.240488 -0.033555 0.963034 -0.116640
1732438979.841147900 0.959693 1.541815 -0.059430 -0.239311 -0.036221 0.961455 -0.130473
1732438979.941516638 0.917776 1.515800 -0.058967 -0.239054 -0.039863 0.959526 -0.143434
1732438980.041415215 0.877614 1.491112 -0.058694 -0.238761 -0.043023 0.957433 -0.156411
1732438980.141098499 0.842463 1.466251 -0.058569 -0.237362 -0.045938 0.955641 -0.168223
1732438980.241504431 0.807322 1.441496 -0.058464 -0.236656 -0.048252 0.953625 -0.179627
1732438980.341078758 0.772901 1.415973 -0.057947 -0.236400 -0.051389 0.951301 -0.191050
1732438980.441486597 0.737671 1.389475 -0.057602 -0.236495 -0.054204 0.948765 -0.202426
1732438980.541457653 0.705942 1.363107 -0.057463 -0.235037 -0.056343 0.946487 -0.213881
1732438980.641010761 0.673394 1.334870 -0.057003 -0.234178 -0.059175 0.943817 -0.225541
1732438980.741478443 0.642264 1.304463 -0.056664 -0.232684 -0.062327 0.941177 -0.236981
1732438980.841388702 0.610884 1.273718 -0.056374 -0.231633 -0.065348 0.938055 -0.249257
1732438980.941563845 0.578864 1.241465 -0.056633 -0.231371 -0.068356 0.934567 -0.261495
1732438981.041471481 0.548194 1.207148 -0.056357 -0.230570 -0.071976 0.931026 -0.273583
1732438981.140996456 0.517578 1.173174 -0.055989 -0.229576 -0.074623 0.927261 -0.286205
1732438981.240945816 0.486210 1.137063 -0.056181 -0.228684 -0.077473 0.923243 -0.298872
1732438981.341406345 0.454980 1.099866 -0.055839 -0.227826 -0.080026 0.918781 -0.312303
1732438981.441010475 0.426393 1.059693 -0.055301 -0.226943 -0.083935 0.914215 -0.325059
1732438981.541049004 0.397483 1.020256 -0.054402 -0.225388 -0.086441 0.909254 -0.339096
1732438981.641148806 0.369225 0.976727 -0.054127 -0.224048 -0.089678 0.904395 -0.351895
1732438981.741004467 0.340796 0.933198 -0.053419 -0.223589 -0.092684 0.898686 -0.365762
1732438981.841532707 0.313933 0.886764 -0.053634 -0.222455 -0.096150 0.893018 -0.379194
1732438981.941792965 0.290913 0.841374 -0.052838 -0.219966 -0.099423 0.887164 -0.393281
1732438982.040921211 0.267772 0.794787 -0.052475 -0.218726 -0.102972 0.880952 -0.406792
1732438982.141575336 0.247082 0.748256 -0.051819 -0.216079 -0.105731 0.874972 -0.420185
1732438982.241055250 0.226746 0.702385 -0.050323 -0.214244 -0.108213 0.868583 -0.433535
1732438982.341416359 0.210641 0.652520 -0.050970 -0.212566 -0.113005 0.862108 -0.445888
1732438982.441386938 0.191310 0.609284 -0.049753 -0.210266 -0.113023 0.856177 -0.458231
1732438982.541161776 0.176366 0.560377 -0.049730 -0.208371 -0.116821 0.849140 -0.471058
1732438982.641635895 0.162324 0.513620 -0.048973 -0.205145 -0.118682 0.842200 -0.484283
1732438982.741522789 0.150889 0.464014 -0.048690 -0.203509 -0.122664 0.834837 -0.496572
1732438982.841062784 0.140296 0.416016 -0.047738 0.201251 0.125062 -0.827174 0.509550
1732438982.941070080 0.131670 0.366626 -0.046695 0.198657 0.128289 -0.819765 0.521596
1732438983.041501999 0.125608 0.317114 -0.046142 0.195028 0.131391 -0.812032 0.534139
1732438983.141401052 0.119016 0.266333 -0.044622 0.193472 0.135480 -0.803811 0.545987
1732438983.241594553 0.113931 0.216954 -0.043638 0.191443 0.137606 -0.795505 0.558199
1732438983.341129065 0.111868 0.166380 -0.042211 0.188756 0.140489 -0.786697 0.570738
1732438983.441547155 0.106872 0.115009 -0.040987 0.188777 0.142952 -0.777343 0.582809
1732438983.541536331 0.109072 0.064947 -0.040200 0.185360 0.146109 -0.768864 0.594257
1732438983.641175508 0.111500 0.015279 -0.039464 0.183079 0.149688 -0.759813 0.605607
1732438983.741490602 0.113669 -0.033856 -0.038900 0.180882 0.151995 -0.750905 0.616702
1732438983.841615438 0.119203 -0.081437 -0.038323 0.178662 0.155675 -0.742373 0.626680
1732438983.941469193 0.123373 -0.124957 -0.037707 0.176664 0.157698 -0.734614 0.635817
1732438984.041492701 0.127685 -0.165600 -0.037184 0.174656 0.159665 -0.729122 0.642172
1732438984.141444683 0.128138 -0.201722 -0.036516 0.174033 0.160035 -0.725334 0.646523
1732438984.241529226 0.128160 -0.231817 -0.036067 0.173421 0.160246 -0.723730 0.648430
1732438984.341450691 0.127766 -0.253362 -0.035440 0.173626 0.160837 -0.723174 0.648848
1732438984.441037655 0.126638 -0.264465 -0.035524 0.174033 0.160874 -0.723063 0.648854
1732438984.541113377 0.126840 -0.264453 -0.035650 0.173507 0.160754 -0.722994 0.649102
1732438984.641123295 0.126778 -0.258594 -0.035573 0.173243 0.160185 -0.723369 0.648895
1732438984.741499662 0.128067 -0.249906 -0.035265 0.172743 0.160263 -0.722752 0.649697
1732438984.841590881 0.129709 -0.237251 -0.035807 0.172567 0.160719 -0.721611 0.650898
1732438984.941500425 0.133251 -0.219225 -0.035991 0.172265 0.161704 -0.719478 0.653092
1732438985.041465044 0.136838 -0.196788 -0.036835 0.171739 0.162786 -0.716820 0.655878
1732438985.141211987 0.141875 -0.168146 -0.037312 0.170532 0.163964 -0.713613 0.659387
1732438985.241115808 0.147186 -0.133757 -0.038099 0.169578 0.165828 -0.709532 0.663557
1732438985.341068506 0.152365 -0.093672 -0.038360 0.168251 0.166873 -0.705535 0.667881
1732438985.441219330 0.155618 -0.048687 -0.039103 0.167176 0.167836 -0.701074 0.672591
1732438985.541091681 0.159854 -0.000182 -0.039220 0.166131 0.169580 -0.696465 0.677184
1732438985.641540051 0.161183 0.052909 -0.040060 0.164756 0.169352 -0.692455 0.681675
1732438985.741638899 0.163972 0.108843 -0.041194 0.162541 0.170280 -0.688400 0.686069
1732438985.841617823 0.166080 0.165486 -0.042798 0.161537 0.172778 -0.683831 0.690238
1732438985.941653728 0.165562 0.225737 -0.043361 0.159716 0.172418 -0.679595 0.694920
1732438986.041627407 0.165610 0.284092 -0.043928 0.158114 0.173684 -0.675166 0.699274
1732438986.140960217 0.162049 0.342520 -0.044172 0.158274 0.174433 -0.670222 0.703793
1732438986.241631031 0.161132 0.400923 -0.045639 0.156808 0.176267 -0.665628 0.708011
1732438986.341190100 0.156384 0.459329 -0.045859 0.156637 0.176972 -0.660642 0.712529
1732438986.441005468 0.152577 0.516756 -0.046655 0.156175 0.178889 -0.655587 0.716808
1732438986.541696548 0.146318 0.577579 -0.047020 0.154058 0.178377 -0.651990 0.720664
1732438986.641283512 0.141137 0.632078 -0.050164 0.154540 0.181623 -0.647093 0.724156
1732438986.741009951 0.132494 0.689574 -0.049789 0.153912 0.181185 -0.646420 0.724999
1732438986.841634750 0.124186 0.742297 -0.050919 0.154197 0.182545 -0.644893 0.725957
1732438986.941211224 0.115778 0.791875 -0.051248 0.154128 0.182924 -0.644016 0.726655
1732438987.041240931 0.107472 0.838661 -0.051653 0.154299 0.183084 -0.643356 0.727162
1732438987.141627073 0.099885 0.882070 -0.051845 0.154533 0.184132 -0.642495 0.727609
1732438987.241022110 0.094631 0.923461 -0.052023 0.153905 0.185261 -0.642342 0.727591
1732438987.341030359 0.086702 0.962993 -0.052643 0.154217 0.185337 -0.641654 0.728112
1732438987.440956116 0.080625 1.000102 -0.052804 0.154236 0.186138 -0.641233 0.728274
1732438987.541109562 0.072956 1.033969 -0.053224 0.154812 0.185765 -0.640426 0.728958
1732438987.641006947 0.068497 1.063536 -0.052859 0.153840 0.186008 -0.639614 0.729813
1732438987.740971088 0.065241 1.084014 -0.053274 0.154220 0.186816 -0.639244 0.729851
1732438987.841268778 0.061820 1.099467 -0.052929 0.153898 0.186009 -0.639065 0.730282
1732438987.941176653 0.060911 1.107404 -0.053535 0.153559 0.185944 -0.638742 0.730653
1732438988.041001320 0.060852 1.106221 -0.053553 0.154069 0.186231 -0.638601 0.730595
1732438988.141124725 0.062548 1.101549 -0.053929 0.154345 0.187219 -0.638212 0.730625
1732438988.240985394 0.063954 1.095834 -0.053748 0.154186 0.187330 -0.637539 0.731217
1732438988.341502190 0.066406 1.088535 -0.053715 0.153943 0.187311 -0.637108 0.731649
1732438988.441295147 0.069898 1.078284 -0.053513 0.153417 0.187301 -0.635582 0.733087
1732438988.540978909 0.075079 1.061865 -0.053509 0.152808 0.187084 -0.633022 0.735481
1732438988.641516447 0.083585 1.039225 -0.053191 0.151637 0.187850 -0.629383 0.738645
1732438988.741034985 0.094558 1.012494 -0.052908 0.150164 0.188965 -0.625204 0.742201
1732438988.840970755 0.107140 0.981193 -0.052749 0.148468 0.189393 -0.619894 0.746872
1732438988.941287994 0.122540 0.944375 -0.052606 0.146306 0.190186 -0.613699 0.752195
1732438989.040968180 0.138234 0.903260 -0.052279 0.144817 0.190022 -0.607189 0.757787
1732438989.141682386 0.157447 0.857685 -0.051600 0.143101 0.191301 -0.600068 0.763443
1732438989.240987062 0.179402 0.809308 -0.051075 0.141207 0.192232 -0.593024 0.769045
1732438989.341026783 0.204006 0.756358 -0.050212 0.138888 0.192961 -0.584911 0.775471
1732438989.441674709 0.233439 0.699397 -0.049622 0.136202 0.195117 -0.576577 0.781625
1732438989.540944815 0.265541 0.643762 -0.048509 0.133092 0.197165 -0.567819 0.788032
1732438989.641145229 0.298905 0.585850 -0.048502 0.130674 0.198669 -0.558631 0.794598
1732438989.740969181 0.335807 0.528809 -0.047915 0.127892 0.201093 -0.549241 0.800962
1732438989.840909004 0.372473 0.470683 -0.047329 0.125705 0.202694 -0.539169 0.807719
1732438989.941072226 0.411419 0.413281 -0.047032 0.123223 0.205021 -0.529844 0.813663
1732438990.040994167 0.451224 0.360289 -0.047229 0.119594 0.206428 -0.519445 0.820525
1732438990.141556740 0.489610 0.309423 -0.046423 0.117340 0.207966 -0.508345 0.827386
1732438990.241055727 0.529888 0.264098 -0.045151 0.114012 0.210499 -0.497556 0.833744
1732438990.341012001 0.567902 0.222821 -0.045008 0.110528 0.211495 -0.486066 0.840710
1732438990.441171646 0.603839 0.186325 -0.044146 0.107858 0.213017 -0.475459 0.846717
1732438990.540973902 0.637010 0.155027 -0.043772 0.104769 0.214443 -0.465554 0.852231
1732438990.641066551 0.666238 0.128459 -0.042846 0.102297 0.215217 -0.456468 0.857236
1732438990.741306067 0.694220 0.107087 -0.042483 0.098390 0.216148 -0.448911 0.861440
1732438990.841002226 0.719005 0.087807 -0.042274 0.096258 0.216447 -0.440710 0.865829
1732438990.941031933 0.741589 0.063187 -0.042988 0.097293 0.218780 -0.432196 0.869412
1732438991.041177511 0.767292 0.046838 -0.042708 0.094133 0.219681 -0.424753 0.873192
1732438991.141056061 0.790250 0.029477 -0.042463 0.092477 0.220220 -0.417029 0.876948
1732438991.241044044 0.813837 0.014799 -0.042153 0.089878 0.220988 -0.410258 0.880213
1732438991.341050863 0.837157 -0.001326 -0.042405 0.088507 0.222198 -0.402882 0.883448
1732438991.441067457 0.862530 -0.016517 -0.042104 0.086240 0.223476 -0.395568 0.886649
1732438991.541102886 0.889016 -0.032087 -0.041927 0.083974 0.224477 -0.387939 0.889979
1732438991.641654253 0.916235 -0.047390 -0.041729 0.081513 0.225067 -0.379735 0.893589
1732438991.741045237 0.944658 -0.063873 -0.041675 0.079367 0.225815 -0.371110 0.897210
1732438991.841025352 0.975691 -0.080845 -0.041580 0.076858 0.227042 -0.361881 0.900881
1732438991.941160917 1.008553 -0.098810 -0.041151 0.075158 0.228332 -0.352137 0.904553
1732438992.041068077 1.043880 -0.115786 -0.041244 0.072622 0.229156 -0.341724 0.908536
1732438992.140942812 1.082345 -0.133693 -0.041786 0.069572 0.229083 -0.329751 0.913206
1732438992.241050720 1.124773 -0.150828 -0.041995 0.065898 0.229408 -0.316902 0.917934
1732438992.341607809 1.171208 -0.169225 -0.042005 0.062356 0.231132 -0.303637 0.922222
1732438992.440977335 1.218659 -0.186302 -0.041645 0.058720 0.231991 -0.289520 0.926774
1732438992.540983915 1.270020 -0.202521 -0.041902 0.054774 0.234260 -0.275244 0.930786
1732438992.641041994 1.320884 -0.217239 -0.041946 0.050849 0.234139 -0.259857 0.935450
1732438992.740972996 1.375178 -0.229267 -0.041810 0.045664 0.235171 -0.244545 0.939578
1732438992.841042995 1.431207 -0.242235 -0.041606 0.041959 0.236116 -0.228126 0.943635
1732438992.941035271 1.489065 -0.252584 -0.041420 0.037790 0.237666 -0.212027 0.947170
1732438993.040965796 1.544903 -0.259940 -0.041928 0.033109 0.238385 -0.196148 0.950580
1732438993.140986443 1.600046 -0.266625 -0.042000 0.029493 0.240081 -0.179997 0.953463
1732438993.241091728 1.651564 -0.271887 -0.042132 0.025975 0.239775 -0.164545 0.956430
1732438993.341028690 1.703835 -0.272546 -0.042438 0.021307 0.241257 -0.149968 0.958567
1732438993.441077948 1.752275 -0.274498 -0.042332 0.018271 0.240771 -0.135145 0.960953
1732438993.540997267 1.801392 -0.273290 -0.042695 0.014083 0.241570 -0.121267 0.962673
1732438993.640969992 1.849900 -0.271735 -0.042805 0.010947 0.241937 -0.107286 0.964280
1732438993.741035700 1.898727 -0.268266 -0.042648 0.007400 0.242891 -0.093860 0.965474
1732438993.841110229 1.945817 -0.263886 -0.042795 0.004157 0.242603 -0.079078 0.966888
1732438993.941017866 1.993727 -0.256392 -0.043160 0.000024 0.243302 -0.065450 0.967740
1732438994.041013241 2.040332 -0.247819 -0.043570 -0.003824 0.242477 -0.051228 0.968796
1732438994.141041517 2.085827 -0.240668 -0.042836 -0.006314 0.241565 -0.038211 0.969612
1732438994.241167307 2.133752 -0.232914 -0.043774 -0.009561 0.242991 -0.029561 0.969531
1732438994.341073275 2.178994 -0.228492 -0.043727 -0.011048 0.242934 -0.024553 0.969669
1732438994.441012859 2.224616 -0.227658 -0.043381 -0.011187 0.242868 -0.023391 0.969713
1732438994.541140556 2.270476 -0.229218 -0.044070 -0.010393 0.242065 -0.025361 0.969873
1732438994.641009331 2.317292 -0.232247 -0.043752 -0.009171 0.242692 -0.029454 0.969613
1732438994.741140127 2.364260 -0.236652 -0.043354 -0.007577 0.242958 -0.034374 0.969398
1732438994.841027498 2.412169 -0.241068 -0.043310 -0.006423 0.243479 -0.039199 0.969092
1732438994.941787243 2.460442 -0.247182 -0.043068 -0.004751 0.243585 -0.044107 0.968864
1732438995.041724205 2.509116 -0.252556 -0.042911 -0.003558 0.243590 -0.049479 0.968609
1732438995.141124249 2.558642 -0.258824 -0.042606 -0.001982 0.243480 -0.054974 0.968345
1732438995.241070747 2.607606 -0.266819 -0.041807 -0.000107 0.244243 -0.059121 0.967910
1732438995.341159582 2.658147 -0.271595 -0.042316 -0.000053 0.243792 -0.064475 0.967682
1732438995.441070557 2.711239 -0.279332 -0.041659 0.001421 0.243380 -0.067877 0.967552
1732438995.541184664 2.768821 -0.286644 -0.041782 0.002078 0.244016 -0.071164 0.967154
1732438995.641068459 2.826523 -0.293707 -0.041495 0.002892 0.242790 -0.074209 0.967232
1732438995.741125822 2.886514 -0.299887 -0.040688 0.003212 0.242586 -0.074872 0.967231
1732438995.841138363 2.946017 -0.307539 -0.039829 0.004174 0.242181 -0.074599 0.967350
1732438995.941047907 3.006478 -0.311932 -0.039460 0.003597 0.242322 -0.074095 0.967356
1732438996.041153431 3.066977 -0.318889 -0.039658 0.004333 0.241087 -0.073348 0.967718
1732438996.141068459 3.129535 -0.322593 -0.040006 0.003636 0.241581 -0.072423 0.967668
1732438996.241204739 3.192689 -0.329195 -0.039543 0.004275 0.242271 -0.070931 0.967603
1732438996.341136456 3.255298 -0.332226 -0.039881 0.003271 0.241309 -0.069954 0.967918
1732438996.441035748 3.318994 -0.338256 -0.039557 0.003538 0.241763 -0.068643 0.967898
1732438996.541212082 3.382921 -0.341986 -0.039756 0.002857 0.242068 -0.067820 0.967882
1732438996.641035080 3.446071 -0.347289 -0.039350 0.003306 0.243278 -0.066926 0.967639
1732438996.741176844 3.509114 -0.351810 -0.039666 0.003312 0.243013 -0.066383 0.967743
1732438996.841102362 3.574294 -0.355071 -0.039479 0.002701 0.244719 -0.064847 0.967419
1732438996.941188574 3.637302 -0.357843 -0.040073 0.001694 0.243238 -0.065135 0.967776
1732438997.041104078 3.704308 -0.361778 -0.039919 0.001299 0.244564 -0.063576 0.967546
1732438997.141049623 3.769014 -0.365070 -0.039853 0.000754 0.245386 -0.062939 0.967380
1732438997.241174698 3.830163 -0.368597 -0.039291 0.000457 0.243500 -0.062252 0.967901
1732438997.341134548 3.891064 -0.372087 -0.039866 0.000451 0.242748 -0.061877 0.968114
1732438997.441208601 3.953601 -0.377718 -0.040609 0.001401 0.244355 -0.061222 0.967750
1732438997.541215181 4.017069 -0.378606 -0.041097 -0.000359 0.245791 -0.061177 0.967390
1732438997.641170025 4.078354 -0.384302 -0.041276 0.000597 0.245045 -0.059909 0.967659
1732438997.741081953 4.139771 -0.385403 -0.042063 -0.000613 0.245700 -0.059009 0.967548
1732438997.841089010 4.199157 -0.387514 -0.042088 -0.000774 0.245357 -0.055642 0.967834
1732438997.941186905 4.257933 -0.384949 -0.042310 -0.002759 0.245393 -0.050173 0.968121
1732438998.041100025 4.316797 -0.381740 -0.042174 -0.004469 0.245746 -0.042835 0.968377
1732438998.141067028 4.375765 -0.373665 -0.042418 -0.007787 0.246098 -0.032882 0.968656
1732438998.241336107 4.434900 -0.366796 -0.042417 -0.009494 0.245911 -0.020153 0.969036
1732438998.341826916 4.493947 -0.353372 -0.043109 -0.013796 0.245643 -0.007495 0.969233
1732438998.441210508 4.551432 -0.338467 -0.043278 -0.017610 0.244548 0.007064 0.969451
1732438998.541187286 4.609038 -0.323689 -0.043479 -0.020426 0.244393 0.022252 0.969206
1732438998.641089678 4.665234 -0.307219 -0.043030 -0.023463 0.243750 0.037319 0.968836
1732438998.741107464 4.719471 -0.286976 -0.043749 -0.027856 0.243556 0.051906 0.968096
1732438998.841096163 4.772365 -0.268144 -0.043091 -0.030108 0.243430 0.065825 0.967214
1732438998.941387653 4.824089 -0.247257 -0.044011 -0.033662 0.243425 0.079491 0.966070
1732438999.041125536 4.874477 -0.224893 -0.044313 -0.036736 0.244644 0.092525 0.964489
1732438999.141849756 4.920995 -0.202009 -0.045337 -0.040331 0.243434 0.106120 0.963251
1732438999.241187811 4.966077 -0.178505 -0.046191 -0.043540 0.243984 0.118646 0.961509
1732438999.341090202 5.007515 -0.154505 -0.046470 -0.046407 0.242827 0.131734 0.959962
1732438999.441125154 5.048293 -0.129334 -0.046996 -0.049699 0.242730 0.144649 0.957961
1732438999.541130066 5.087781 -0.102934 -0.047527 -0.052902 0.242725 0.157366 0.955783
1732438999.641132832 5.125242 -0.075665 -0.048019 -0.056434 0.241704 0.170325 0.953616
1732438999.741153002 5.163247 -0.047515 -0.048913 -0.059253 0.241050 0.183799 0.951106
1732438999.841099024 5.200761 -0.018211 -0.049454 -0.061935 0.240024 0.197848 0.948372
1732438999.941200495 5.240249 0.013979 -0.049863 -0.065138 0.240234 0.211690 0.945110
1732439000.041183472 5.276767 0.049289 -0.050260 -0.069162 0.238285 0.226104 0.941974
1732439000.141282320 5.315382 0.084538 -0.050279 -0.071987 0.237284 0.240740 0.938381
1732439000.241214752 5.352612 0.123731 -0.051046 -0.076504 0.236604 0.255503 0.934283
1732439000.341133118 5.390595 0.163574 -0.051586 -0.079789 0.236262 0.270471 0.929871
1732439000.441327572 5.427142 0.205161 -0.052071 -0.083692 0.234891 0.286054 0.925200
1732439000.541199923 5.463699 0.248788 -0.052291 -0.087277 0.233621 0.301469 0.920283
1732439000.641130209 5.498082 0.295079 -0.052250 -0.091243 0.231885 0.317461 0.914944
1732439000.741220951 5.533055 0.343005 -0.052819 -0.095235 0.231597 0.333028 0.909058
1732439000.841197491 5.566124 0.392972 -0.053511 -0.100003 0.231434 0.348325 0.902833
1732439000.941282511 5.594601 0.441467 -0.054088 -0.103343 0.228756 0.364138 0.896880
1732439001.041214466 5.623848 0.488680 -0.054871 -0.105884 0.227653 0.379092 0.890647
1732439001.141143799 5.648522 0.538230 -0.055376 -0.109854 0.225629 0.393742 0.884302
1732439001.241307974 5.671840 0.583999 -0.056166 -0.112204 0.224110 0.408128 0.877848
1732439001.341248035 5.691759 0.628015 -0.056679 -0.115083 0.222090 0.421440 0.871677
1732439001.441192627 5.707935 0.669084 -0.057184 -0.117787 0.220067 0.432009 0.866640
1732439001.541265011 5.724885 0.707151 -0.057641 -0.120468 0.219359 0.439435 0.862708
1732439001.641178370 5.742019 0.737854 -0.058002 -0.121076 0.219303 0.443238 0.860690
1732439001.741158724 5.756043 0.760323 -0.058080 -0.121101 0.219233 0.445560 0.859504
1732439001.841255188 5.765449 0.775447 -0.058695 -0.121636 0.219604 0.445674 0.859275
1732439001.941181898 5.769126 0.780199 -0.058640 -0.121318 0.219427 0.445868 0.859265
1732439002.041165113 5.766492 0.776283 -0.058904 -0.120937 0.218676 0.446094 0.859392
1732439002.141238928 5.761319 0.769873 -0.058633 -0.121211 0.218352 0.447406 0.858754
1732439002.241194725 5.754310 0.761517 -0.058408 -0.121800 0.218141 0.448881 0.857954
1732439002.341267347 5.744621 0.750600 -0.058184 -0.122650 0.217598 0.451655 0.856514
1732439002.441228628 5.732024 0.736331 -0.058222 -0.123861 0.216934 0.454899 0.854789
1732439002.541158915 5.716922 0.719094 -0.057876 -0.125160 0.216515 0.458931 0.852548
1732439002.641252756 5.700311 0.698397 -0.057920 -0.126455 0.215887 0.463874 0.849837
1732439002.741221189 5.681462 0.673601 -0.057623 -0.127528 0.215343 0.469099 0.846941
1732439002.841174364 5.661267 0.645754 -0.057185 -0.128839 0.215002 0.474654 0.843729
1732439002.941218853 5.639449 0.614626 -0.057082 -0.130190 0.214160 0.480285 0.840543
1732439003.041157484 5.616369 0.580750 -0.056802 -0.132477 0.214152 0.485949 0.836924
1732439003.141315222 5.592509 0.543326 -0.056550 -0.133851 0.213394 0.491784 0.833484
1732439003.241216421 5.566679 0.503441 -0.055596 -0.136118 0.212495 0.497811 0.829760
1732439003.341959000 5.540687 0.461142 -0.055132 -0.138336 0.211609 0.503751 0.826027
1732439003.441224813 5.516519 0.416925 -0.054142 -0.139217 0.210743 0.508877 0.822952
1732439003.541243792 5.492155 0.371830 -0.053344 -0.140420 0.209328 0.512553 0.820825
1732439003.641198397 5.472083 0.328116 -0.052629 -0.141438 0.209486 0.514790 0.819209
1732439003.741208315 5.452285 0.284099 -0.051982 -0.141467 0.208612 0.516060 0.818627
1732439003.841163874 5.434420 0.240688 -0.051366 -0.141723 0.208717 0.516933 0.818005
1732439003.941225767 5.416734 0.198010 -0.050867 -0.142081 0.208823 0.517786 0.817376
1732439004.041218758 5.400277 0.155341 -0.049900 -0.141763 0.208528 0.518531 0.817034
1732439004.141304970 5.383640 0.115039 -0.049402 -0.142169 0.208703 0.518886 0.816693
1732439004.241295815 5.367635 0.074883 -0.049225 -0.142149 0.208091 0.519509 0.816457
1732439004.341188431 5.351170 0.036567 -0.048599 -0.142411 0.207753 0.519722 0.816362
1732439004.441354275 5.336626 -0.001788 -0.047556 -0.142005 0.207384 0.520549 0.815999
1732439004.541250706 5.323501 -0.036122 -0.046691 -0.142041 0.207801 0.520568 0.815875
1732439004.641207218 5.311236 -0.066859 -0.045925 -0.142142 0.207141 0.521275 0.815574
1732439004.741342068 5.300705 -0.093624 -0.045210 -0.141607 0.206423 0.521650 0.815609
1732439004.841253996 5.294004 -0.113413 -0.044826 -0.141113 0.206427 0.521920 0.815521
1732439004.941377878 5.290654 -0.124050 -0.044615 -0.140755 0.206572 0.521893 0.815563
1732439005.041311264 5.290644 -0.124186 -0.044512 -0.140681 0.206506 0.522222 0.815382
1732439005.141219378 5.291929 -0.117416 -0.045138 -0.141749 0.207149 0.523072 0.814489
1732439005.241313219 5.293476 -0.109813 -0.044877 -0.142137 0.206866 0.524702 0.813444
1732439005.341243505 5.294801 -0.100482 -0.045298 -0.142590 0.206466 0.526543 0.812276
1732439005.441219091 5.296461 -0.087450 -0.045418 -0.143553 0.206018 0.529574 0.810247
1732439005.541301966 5.298951 -0.070463 -0.045836 -0.144345 0.205499 0.533608 0.807587
1732439005.641240120 5.302212 -0.049525 -0.046084 -0.145026 0.204418 0.538938 0.804193
1732439005.741358280 5.305306 -0.022225 -0.046430 -0.146219 0.203318 0.545445 0.799857
1732439005.841260433 5.308059 0.011326 -0.047112 -0.148251 0.201779 0.553336 0.794434
1732439005.941425323 5.310579 0.050861 -0.047916 -0.150875 0.200454 0.562322 0.787940
1732439006.041316271 5.311915 0.095866 -0.048751 -0.153923 0.198398 0.572896 0.780215
1732439006.141255617 5.313379 0.145121 -0.049288 -0.156863 0.197046 0.584040 0.771663
1732439006.241416693 5.312265 0.198936 -0.049504 -0.160685 0.195176 0.595979 0.762165
1732439006.341316700 5.310077 0.252991 -0.050227 -0.162657 0.192390 0.608640 0.752387
1732439006.441292524 5.306197 0.310640 -0.051003 -0.165039 0.189784 0.621954 0.741564
1732439006.541362524 5.298746 0.370135 -0.051742 -0.168598 0.187279 0.635182 0.730100
1732439006.641321659 5.290674 0.430308 -0.052540 -0.170955 0.184742 0.649337 0.717639
1732439006.741225004 5.278796 0.490346 -0.052922 -0.173972 0.180595 0.663020 0.705353
1732439006.841311693 5.264350 0.550993 -0.053321 -0.177006 0.177058 0.676309 0.692767
1732439006.941341162 5.247387 0.611044 -0.054007 -0.180509 0.173383 0.689241 0.679928
1732439007.041261196 5.228881 0.668922 -0.053803 -0.183202 0.169952 0.702346 0.666531
1732439007.141249418 5.208870 0.723720 -0.054058 -0.185259 0.165793 0.714805 0.653640
1732439007.241329670 5.188222 0.776501 -0.054154 -0.188069 0.162897 0.726242 0.640832
1732439007.341413975 5.166604 0.824504 -0.054511 -0.190422 0.159210 0.736612 0.629122
1732439007.441436768 5.144898 0.869248 -0.055100 -0.192257 0.156243 0.746460 0.617594
1732439007.542038679 5.123897 0.910401 -0.055602 -0.194286 0.153570 0.755434 0.606621
1732439007.641257286 5.102378 0.947504 -0.055828 -0.196581 0.150742 0.763101 0.596917
1732439007.741280079 5.080757 0.980680 -0.055951 -0.197836 0.147019 0.770604 0.587721
1732439007.841332674 5.062283 1.013511 -0.056004 -0.199181 0.145324 0.777559 0.578454
1732439007.941239834 5.041067 1.044386 -0.056098 -0.201351 0.143204 0.783782 0.569768
1732439008.041368484 5.022595 1.074361 -0.055897 -0.202681 0.141904 0.789848 0.561181
1732439008.141348839 5.001634 1.102372 -0.056056 -0.204399 0.139361 0.795787 0.552741
1732439008.241290092 4.981795 1.130336 -0.055909 -0.206117 0.138130 0.800875 0.545010
1732439008.341436148 4.962253 1.155694 -0.056110 -0.207109 0.135861 0.806487 0.536867
1732439008.441372871 4.943701 1.178945 -0.056097 -0.207755 0.133864 0.811736 0.529153
1732439008.541467428 4.924533 1.201460 -0.056574 -0.208997 0.131879 0.816448 0.521863
1732439008.641380548 4.905015 1.223114 -0.056691 -0.210111 0.130018 0.821156 0.514443
1732439008.742019176 4.886346 1.243704 -0.056855 -0.210753 0.127742 0.825917 0.507075
1732439008.841265202 4.866403 1.263945 -0.057310 -0.212166 0.125746 0.830091 0.500122
1732439008.941380739 4.845548 1.285791 -0.057336 -0.213495 0.124192 0.834614 0.492357
1732439009.041312456 4.823220 1.307613 -0.058000 -0.214851 0.121986 0.839009 0.484791
1732439009.141411304 4.800090 1.328603 -0.057676 -0.215948 0.119557 0.843658 0.476774
1732439009.241377592 4.776418 1.350041 -0.058055 -0.216599 0.117245 0.848556 0.468285
1732439009.341324329 4.751030 1.372280 -0.057845 -0.217810 0.115071 0.853273 0.459612
1732439009.441425323 4.726128 1.395138 -0.058093 -0.218496 0.113299 0.858317 0.450239
1732439009.541321993 4.698412 1.418249 -0.057974 -0.219395 0.110736 0.863469 0.440482
1732439009.641460180 4.667314 1.442199 -0.058180 -0.221380 0.108247 0.868259 0.430580
1732439009.741380692 4.634430 1.466581 -0.058438 -0.222041 0.105367 0.873825 0.419554
1732439009.841302395 4.598719 1.491028 -0.058585 -0.223408 0.102139 0.879594 0.407396
1732439009.941456556 4.559301 1.515670 -0.058990 -0.224691 0.098242 0.885281 0.395144
1732439010.041333199 4.517875 1.540514 -0.059218 -0.226169 0.094622 0.891056 0.381987
1732439010.141317368 4.475350 1.563576 -0.059469 -0.228034 0.090728 0.896563 0.368705
1732439010.241406441 4.434596 1.585569 -0.059376 -0.228338 0.087173 0.902423 0.354818
1732439010.341372013 4.389798 1.605992 -0.059759 -0.230212 0.083167 0.907424 0.341565
1732439010.441469669 4.344651 1.627818 -0.059457 -0.231611 0.080094 0.912615 0.327223
1732439010.541347504 4.297994 1.648547 -0.059764 -0.233018 0.077023 0.917559 0.312817
1732439010.641317129 4.250713 1.666808 -0.059771 -0.235030 0.073539 0.921984 0.298827
1732439010.741465807 4.204951 1.682746 -0.059854 -0.235905 0.070182 0.926355 0.285115
1732439010.841285706 4.159379 1.697271 -0.060624 -0.236828 0.066680 0.930584 0.271072
1732439010.941475630 4.114109 1.709933 -0.060806 -0.238321 0.062925 0.934214 0.257852
1732439011.041381836 4.070381 1.720069 -0.061458 -0.239743 0.058963 0.937528 0.245129
1732439011.141331434 4.030053 1.729698 -0.060722 -0.239287 0.056156 0.940956 0.232789
1732439011.241509914 3.988441 1.738491 -0.061278 -0.239945 0.052750 0.943830 0.220972
1732439011.341439009 3.947204 1.745725 -0.060908 -0.240082 0.049398 0.946782 0.208624
1732439011.441419601 3.906130 1.754084 -0.061128 -0.241412 0.047240 0.948792 0.198200
1732439011.541462421 3.867213 1.760235 -0.060611 -0.240362 0.044557 0.951043 0.189101
1732439011.641411781 3.828458 1.771650 -0.060225 -0.240273 0.044425 0.952163 0.183525
1732439011.741155386 3.790815 1.782633 -0.059838 -0.240167 0.043734 0.952649 0.181292
1732439011.841199160 3.751763 1.791743 -0.060799 -0.241393 0.041783 0.952671 0.180004
1732439011.941429615 3.716614 1.804747 -0.060492 -0.241372 0.042350 0.952788 0.179278
1732439012.041436195 3.681189 1.815689 -0.060601 -0.240956 0.041961 0.952860 0.179549
1732439012.141577244 3.646188 1.827519 -0.060314 -0.241084 0.042194 0.952877 0.179231
1732439012.241457462 3.610284 1.837884 -0.060708 -0.240948 0.041561 0.952867 0.179612
1732439012.341465473 3.575118 1.849715 -0.060314 -0.240039 0.041596 0.953131 0.179420
1732439012.441452503 3.537417 1.861311 -0.060438 -0.239479 0.040750 0.953337 0.179270
1732439012.541526079 3.498700 1.875033 -0.060178 -0.239161 0.041487 0.953363 0.179389
1732439012.641448975 3.456561 1.890247 -0.060166 -0.239268 0.042099 0.953434 0.178725
1732439012.741516113 3.411238 1.904382 -0.059992 -0.239327 0.041779 0.953448 0.178643
1732439012.841486931 3.362816 1.919171 -0.060517 -0.239266 0.041230 0.953563 0.178238
1732439012.941572428 3.312201 1.937184 -0.059998 -0.240895 0.042385 0.953504 0.176079
1732439013.041450739 3.260490 1.949076 -0.061075 -0.239629 0.040420 0.954226 0.174345
1732439013.141367435 3.204021 1.962839 -0.061475 -0.241165 0.039376 0.955006 0.168084
1732439013.241587877 3.146544 1.973115 -0.061754 -0.242160 0.037399 0.956074 0.160879
1732439013.341536045 3.088850 1.983074 -0.061745 -0.241687 0.035363 0.957833 0.151302
1732439013.441533327 3.026885 1.990304 -0.061691 -0.243085 0.032302 0.959017 0.141959
1732439013.541529417 2.964798 1.998594 -0.061970 -0.243262 0.030141 0.960154 0.134234
1732439013.641380310 2.900831 2.008062 -0.062166 -0.244932 0.028208 0.960479 0.129198
1732439013.741551161 2.839684 2.017616 -0.062178 -0.244177 0.027111 0.961256 0.125021
1732439013.841483355 2.778857 2.027875 -0.062511 -0.244330 0.026366 0.961751 0.121005
1732439013.941474676 2.720634 2.036786 -0.063067 -0.243181 0.025992 0.962736 0.115443
1732439014.041377306 2.660424 2.042666 -0.062599 -0.243771 0.024097 0.963400 0.108882
1732439014.141526937 2.600550 2.049294 -0.062410 -0.244218 0.023561 0.964136 0.101213
1732439014.241428614 2.541438 2.050814 -0.062939 -0.244000 0.020995 0.964952 0.094287
1732439014.341514587 2.484224 2.053387 -0.062387 -0.244193 0.019155 0.965821 0.084805
1732439014.441488981 2.429866 2.051549 -0.062367 -0.244910 0.016278 0.966406 0.076250
1732439014.541670322 2.379582 2.051072 -0.062439 -0.243494 0.014468 0.967544 0.066026
1732439014.641616344 2.330583 2.045244 -0.062626 -0.243567 0.010832 0.968170 0.056610
1732439014.741462469 2.283587 2.041617 -0.062109 -0.242902 0.008661 0.968865 0.047167
1732439014.841488600 2.236721 2.035726 -0.062365 -0.242840 0.005984 0.969301 0.038053
1732439014.941393137 2.189165 2.029497 -0.062506 -0.243700 0.003512 0.969417 0.028782
1732439015.041568518 2.144146 2.022993 -0.062440 -0.243414 0.001340 0.969720 0.019790
1732439015.141476870 2.100326 2.014724 -0.062528 -0.243103 -0.001531 0.969933 0.011367
1732439015.241494179 2.055896 2.007933 -0.062770 -0.243070 -0.003149 0.969998 0.003352
1732439015.341395378 2.010013 2.001498 -0.062956 -0.243634 -0.004597 0.969853 -0.002471
1732439015.441612959 1.965103 1.994760 -0.062706 -0.243179 -0.006082 0.969941 -0.006444
1732439015.541496277 1.920028 1.991069 -0.062584 -0.243216 -0.006111 0.969908 -0.009334
1732439015.641421795 1.873869 1.986865 -0.062254 -0.243056 -0.006596 0.969937 -0.010072
1732439015.741354227 1.825477 1.983235 -0.062080 -0.243024 -0.006411 0.969949 -0.009898
1732439015.841521978 1.776134 1.979916 -0.061549 -0.243070 -0.006027 0.969938 -0.010050
1732439015.941284418 1.724965 1.975871 -0.061657 -0.243693 -0.006103 0.969789 -0.009265
1732439016.041390419 1.673349 1.972641 -0.061622 -0.242484 -0.005694 0.970095 -0.009215
1732439016.140980244 1.619544 1.967399 -0.061716 -0.242401 -0.006573 0.970111 -0.009102
1732439016.241324425 1.564913 1.962481 -0.061132 -0.242432 -0.007079 0.970090 -0.010112
1732439016.341464281 1.510296 1.954382 -0.061604 -0.241292 -0.008611 0.970337 -0.012226
1732439016.441427708 1.455416 1.945925 -0.061053 -0.241291 -0.009931 0.970262 -0.016462
1732439016.541442871 1.400220 1.936346 -0.060888 -0.241046 -0.011608 0.970193 -0.022083
1732439016.641460180 1.344415 1.926813 -0.060806 -0.241052 -0.012565 0.970007 -0.028686
1732439016.741586924 1.288450 1.915735 -0.061251 -0.240784 -0.013778 0.969824 -0.035698
1732439016.841567039 1.230957 1.902640 -0.061211 -0.241974 -0.015933 0.969221 -0.042486
1732439016.941731930 1.175086 1.889651 -0.060922 -0.241066 -0.017424 0.969088 -0.049522
1732439017.041609764 1.118445 1.875390 -0.060573 -0.241295 -0.019059 0.968607 -0.056691
1732439017.141518831 1.063809 1.860155 -0.060300 -0.241169 -0.020860 0.968216 -0.062923
1732439017.241469145 1.008817 1.844179 -0.059813 -0.241398 -0.022673 0.967694 -0.069147
1732439017.341557026 0.955339 1.827731 -0.059158 -0.240878 -0.024033 0.967145 -0.077662
1732439017.441503286 0.900729 1.809658 -0.058989 -0.241541 -0.025801 0.966218 -0.086111
1732439017.541595697 0.849148 1.789106 -0.058755 -0.240397 -0.028356 0.965566 -0.095334
1732439017.641627073 0.797667 1.767773 -0.058475 -0.239719 -0.031302 0.964633 -0.105062
1732439017.741445780 0.747441 1.745650 -0.057774 -0.240042 -0.034046 0.963382 -0.114521
1732439017.841655254 0.702292 1.727192 -0.056355 -0.237731 -0.034301 0.962758 -0.124112
1732439017.941518068 0.657799 1.700627 -0.057705 -0.238125 -0.039526 0.961152 -0.133867
1732439018.041488647 0.614135 1.679363 -0.057248 -0.237015 -0.040799 0.959961 -0.143646
1732439018.141734362 0.569720 1.654529 -0.057353 -0.237269 -0.043428 0.958314 -0.153138
1732439018.241606474 0.526814 1.631495 -0.056828 -0.237076 -0.044926 0.956637 -0.163166
1732439018.341670990 0.484361 1.604894 -0.057035 -0.236908 -0.047625 0.954853 -0.172806
1732439018.441569090 0.442445 1.576370 -0.056806 -0.236983 -0.050740 0.952617 -0.183807
1732439018.541494370 0.402295 1.547261 -0.056753 -0.236879 -0.053887 0.950223 -0.195092
1732439018.641614914 0.364033 1.517114 -0.057089 -0.236218 -0.056725 0.947729 -0.206866
1732439018.741495609 0.324754 1.486267 -0.056633 -0.236281 -0.059613 0.944630 -0.219755
1732439018.841676474 0.288430 1.453115 -0.056441 -0.234906 -0.063252 0.941699 -0.232426
1732439018.941591978 0.251023 1.419673 -0.055920 -0.235073 -0.065985 0.938062 -0.245818
1732439019.041556120 0.215371 1.385182 -0.055591 -0.233777 -0.069007 0.934811 -0.258294
1732439019.141602278 0.181557 1.347712 -0.055551 -0.232466 -0.072438 0.931292 -0.270936
1732439019.241547823 0.146887 1.312040 -0.055302 -0.231487 -0.075068 0.927432 -0.283985
1732439019.341635942 0.114658 1.274259 -0.055196 -0.229644 -0.078183 0.923619 -0.296782
1732439019.441636086 0.082616 1.236491 -0.054879 -0.228888 -0.081187 0.919387 -0.309430
1732439019.541568518 0.053362 1.197367 -0.054932 -0.227481 -0.084428 0.915113 -0.322012
1732439019.641664028 0.023802 1.158557 -0.054612 -0.226086 -0.087063 0.910688 -0.334594
1732439019.741539955 -0.003555 1.117993 -0.054307 -0.224357 -0.090275 0.906279 -0.346659
1732439019.841447592 -0.030708 1.077578 -0.053929 -0.222917 -0.093173 0.901545 -0.358947
1732439019.941525459 -0.055676 1.034821 -0.053977 -0.221519 -0.096751 0.896607 -0.371033
1732439020.041648626 -0.082075 0.991821 -0.053698 -0.221001 -0.099093 0.891145 -0.383667
1732439020.141513109 -0.105439 0.946144 -0.053842 -0.219488 -0.102621 0.885733 -0.395942
1732439020.241657495 -0.127637 0.900060 -0.053559 -0.217473 -0.105841 0.880071 -0.408630
1732439020.341545582 -0.148854 0.853954 -0.052848 -0.215981 -0.108691 0.874040 -0.421418
1732439020.441378832 -0.167469 0.807211 -0.052768 -0.213957 -0.111704 0.867983 -0.433993
1732439020.541392088 -0.185901 0.761546 -0.051887 -0.212139 -0.114207 0.861769 -0.446439
1732439020.641263247 -0.201799 0.716806 -0.051186 -0.209077 -0.116084 0.855522 -0.459232
1732439020.741611481 -0.217672 0.669323 -0.051116 -0.207604 -0.118874 0.849138 -0.470886
1732439020.841533184 -0.231246 0.622568 -0.050274 -0.205080 -0.121397 0.842508 -0.483100
1732439020.941545248 -0.245776 0.574596 -0.049959 -0.203788 -0.123767 0.835266 -0.495462
1732439021.041538477 -0.258161 0.527650 -0.049084 0.201686 0.125546 -0.828638 0.506873
1732439021.141720057 -0.266539 0.478142 -0.048424 0.198832 0.128876 -0.821687 0.518350
1732439021.241607904 -0.275126 0.429449 -0.047662 0.197518 0.131909 -0.814422 0.529436
1732439021.341488600 -0.282593 0.382326 -0.046961 0.195298 0.134481 -0.807576 0.539995
1732439021.441688061 -0.289544 0.336914 -0.046144 0.193497 0.136855 -0.801298 0.549319
1732439021.541354179 -0.295999 0.296135 -0.045565 0.191929 0.138576 -0.796909 0.555784
1732439021.641536951 -0.303287 0.259702 -0.044758 0.190960 0.139663 -0.794150 0.559780
1732439021.741561413 -0.310151 0.228460 -0.044718 0.190527 0.141002 -0.792773 0.561541
1732439021.841547012 -0.316175 0.205521 -0.044345 0.190810 0.141531 -0.792432 0.561793
1732439021.941501379 -0.319401 0.191831 -0.044156 0.190791 0.141614 -0.792240 0.562049
1732439022.041589022 -0.320865 0.187572 -0.044257 0.191006 0.141635 -0.792093 0.562179
1732439022.141563177 -0.319869 0.191095 -0.044564 0.190248 0.141263 -0.792344 0.562175
1732439022.241567850 -0.318032 0.197046 -0.044429 0.190345 0.141421 -0.792170 0.562349
1732439022.341696978 -0.315417 0.205651 -0.044763 0.190533 0.141389 -0.792242 0.562192
1732439022.441739321 -0.311659 0.218584 -0.044803 0.190067 0.140874 -0.792037 0.562767
1732439022.541571140 -0.306783 0.235522 -0.045148 0.190194 0.140988 -0.791546 0.563386
1732439022.641720295 -0.299737 0.258198 -0.045600 0.190215 0.141415 -0.790970 0.564080
1732439022.741729021 -0.290342 0.286389 -0.045892 0.190139 0.141910 -0.789639 0.565844
1732439022.841783285 -0.278644 0.321355 -0.046375 0.189634 0.142550 -0.787669 0.568591
1732439022.941670418 -0.263447 0.362841 -0.047276 0.188707 0.143607 -0.784542 0.572940
1732439023.041711807 -0.246934 0.410867 -0.047811 0.188624 0.145534 -0.780608 0.577834
1732439023.141717672 -0.229490 0.465609 -0.048193 0.187482 0.146626 -0.776025 0.584069
1732439023.241568089 -0.208602 0.524703 -0.048687 0.186363 0.149350 -0.770895 0.590495
1732439023.341703653 -0.189226 0.591103 -0.049313 0.184896 0.150380 -0.764406 0.599068
1732439023.441592693 -0.165115 0.659678 -0.050487 0.183126 0.155215 -0.756474 0.608375
1732439023.541385174 -0.144364 0.734515 -0.050994 0.181300 0.157797 -0.748155 0.618462
1732439023.641718626 -0.122222 0.812828 -0.052382 0.178768 0.161760 -0.739041 0.629043
1732439023.741621494 -0.104350 0.894344 -0.053529 0.176345 0.164559 -0.730076 0.639384
1732439023.841781616 -0.090873 0.975726 -0.053684 0.174327 0.166581 -0.723247 0.647128
1732439023.941726446 -0.083570 1.051777 -0.053610 0.173813 0.167698 -0.718564 0.652175
1732439024.041594982 -0.078139 1.120601 -0.053739 0.173135 0.168487 -0.715734 0.655257
1732439024.141545057 -0.077710 1.181564 -0.053742 0.174168 0.168225 -0.714135 0.656793
1732439024.241703510 -0.076201 1.233042 -0.053797 0.174271 0.168815 -0.713179 0.657652
1732439024.341628551 -0.075197 1.277228 -0.054163 0.173211 0.168229 -0.712916 0.658367
1732439024.441710234 -0.074497 1.310001 -0.053993 0.173395 0.168552 -0.712507 0.658679
1732439024.541625023 -0.074120 1.331287 -0.053834 0.172876 0.168190 -0.712173 0.659269
1732439024.641500473 -0.073890 1.340674 -0.053945 0.172949 0.168363 -0.712037 0.659353
1732439024.741085529 -0.073744 1.337963 -0.054188 0.173188 0.168661 -0.711911 0.659350
1732439024.841084003 -0.073597 1.329961 -0.054216 0.173504 0.169283 -0.711838 0.659186
1732439024.941147804 -0.073628 1.319036 -0.054175 0.173675 0.169340 -0.711876 0.659086
1732439025.041600943 -0.073550 1.303966 -0.053940 0.173593 0.169357 -0.711657 0.659339
1732439025.141699076 -0.073763 1.284758 -0.053794 0.173515 0.169277 -0.711262 0.659806
1732439025.241688728 -0.073554 1.261225 -0.053735 0.173244 0.169470 -0.710388 0.660769
1732439025.341387033 -0.072717 1.232769 -0.053607 0.173240 0.169851 -0.708561 0.662631
1732439025.441700459 -0.070317 1.200087 -0.053596 0.172628 0.170383 -0.706461 0.664892
1732439025.541683435 -0.066960 1.163096 -0.053313 0.171444 0.170879 -0.703699 0.667993
1732439025.641535521 -0.061177 1.120780 -0.053603 0.170047 0.172191 -0.700608 0.671254
1732439025.741574764 -0.056591 1.075020 -0.053246 0.168911 0.173108 -0.697133 0.674914
1732439025.841787338 -0.051473 1.025055 -0.053085 0.168016 0.173612 -0.693021 0.679228
1732439025.941737413 -0.043604 0.972930 -0.052504 0.165764 0.174007 -0.688688 0.684070
1732439026.041666031 -0.036302 0.915234 -0.052319 0.164949 0.174903 -0.684130 0.688598
1732439026.141783237 -0.025382 0.855216 -0.051798 0.162644 0.176375 -0.678944 0.693883
1732439026.241724730 -0.015964 0.792452 -0.051281 0.161750 0.176797 -0.672555 0.700178
1732439026.341559172 -0.001635 0.728694 -0.050357 0.158606 0.177655 -0.665818 0.707085
1732439026.441715240 0.014998 0.661205 -0.049280 0.157545 0.180388 -0.657162 0.714687
1732439026.541630507 0.035582 0.596979 -0.048229 0.154269 0.181763 -0.647451 0.723858
1732439026.641521454 0.058203 0.534253 -0.046511 0.150390 0.182459 -0.636471 0.734164
1732439026.741381645 0.083718 0.472750 -0.045303 0.146632 0.183956 -0.623608 0.745502
1732439026.841583252 0.115956 0.410985 -0.044133 0.142896 0.188457 -0.610378 0.755978
1732439026.941537619 0.145881 0.351801 -0.043616 0.138892 0.189234 -0.594795 0.768842
1732439027.041709423 0.181245 0.294328 -0.043558 0.135053 0.192325 -0.580293 0.779764
1732439027.141598463 0.218093 0.237401 -0.043233 0.131799 0.196695 -0.565220 0.790232
1732439027.241470814 0.257728 0.185260 -0.043401 0.127495 0.200611 -0.550522 0.800266
1732439027.341582775 0.297724 0.135829 -0.043136 0.122894 0.203777 -0.536021 0.809971
1732439027.441782236 0.336711 0.086249 -0.041969 0.120221 0.207277 -0.521060 0.819194
1732439027.541822195 0.376847 0.043558 -0.041694 0.114746 0.207812 -0.507411 0.828361
1732439027.641851902 0.416168 -0.002130 -0.040171 0.113892 0.211781 -0.493135 0.836059
1732439027.741664171 0.457118 -0.038395 -0.039409 0.108201 0.212288 -0.479872 0.844363
1732439027.841854811 0.497008 -0.075059 -0.038940 0.104652 0.213986 -0.466394 0.851901
1732439027.941862345 0.539029 -0.105237 -0.038783 0.098773 0.214980 -0.453594 0.859232
1732439028.041765451 0.578731 -0.135401 -0.037903 0.094494 0.215903 -0.440054 0.866493
1732439028.141762972 0.617778 -0.165404 -0.037958 0.091388 0.216578 -0.427152 0.873089
1732439028.241662502 0.659144 -0.196870 -0.038249 0.089629 0.220092 -0.414320 0.878559
1732439028.341631889 0.700207 -0.225245 -0.038771 0.087035 0.222858 -0.400958 0.884303
1732439028.441799641 0.737781 -0.249224 -0.038529 0.084230 0.223987 -0.389254 0.889504
1732439028.541674852 0.772196 -0.270822 -0.038362 0.082249 0.225949 -0.380423 0.893007
1732439028.641844988 0.801343 -0.289708 -0.038071 0.080277 0.227352 -0.373769 0.895636
1732439028.741769552 0.822699 -0.303872 -0.037865 0.079158 0.228822 -0.371142 0.896453
1732439028.841854095 0.833164 -0.313160 -0.037502 0.079093 0.229650 -0.369437 0.896951
1732439028.941533566 0.834271 -0.313373 -0.037303 0.078822 0.229406 -0.369091 0.897180
1732439029.041751146 0.827867 -0.307836 -0.037901 0.078724 0.228667 -0.369250 0.897312
1732439029.141906738 0.817872 -0.296940 -0.037850 0.078365 0.228626 -0.368004 0.897865
1732439029.241707563 0.803411 -0.282786 -0.038287 0.077864 0.228520 -0.365375 0.899009
1732439029.341666698 0.785844 -0.263391 -0.038047 0.076897 0.228687 -0.361147 0.900756
1732439029.441864491 0.763356 -0.239222 -0.039231 0.075208 0.228831 -0.355522 0.903097
1732439029.541630507 0.736307 -0.210010 -0.039187 0.073554 0.229746 -0.348706 0.905655
1732439029.641583443 0.703633 -0.176636 -0.040335 0.071627 0.230335 -0.340867 0.908639
1732439029.741731882 0.666301 -0.139669 -0.039831 0.069382 0.230315 -0.331674 0.912214
1732439029.841658115 0.626782 -0.098224 -0.038551 0.063164 0.228679 -0.322741 0.916272
1732439029.941647053 0.589247 -0.064442 -0.039096 0.061925 0.231944 -0.316780 0.917615
1732439030.041792631 0.540697 -0.034182 -0.040063 0.064080 0.230915 -0.312363 0.919240
1732439030.141632318 0.496461 0.001514 -0.041237 0.061827 0.232859 -0.309328 0.919929
1732439030.241642475 0.446904 0.033379 -0.041823 0.062196 0.231616 -0.307360 0.920878
1732439030.341739178 0.403229 0.061175 -0.042375 0.062716 0.231693 -0.305997 0.921277
1732439030.440938711 0.365892 0.085069 -0.042343 0.062852 0.231103 -0.305528 0.921571
1732439030.541414499 0.334742 0.103184 -0.043066 0.062909 0.229481 -0.307216 0.921411
1732439030.641632080 0.315877 0.113814 -0.042785 0.063430 0.229355 -0.308736 0.920899
1732439030.741619110 0.306829 0.117722 -0.042814 0.063735 0.228991 -0.309610 0.920675
1732439030.841453552 0.310873 0.115950 -0.043288 0.063952 0.230454 -0.309043 0.920486
1732439030.941834927 0.316885 0.112840 -0.043295 0.063520 0.230395 -0.307729 0.920970
1732439031.041653156 0.325804 0.109265 -0.043444 0.062860 0.230811 -0.305793 0.921556
1732439031.141539812 0.336287 0.104659 -0.043117 0.062243 0.231065 -0.303175 0.922399
1732439031.241562605 0.349703 0.099114 -0.043163 0.061201 0.231419 -0.299687 0.923519
1732439031.341687441 0.365970 0.092626 -0.042917 0.060341 0.231977 -0.295635 0.924741
1732439031.441661835 0.385376 0.084936 -0.042758 0.059098 0.232686 -0.291304 0.926017
1732439031.541763067 0.408378 0.076576 -0.042692 0.057673 0.233393 -0.285756 0.927656
1732439031.641854048 0.434430 0.067641 -0.042626 0.055713 0.233794 -0.279318 0.929633
1732439031.741486311 0.463805 0.058277 -0.042064 0.053295 0.233928 -0.272018 0.931903
1732439031.841649294 0.496515 0.048234 -0.042203 0.051044 0.234021 -0.263932 0.934328
1732439031.941779137 0.531267 0.037168 -0.042259 0.049406 0.234388 -0.255259 0.936731
1732439032.041764259 0.568900 0.023969 -0.043109 0.048877 0.236708 -0.246291 0.938574
1732439032.141801357 0.608357 0.009765 -0.043414 0.048755 0.239555 -0.237177 0.940204
1732439032.241871119 0.646437 0.001125 -0.043350 0.045611 0.239124 -0.228256 0.942676
1732439032.340974092 0.684100 -0.009083 -0.043303 0.044286 0.240336 -0.219886 0.944419
1732439032.441555738 0.721623 -0.015181 -0.043727 0.040575 0.239727 -0.212858 0.946349
1732439032.541783571 0.758119 -0.024004 -0.043951 0.038777 0.240424 -0.205021 0.947976
1732439032.641749382 0.791905 -0.030131 -0.043741 0.036805 0.241698 -0.198164 0.949188
1732439032.741096497 0.822047 -0.035368 -0.044061 0.034656 0.241573 -0.191609 0.950646
1732439032.841065168 0.851199 -0.040729 -0.043939 0.033470 0.241746 -0.185407 0.951873
1732439032.941692352 0.879711 -0.044844 -0.044230 0.031301 0.242075 -0.179679 0.952961
1732439033.041790724 0.907340 -0.048098 -0.044097 0.029320 0.242714 -0.174130 0.953892
1732439033.140984774 0.935997 -0.051011 -0.044606 0.027245 0.243693 -0.168591 0.954698
1732439033.241103172 0.964165 -0.053527 -0.044315 0.025338 0.244945 -0.162978 0.955404
1732439033.341588259 0.990448 -0.056682 -0.044134 0.024288 0.243668 -0.155961 0.956928
1732439033.441752434 1.019590 -0.061848 -0.044617 0.024490 0.241642 -0.148039 0.958694
1732439033.541084290 1.053791 -0.061464 -0.045178 0.020749 0.243267 -0.140696 0.959477
1732439033.641792059 1.088545 -0.063929 -0.045306 0.018919 0.243143 -0.131878 0.960797
1732439033.741658688 1.124143 -0.064818 -0.045362 0.016646 0.243358 -0.124134 0.961816
1732439033.841729164 1.161603 -0.065379 -0.045219 0.014521 0.242583 -0.115508 0.963120
1732439033.941857100 1.200455 -0.065528 -0.045027 0.012316 0.243156 -0.105983 0.964101
1732439034.041746855 1.243137 -0.064710 -0.046008 0.009791 0.244125 -0.096685 0.964862
1732439034.141034603 1.287993 -0.062263 -0.045813 0.007102 0.244215 -0.086643 0.965816
1732439034.241817951 1.335341 -0.059068 -0.046730 0.004329 0.243717 -0.075777 0.966872
1732439034.341911077 1.384115 -0.055402 -0.046269 0.001691 0.244608 -0.065574 0.967401
1732439034.441711187 1.435223 -0.051986 -0.047401 -0.000592 0.245294 -0.056547 0.967798
1732439034.541657209 1.488892 -0.049345 -0.047386 -0.002219 0.245948 -0.050384 0.967970
1732439034.641612530 1.541595 -0.049097 -0.048167 -0.003101 0.244881 -0.046926 0.968412
1732439034.741702795 1.595498 -0.051104 -0.047654 -0.003092 0.245234 -0.047420 0.968298
1732439034.841770649 1.647020 -0.054897 -0.047788 -0.002685 0.244896 -0.050655 0.968221
1732439034.941652775 1.696938 -0.061343 -0.047304 -0.001335 0.243774 -0.054808 0.968281
1732439035.041039467 1.745986 -0.066457 -0.047361 -0.001046 0.243444 -0.059619 0.968080
1732439035.140980005 1.794303 -0.073678 -0.046999 0.000259 0.243660 -0.064851 0.967690
1732439035.241703510 1.842502 -0.081701 -0.046728 0.001760 0.244312 -0.069569 0.967196
1732439035.341701746 1.888420 -0.089886 -0.046233 0.003217 0.243464 -0.074708 0.967023
1732439035.441735744 1.932582 -0.097605 -0.045541 0.004148 0.242246 -0.079699 0.966927
1732439035.541651487 1.977243 -0.105497 -0.045530 0.004979 0.241734 -0.083403 0.966739
1732439035.641792536 2.022970 -0.113001 -0.045566 0.005679 0.242123 -0.086457 0.966369
1732439035.741864204 2.067381 -0.120545 -0.045223 0.006395 0.240593 -0.089007 0.966515
1732439035.841947556 2.113275 -0.128026 -0.044734 0.006822 0.240992 -0.090663 0.966259
1732439035.941147327 2.160996 -0.133641 -0.045260 0.006495 0.241001 -0.091843 0.966148
1732439036.041193008 2.209972 -0.141060 -0.044890 0.007035 0.241351 -0.091769 0.966064
1732439036.140995026 2.261319 -0.147055 -0.044803 0.006927 0.242411 -0.091472 0.965827
1732439036.241688251 2.313969 -0.152549 -0.044807 0.006407 0.242388 -0.091210 0.965861
1732439036.341943741 2.367257 -0.161131 -0.044284 0.007506 0.242527 -0.090029 0.965929
1732439036.440968037 2.421112 -0.166629 -0.044126 0.007110 0.242383 -0.089772 0.965992
1732439036.541732073 2.475658 -0.173852 -0.043724 0.007259 0.243096 -0.089047 0.965879
1732439036.641660929 2.530141 -0.178935 -0.044013 0.006418 0.243191 -0.088547 0.965907
1732439036.740942955 2.584183 -0.184356 -0.043616 0.006215 0.244489 -0.087940 0.965636
1732439036.841562033 2.636036 -0.190873 -0.043493 0.006460 0.244545 -0.087000 0.965705
1732439036.940945387 2.686630 -0.196140 -0.043291 0.006031 0.244370 -0.086733 0.965777
1732439037.041740179 2.736027 -0.201757 -0.043195 0.006116 0.243020 -0.086155 0.966168
1732439037.141545773 2.785684 -0.206584 -0.043214 0.005676 0.242793 -0.086091 0.966234
1732439037.241587639 2.836027 -0.212129 -0.043383 0.005532 0.243476 -0.085741 0.966094
1732439037.341582298 2.885145 -0.217871 -0.042925 0.005574 0.242439 -0.085117 0.966410
1732439037.440960884 2.932897 -0.223429 -0.041756 0.005517 0.240910 -0.084835 0.966817
1732439037.540951490 2.983110 -0.228740 -0.041463 0.005462 0.241322 -0.083918 0.966795
1732439037.640891552 3.035726 -0.236271 -0.041985 0.006317 0.241843 -0.082359 0.966793
1732439037.740961790 3.088959 -0.241557 -0.042012 0.006390 0.242207 -0.083134 0.966635
1732439037.841791153 3.141567 -0.246540 -0.041177 0.005924 0.241551 -0.082346 0.966870
1732439037.941647053 3.194109 -0.253494 -0.040536 0.006441 0.241562 -0.082198 0.966876
1732439038.041613340 3.247085 -0.257786 -0.040025 0.005665 0.241026 -0.081694 0.967058
1732439038.140971422 3.300113 -0.263345 -0.040111 0.005505 0.240663 -0.081206 0.967190
1732439038.241622210 3.355789 -0.267015 -0.040289 0.004601 0.241155 -0.081412 0.967055
1732439038.341033459 3.410186 -0.272465 -0.040265 0.004443 0.241726 -0.081203 0.966931
1732439038.441782475 3.467869 -0.280400 -0.040008 0.005582 0.243993 -0.080740 0.966394
1732439038.541112900 3.521359 -0.284356 -0.040473 0.004913 0.242468 -0.080810 0.966775
1732439038.641041756 3.575645 -0.292427 -0.040239 0.006196 0.242206 -0.080157 0.966888
1732439038.741006613 3.631536 -0.294280 -0.040786 0.004755 0.241856 -0.080746 0.966935
1732439038.841645241 3.689359 -0.301685 -0.041179 0.005021 0.243342 -0.079509 0.966663
1732439038.941669226 3.744505 -0.305723 -0.041245 0.004324 0.243977 -0.080325 0.966439
1732439039.040992260 3.798888 -0.310977 -0.040893 0.004242 0.244117 -0.080263 0.966409
1732439039.141700268 3.850573 -0.314905 -0.040556 0.003763 0.244241 -0.080169 0.966388
1732439039.241686106 3.900740 -0.321522 -0.040957 0.004373 0.243626 -0.079746 0.966575
1732439039.341620207 3.950609 -0.327779 -0.041137 0.005353 0.245164 -0.079961 0.966164
1732439039.441687346 4.001122 -0.331191 -0.041899 0.004086 0.245417 -0.079548 0.966140
1732439039.541783810 4.049923 -0.336984 -0.041378 0.004698 0.245320 -0.078984 0.966208
1732439039.641625404 4.098127 -0.340497 -0.041741 0.004151 0.245359 -0.078880 0.966209
1732439039.741016388 4.145570 -0.344802 -0.042002 0.003817 0.245447 -0.078902 0.966186
1732439039.840959072 4.192468 -0.347512 -0.042097 0.002752 0.245766 -0.078439 0.966146
1732439039.941709757 4.235687 -0.353093 -0.042134 0.003372 0.245492 -0.078146 0.966238
1732439040.041010141 4.277494 -0.356780 -0.042027 0.003167 0.245877 -0.078131 0.966142
1732439040.141743660 4.319175 -0.361323 -0.041951 0.003342 0.245560 -0.077991 0.966233
1732439040.241028309 4.359931 -0.364030 -0.041789 0.002592 0.245245 -0.078351 0.966286
1732439040.340954304 4.401063 -0.367678 -0.041745 0.002399 0.244729 -0.077911 0.966453
1732439040.441772938 4.442243 -0.374354 -0.041526 0.003830 0.243916 -0.077193 0.966712
1732439040.541059971 4.485423 -0.377054 -0.042264 0.002868 0.242364 -0.077392 0.967089
1732439040.640982389 4.532241 -0.381285 -0.042443 0.002796 0.242722 -0.076896 0.967039
1732439040.741785526 4.581899 -0.384801 -0.042721 0.002468 0.242721 -0.074924 0.967195
1732439040.841676474 4.632378 -0.387067 -0.042274 0.001948 0.242806 -0.071396 0.967442
1732439040.941023827 4.682553 -0.387678 -0.042277 0.001026 0.243669 -0.065077 0.967672
1732439041.041675329 4.733564 -0.385265 -0.042041 -0.000849 0.243241 -0.057037 0.968287
1732439041.141629219 4.785934 -0.381267 -0.042047 -0.002949 0.243684 -0.047535 0.968685
1732439041.241792202 4.836421 -0.374782 -0.042050 -0.005738 0.243356 -0.037073 0.969211
1732439041.341271639 4.886763 -0.366589 -0.041976 -0.008575 0.244524 -0.026663 0.969239
1732439041.441907167 4.935830 -0.356023 -0.042628 -0.012502 0.244184 -0.015526 0.969524
1732439041.541811943 4.985542 -0.347205 -0.042862 -0.014377 0.244615 -0.004328 0.969504
1732439041.641002893 5.033643 -0.336324 -0.043111 -0.016841 0.243914 0.007092 0.969625
1732439041.741809607 5.083924 -0.324463 -0.042822 -0.019001 0.244625 0.018868 0.969248
1732439041.841656208 5.133825 -0.309714 -0.043511 -0.022096 0.244711 0.030255 0.968872
1732439041.940912247 5.183534 -0.295474 -0.044155 -0.024299 0.244545 0.041829 0.968430
1732439042.041759968 5.234239 -0.275631 -0.044645 -0.028218 0.244530 0.053906 0.967731
1732439042.141219378 5.284498 -0.258109 -0.044636 -0.030702 0.244970 0.066318 0.966772
1732439042.241747618 5.334409 -0.236350 -0.045806 -0.034399 0.244581 0.079228 0.965774
1732439042.341058254 5.383270 -0.215017 -0.045857 -0.037201 0.244521 0.092509 0.964504
1732439042.441029549 5.432701 -0.191291 -0.046255 -0.040422 0.243627 0.105903 0.963222
1732439042.541852951 5.481846 -0.165234 -0.046365 -0.044120 0.242708 0.120159 0.961617
1732439042.641812801 5.530697 -0.136958 -0.046716 -0.047902 0.242928 0.133868 0.959568
1732439042.741109848 5.576203 -0.107881 -0.047106 -0.051557 0.241581 0.147830 0.957667
1732439042.841064215 5.623543 -0.079004 -0.046951 -0.054342 0.242032 0.162145 0.955079
1732439042.940959692 5.668055 -0.048485 -0.047112 -0.057162 0.240624 0.176298 0.952760
1732439043.041704416 5.713939 -0.015338 -0.047167 -0.060873 0.240783 0.189970 0.949858
1732439043.141006947 5.757350 0.016930 -0.047813 -0.063776 0.239589 0.203854 0.947087
1732439043.241736650 5.799600 0.053428 -0.048390 -0.067860 0.238519 0.217246 0.944091
1732439043.341121197 5.842586 0.089170 -0.049170 -0.071078 0.239007 0.230445 0.940595
1732439043.441024542 5.884194 0.127721 -0.049757 -0.075285 0.239755 0.243344 0.936821
1732439043.541735411 5.923784 0.164906 -0.050652 -0.077431 0.238362 0.256783 0.933408
1732439043.641060114 5.961222 0.204357 -0.051451 -0.080725 0.237488 0.269443 0.929776
1732439043.741024971 5.997560 0.243781 -0.052588 -0.083948 0.236432 0.282069 0.926007
1732439043.841726542 6.032231 0.283058 -0.053282 -0.087301 0.236236 0.293285 0.922256
1732439043.941887617 6.062296 0.320274 -0.054033 -0.090528 0.234716 0.303097 0.919154
1732439044.041847706 6.092162 0.351077 -0.054434 -0.091701 0.234223 0.309371 0.917072
1732439044.140975237 6.116507 0.376401 -0.054865 -0.092650 0.232970 0.312174 0.916345
1732439044.241238117 6.140215 0.393851 -0.055126 -0.091899 0.233725 0.312453 0.916133
1732439044.341042280 6.155902 0.405813 -0.055195 -0.091408 0.233656 0.311439 0.916545
1732439044.441745043 6.163718 0.410948 -0.055092 -0.091143 0.233783 0.310654 0.916806
1732439044.541077852 6.162978 0.410802 -0.055103 -0.091131 0.233373 0.310797 0.916863
1732439044.641027927 6.158078 0.407555 -0.055169 -0.091159 0.232592 0.311697 0.916753
1732439044.740969419 6.152496 0.403994 -0.055404 -0.091576 0.232392 0.312916 0.916347
1732439044.841079235 6.144835 0.399426 -0.055116 -0.092230 0.232128 0.314699 0.915737
1732439044.941848993 6.135015 0.393495 -0.055151 -0.092863 0.232010 0.317176 0.914848
1732439045.041188240 6.122931 0.386325 -0.055009 -0.094115 0.232054 0.319831 0.913784
1732439045.141031265 6.108934 0.377357 -0.055028 -0.094977 0.232039 0.323376 0.912450
1732439045.241153002 6.091935 0.365956 -0.054810 -0.096117 0.232228 0.327484 0.910816
1732439045.341060638 6.071088 0.352342 -0.054657 -0.097643 0.231976 0.332061 0.909059
1732439045.441827774 6.046741 0.335069 -0.054725 -0.099155 0.231497 0.337365 0.907062
1732439045.541121721 6.020906 0.314753 -0.054602 -0.100709 0.231642 0.343185 0.904667
1732439045.641022444 5.992142 0.292161 -0.054136 -0.102336 0.230897 0.349048 0.902430
1732439045.741819143 5.962161 0.266210 -0.053277 -0.103226 0.230623 0.355264 0.899969
1732439045.840998411 5.931019 0.239165 -0.052663 -0.104324 0.230531 0.361571 0.897350
1732439045.941097498 5.898644 0.211267 -0.052245 -0.105944 0.229991 0.368054 0.894660
1732439046.040988922 5.864492 0.181267 -0.052164 -0.107993 0.228909 0.374483 0.892021
1732439046.141098976 5.829082 0.149309 -0.051405 -0.109943 0.227667 0.381203 0.889249
1732439046.241961002 5.793036 0.115110 -0.050417 -0.111569 0.226352 0.388516 0.886212
1732439046.341054440 5.757885 0.079840 -0.049700 -0.113096 0.225126 0.395568 0.883207
1732439046.441125393 5.721976 0.044763 -0.048665 -0.115178 0.224119 0.403247 0.879714
1732439046.541067362 5.687199 0.009184 -0.047972 -0.116930 0.223034 0.411408 0.875972
1732439046.641891479 5.651778 -0.027280 -0.047017 -0.118967 0.221636 0.420518 0.871716
1732439046.741151333 5.619231 -0.061634 -0.046901 -0.121613 0.221187 0.428365 0.867635
1732439046.841105223 5.587704 -0.097655 -0.046390 -0.123014 0.219592 0.436418 0.863820
1732439046.941061735 5.556848 -0.132873 -0.045520 -0.124958 0.218190 0.443970 0.860040
1732439047.041237831 5.529395 -0.165550 -0.044965 -0.127001 0.217473 0.451380 0.856056
1732439047.141100407 5.504526 -0.195556 -0.044649 -0.128862 0.216651 0.457236 0.852873
1732439047.241875172 5.484704 -0.223954 -0.043978 -0.129205 0.215660 0.462122 0.850435
1732439047.341167927 5.469167 -0.247647 -0.043642 -0.129726 0.215148 0.464282 0.849308
1732439047.441072464 5.457222 -0.267479 -0.043023 -0.129523 0.214754 0.465905 0.848550
1732439047.541868687 5.449395 -0.281808 -0.042605 -0.129840 0.214833 0.466431 0.848192
1732439047.641186476 5.444709 -0.289155 -0.042249 -0.130244 0.214744 0.466619 0.848050
1732439047.741084099 5.444852 -0.289838 -0.042362 -0.130137 0.214723 0.466697 0.848028
1732439047.841813564 5.446940 -0.285559 -0.042183 -0.130549 0.215348 0.466658 0.847828
1732439047.941180229 5.448659 -0.282150 -0.042801 -0.130506 0.215271 0.467068 0.847629
1732439048.040995598 5.451081 -0.277034 -0.042383 -0.130122 0.214994 0.467529 0.847504
1732439048.141788721 5.454753 -0.269207 -0.042918 -0.130307 0.215022 0.468458 0.846955
1732439048.241117716 5.458980 -0.258189 -0.042795 -0.130650 0.214579 0.469929 0.846199
1732439048.341051102 5.464265 -0.243240 -0.043462 -0.131219 0.214293 0.472820 0.844572
1732439048.441188097 5.470190 -0.223404 -0.043724 -0.132367 0.213570 0.476608 0.842444
1732439048.541215658 5.477352 -0.199643 -0.044393 -0.133527 0.212984 0.481456 0.839648
1732439048.641805649 5.486925 -0.170894 -0.044964 -0.134723 0.212465 0.487332 0.836191
1732439048.741108894 5.496831 -0.137310 -0.045474 -0.136064 0.211518 0.494002 0.832292
1732439048.841855049 5.507628 -0.098778 -0.046125 -0.137861 0.210122 0.501391 0.827919
1732439048.941165686 5.517922 -0.057140 -0.046699 -0.139403 0.208553 0.509146 0.823312
1732439049.041108131 5.530667 -0.010783 -0.047567 -0.141633 0.208468 0.516753 0.818198
1732439049.141798735 5.541857 0.039052 -0.048510 -0.143544 0.207080 0.524953 0.812981
1732439049.241165400 5.555627 0.090233 -0.049039 -0.145102 0.207069 0.533161 0.807346
1732439049.341103315 5.565455 0.143864 -0.050003 -0.147310 0.205567 0.541684 0.801636
1732439049.441874743 5.576403 0.197819 -0.050793 -0.149181 0.204847 0.550217 0.795640
1732439049.541157007 5.583211 0.250531 -0.051457 -0.151559 0.202472 0.558184 0.790232
1732439049.641090631 5.589429 0.302367 -0.052059 -0.153916 0.201174 0.566137 0.784428
1732439049.741266489 5.595626 0.352612 -0.052677 -0.155199 0.199498 0.573837 0.778989
1732439049.841138601 5.601136 0.401363 -0.053348 -0.156042 0.197924 0.581595 0.773450
1732439049.941356182 5.604743 0.450345 -0.053732 -0.158025 0.196761 0.588714 0.767938
1732439050.041217566 5.609024 0.496907 -0.053574 -0.159092 0.195868 0.595654 0.762576
1732439050.141991377 5.610566 0.543022 -0.054168 -0.159912 0.193825 0.603103 0.757051
1732439050.241953850 5.609846 0.587608 -0.054401 -0.160951 0.191358 0.610856 0.751220
1732439050.341228485 5.609711 0.630015 -0.054274 -0.162141 0.189978 0.618983 0.744633
1732439050.441199541 5.605680 0.671675 -0.054537 -0.164179 0.187390 0.626669 0.738388
1732439050.541152954 5.600363 0.712936 -0.055300 -0.166446 0.184518 0.634244 0.732109
1732439050.641128302 5.597287 0.753098 -0.055278 -0.167735 0.183418 0.641328 0.725893
1732439050.741105556 5.591781 0.792015 -0.055387 -0.168553 0.180481 0.648602 0.719952
1732439050.841158390 5.587384 0.830768 -0.055286 -0.169660 0.179255 0.655644 0.713592
1732439050.941160679 5.580285 0.868689 -0.055198 -0.170904 0.176981 0.663291 0.706764
1732439051.041909456 5.572843 0.907322 -0.055403 -0.172966 0.175443 0.670514 0.699795
1732439051.141139269 5.563746 0.944763 -0.055669 -0.175350 0.173869 0.677786 0.692552
1732439051.241113901 5.554021 0.981059 -0.055970 -0.176770 0.171667 0.685786 0.684822
1732439051.341259241 5.543559 1.017262 -0.056040 -0.178476 0.169468 0.693918 0.676687
1732439051.441157818 5.533721 1.051782 -0.055416 -0.179533 0.167922 0.701611 0.668814
1732439051.541961432 5.522161 1.085505 -0.055537 -0.181034 0.166157 0.708543 0.661502
1732439051.641212940 5.507618 1.119143 -0.056189 -0.183890 0.163838 0.715175 0.654115
1732439051.741168022 5.495468 1.153182 -0.056359 -0.185873 0.162777 0.722218 0.646031
1732439051.842032194 5.480427 1.187261 -0.056858 -0.187609 0.160236 0.729424 0.638018
1732439051.941362619 5.465215 1.221493 -0.057267 -0.189566 0.158312 0.736222 0.630063
1732439052.041148186 5.448278 1.256613 -0.057863 -0.191718 0.156494 0.743141 0.621688
1732439052.141238213 5.430111 1.290939 -0.057730 -0.193530 0.153963 0.750088 0.613359
1732439052.241173506 5.412867 1.325412 -0.057612 -0.194800 0.151695 0.757595 0.604228
1732439052.341150284 5.394430 1.360649 -0.057371 -0.196265 0.150192 0.764770 0.595020
1732439052.441137791 5.373607 1.395506 -0.057782 -0.198015 0.147470 0.771868 0.585886
1732439052.541235924 5.351266 1.430539 -0.057680 -0.199922 0.144797 0.778659 0.576849
1732439052.642008305 5.327390 1.464106 -0.058365 -0.202030 0.141642 0.785792 0.567143
1732439052.741251945 5.303223 1.497688 -0.058618 -0.203997 0.139082 0.792595 0.557525
1732439052.842027664 5.278102 1.529922 -0.058884 -0.205958 0.136102 0.799243 0.547967
1732439052.941995859 5.254581 1.561442 -0.059322 -0.207090 0.133766 0.806404 0.537525
1732439053.041334629 5.230417 1.591409 -0.059443 -0.208249 0.131203 0.813036 0.527628
1732439053.141988039 5.206393 1.620757 -0.059559 -0.208944 0.128755 0.819424 0.517986
1732439053.241270065 5.180771 1.647740 -0.059211 -0.210445 0.125437 0.825398 0.508623
1732439053.341148376 5.155383 1.674999 -0.059138 -0.211619 0.122939 0.831281 0.499074
1732439053.441988468 5.129316 1.702376 -0.058927 -0.212626 0.120858 0.836913 0.489653
1732439053.541245937 5.102658 1.728240 -0.058804 -0.213863 0.118480 0.842542 0.479946
1732439053.642035723 5.074188 1.754151 -0.058365 -0.215124 0.116060 0.848079 0.470120
1732439053.741290331 5.045139 1.778659 -0.058853 -0.216556 0.112856 0.853216 0.460857
1732439053.841204405 5.015184 1.803314 -0.058471 -0.218130 0.110342 0.858504 0.450793
1732439053.941302299 4.986754 1.826817 -0.058646 -0.218294 0.107825 0.864115 0.440484
1732439054.041251183 4.955793 1.849932 -0.058813 -0.219266 0.104633 0.869392 0.430270
1732439054.141359568 4.924609 1.873052 -0.058568 -0.220161 0.102005 0.874466 0.420040
1732439054.241179228 4.892282 1.893784 -0.058620 -0.221196 0.098375 0.879652 0.409399
1732439054.342075586 4.859780 1.915179 -0.058458 -0.222118 0.095278 0.884518 0.399016
1732439054.442022085 4.825653 1.934861 -0.058137 -0.223154 0.091894 0.889057 0.389018
1732439054.541307926 4.793097 1.953988 -0.057712 -0.223572 0.088941 0.893867 0.378295
1732439054.641264915 4.758135 1.973034 -0.057410 -0.225042 0.086116 0.898362 0.367269
1732439054.741167545 4.723403 1.991702 -0.057577 -0.225703 0.083794 0.902840 0.356253
1732439054.841259718 4.686444 2.008502 -0.057952 -0.226787 0.080386 0.907317 0.344792
1732439054.941353798 4.646984 2.025181 -0.058468 -0.228847 0.076442 0.911404 0.333360
1732439055.041332960 4.608144 2.042308 -0.058524 -0.229762 0.073501 0.915901 0.320830
1732439055.141121626 4.568808 2.057285 -0.059154 -0.231130 0.069967 0.919876 0.309049
1732439055.241171122 4.529968 2.071224 -0.059129 -0.233090 0.067168 0.923439 0.297351
1732439055.341199636 4.492997 2.082921 -0.059444 -0.234115 0.063763 0.926981 0.286061
1732439055.441225767 4.456180 2.095199 -0.059462 -0.236505 0.061536 0.929602 0.275895
1732439055.541290283 4.422020 2.106065 -0.059719 -0.235951 0.059176 0.932953 0.265375
1732439055.641210318 4.386059 2.115662 -0.059357 -0.237761 0.056601 0.935526 0.255063
1732439055.741379023 4.349822 2.124324 -0.059741 -0.238847 0.053577 0.938491 0.243550
1732439055.841300249 4.313565 2.132454 -0.059522 -0.239601 0.051114 0.941064 0.233188
1732439055.941252708 4.277223 2.140340 -0.059268 -0.240686 0.048983 0.943447 0.222663
1732439056.041331768 4.240837 2.146179 -0.059339 -0.241735 0.045742 0.945740 0.212245
1732439056.141247272 4.205904 2.149932 -0.059349 -0.242392 0.042176 0.947950 0.202134
1732439056.242055893 4.171283 2.155476 -0.059443 -0.242609 0.039968 0.949763 0.193631
1732439056.341362953 4.137830 2.162876 -0.059615 -0.242608 0.038575 0.950971 0.187902
1732439056.441267490 4.104965 2.172053 -0.060001 -0.242018 0.037798 0.951690 0.185159
1732439056.542024851 4.071968 2.181924 -0.059764 -0.241479 0.037223 0.951998 0.184397
1732439056.641958475 4.038827 2.192758 -0.059392 -0.241234 0.037023 0.952126 0.184097
1732439056.741273165 4.006853 2.203800 -0.059212 -0.240621 0.036970 0.952281 0.184110
1732439056.842056274 3.971812 2.215222 -0.059732 -0.240529 0.036599 0.952373 0.183828
1732439056.941317558 3.936144 2.227807 -0.060233 -0.240225 0.037176 0.952656 0.182636
1732439057.041158676 3.897167 2.237561 -0.060176 -0.240647 0.036451 0.953241 0.179143
1732439057.141371489 3.855962 2.246642 -0.060580 -0.241644 0.035466 0.954357 0.171908
1732439057.241370678 3.812523 2.250954 -0.060774 -0.242204 0.032709 0.955924 0.162714
1732439057.341431141 3.766302 2.253895 -0.061624 -0.242909 0.029645 0.957887 0.150230
1732439057.441306353 3.721585 2.255395 -0.061438 -0.243251 0.026796 0.959785 0.137563
1732439057.541195869 3.675422 2.254896 -0.061286 -0.243998 0.023224 0.961556 0.123834
1732439057.641372681 3.630358 2.253833 -0.060547 -0.244277 0.020167 0.963101 0.111165
1732439057.741339922 3.586318 2.250968 -0.060732 -0.244184 0.016630 0.964623 0.097980
1732439057.842083693 3.543537 2.246617 -0.060507 -0.244371 0.013185 0.965809 0.085570
1732439057.941306829 3.504371 2.242127 -0.060880 -0.243712 0.010204 0.966997 0.073600
1732439058.041198015 3.466671 2.237749 -0.060354 -0.243861 0.007939 0.967812 0.061709
1732439058.141419888 3.431051 2.232904 -0.060881 -0.243060 0.005923 0.968667 0.050701
1732439058.241449833 3.395023 2.226511 -0.060562 -0.243291 0.003516 0.969149 0.039330
1732439058.341169357 3.358901 2.219412 -0.060944 -0.243473 0.000898 0.969476 0.028907
1732439058.441378355 3.323597 2.211974 -0.061497 -0.243984 -0.001587 0.969600 0.018566
1732439058.542176723 3.288280 2.203830 -0.061397 -0.244079 -0.004015 0.969721 0.007098
1732439058.641185522 3.253742 2.194445 -0.061552 -0.244511 -0.006704 0.969617 -0.003446
1732439058.741430998 3.218712 2.184091 -0.061946 -0.244990 -0.009418 0.969377 -0.014136
1732439058.841457605 3.184522 2.172227 -0.061777 -0.244880 -0.012543 0.969156 -0.024766
1732439058.941474676 3.148642 2.161808 -0.062317 -0.246009 -0.014442 0.968532 -0.034879
1732439059.041484594 3.114665 2.150029 -0.062028 -0.245283 -0.016587 0.968210 -0.046165
1732439059.141396523 3.079284 2.136642 -0.062591 -0.245400 -0.019258 0.967574 -0.056638
1732439059.241349697 3.045811 2.121221 -0.062399 -0.245229 -0.022349 0.966847 -0.067600
1732439059.341137648 3.011854 2.106145 -0.062677 -0.245240 -0.024907 0.965957 -0.078505
1732439059.441165924 2.976789 2.089938 -0.062676 -0.245618 -0.027300 0.964827 -0.089640
1732439059.541561604 2.942335 2.072805 -0.062641 -0.245625 -0.029966 0.963658 -0.100665
1732439059.641379595 2.909187 2.054534 -0.062768 -0.245003 -0.033267 0.962599 -0.110768
1732439059.741316795 2.875129 2.039916 -0.062660 -0.244513 -0.034329 0.961781 -0.118376
1732439059.842211962 2.840237 2.025752 -0.062641 -0.243728 -0.035122 0.961430 -0.122539
1732439059.941296339 2.805846 2.013991 -0.062651 -0.242809 -0.035028 0.961351 -0.124985
1732439060.041394949 2.769211 2.002266 -0.062672 -0.242841 -0.034916 0.961293 -0.125400
1732439060.141372681 2.733215 1.990066 -0.062487 -0.242244 -0.034909 0.961404 -0.125707
1732439060.241441250 2.695823 1.979203 -0.062532 -0.241718 -0.034354 0.961573 -0.125581
1732439060.341358185 2.656926 1.966902 -0.062723 -0.241161 -0.034156 0.961669 -0.125961
1732439060.441280127 2.616480 1.954310 -0.062790 -0.241015 -0.034199 0.961737 -0.125713
1732439060.541429520 2.575007 1.941066 -0.062580 -0.240886 -0.033936 0.961774 -0.125749
1732439060.641366482 2.531338 1.927780 -0.062575 -0.241802 -0.033647 0.961587 -0.125495
1732439060.741371632 2.488855 1.912426 -0.062585 -0.241328 -0.034504 0.961709 -0.125246
1732439060.842191696 2.443749 1.899913 -0.062569 -0.241058 -0.033780 0.961692 -0.126087
1732439060.941222191 2.398616 1.885693 -0.062280 -0.241158 -0.033694 0.961899 -0.124333
1732439061.041430950 2.351261 1.873697 -0.062072 -0.241164 -0.032484 0.962195 -0.122333
1732439061.141370058 2.303419 1.861535 -0.062142 -0.240982 -0.031655 0.962758 -0.118415
1732439061.241332531 2.253629 1.849891 -0.062487 -0.240874 -0.030817 0.963365 -0.113835
1732439061.341243029 2.200300 1.837754 -0.062842 -0.242158 -0.029943 0.963757 -0.107865
1732439061.441210270 2.147320 1.827685 -0.062619 -0.242573 -0.028525 0.964289 -0.102429
1732439061.541419029 2.094228 1.817254 -0.062576 -0.242331 -0.027761 0.964984 -0.096496
1732439061.641360044 2.040360 1.808011 -0.062722 -0.242314 -0.026227 0.965537 -0.091297
1732439061.741584778 1.985916 1.799925 -0.062488 -0.242121 -0.024547 0.966153 -0.085575
1732439061.841181755 1.931217 1.790968 -0.062159 -0.242064 -0.023797 0.966668 -0.079949
1732439061.941486835 1.876426 1.783722 -0.062145 -0.241402 -0.022199 0.967251 -0.075213
1732439062.041472197 1.820402 1.775845 -0.061920 -0.241941 -0.020975 0.967454 -0.071111
1732439062.141447544 1.763048 1.767267 -0.061805 -0.242470 -0.020239 0.967615 -0.067222
1732439062.241343737 1.706543 1.759074 -0.061854 -0.242089 -0.019405 0.968047 -0.062465
1732439062.341228008 1.647494 1.751908 -0.061624 -0.244576 -0.018806 0.967650 -0.059007
1732439062.441392422 1.593436 1.745391 -0.061410 -0.241420 -0.017861 0.968709 -0.054780
1732439062.542176962 1.537679 1.739649 -0.061906 -0.242032 -0.016917 0.968787 -0.050848
1732439062.641183853 1.483882 1.732173 -0.061603 -0.241997 -0.016780 0.968928 -0.048309
1732439062.741402864 1.429381 1.724577 -0.061615 -0.241857 -0.016621 0.969038 -0.046848
1732439062.841292620 1.374778 1.716530 -0.061238 -0.242780 -0.016665 0.968804 -0.046893
1732439062.941447735 1.322896 1.705906 -0.061449 -0.242247 -0.017900 0.968837 -0.048475
1732439063.041423321 1.272343 1.695295 -0.061284 -0.241996 -0.018779 0.968664 -0.052680
1732439063.141239882 1.224429 1.682418 -0.060939 -0.241049 -0.020106 0.968490 -0.059311
1732439063.241431236 1.177553 1.668721 -0.060671 -0.240626 -0.021685 0.968042 -0.067263
1732439063.341387749 1.131614 1.651698 -0.060303 -0.240581 -0.024179 0.967361 -0.075818
1732439063.441362619 1.087826 1.635327 -0.060755 -0.240121 -0.025746 0.966548 -0.086393
1732439063.541376114 1.045648 1.616974 -0.060371 -0.240640 -0.028059 0.965360 -0.096875
1732439063.641376972 1.009812 1.597463 -0.059783 -0.240158 -0.031608 0.964107 -0.108735
1732439063.741472244 0.975464 1.579604 -0.059225 -0.240424 -0.034025 0.962702 -0.119344
1732439063.841276169 0.944490 1.560583 -0.059064 -0.240443 -0.037176 0.961287 -0.129354
1732439063.941561699 0.915698 1.544610 -0.058844 -0.240069 -0.038771 0.959965 -0.139038
1732439064.041388273 0.890582 1.527584 -0.058660 -0.239667 -0.041359 0.958665 -0.147683
1732439064.141377687 0.866568 1.512014 -0.058615 -0.239324 -0.043297 0.957332 -0.156093
1732439064.241413832 0.843690 1.496020 -0.058394 -0.238805 -0.045502 0.956015 -0.164124
1732439064.341243505 0.821480 1.480348 -0.058242 -0.237987 -0.047396 0.954714 -0.172151
1732439064.441244602 0.800066 1.464099 -0.057629 -0.236760 -0.049433 0.953428 -0.180213
1732439064.541488886 0.777794 1.447646 -0.057707 -0.236463 -0.051003 0.951893 -0.188108
1732439064.641387701 0.755787 1.430076 -0.057346 -0.235740 -0.053336 0.950425 -0.195638
1732439064.741497040 0.733640 1.412413 -0.056889 -0.234892 -0.055151 0.948763 -0.204041
1732439064.841428280 0.710033 1.392734 -0.056828 -0.234423 -0.057407 0.946870 -0.212572
1732439064.941260099 0.684301 1.371005 -0.056826 -0.233733 -0.059238 0.944660 -0.222435
1732439065.041459799 0.656655 1.346874 -0.056389 -0.232808 -0.061378 0.942138 -0.233258
1732439065.141378880 0.627453 1.318595 -0.056014 -0.232428 -0.064231 0.939178 -0.244531
1732439065.241538763 0.596778 1.288303 -0.055955 -0.231654 -0.067092 0.935926 -0.256665
1732439065.341439009 0.565558 1.254892 -0.055730 -0.230754 -0.069712 0.932345 -0.269493
1732439065.441362381 0.532793 1.217659 -0.055795 -0.229618 -0.073220 0.928101 -0.283800
1732439065.541491032 0.498127 1.177562 -0.055771 -0.229072 -0.076639 0.923514 -0.297952
1732439065.641315460 0.464308 1.134788 -0.055499 -0.228442 -0.080609 0.918434 -0.312722
1732439065.741529942 0.430851 1.091796 -0.054977 -0.225992 -0.083024 0.913338 -0.328401
1732439065.841442108 0.399459 1.044464 -0.054921 -0.225222 -0.087741 0.907574 -0.343346
1732439065.941598892 0.369614 0.996405 -0.054627 -0.223892 -0.091952 0.901547 -0.358650
1732439066.041477680 0.341642 0.949812 -0.054028 -0.222853 -0.095728 0.895570 -0.372996
1732439066.141598463 0.316718 0.904195 -0.053747 -0.221507 -0.099318 0.889409 -0.387326
1732439066.241499186 0.293595 0.859780 -0.053776 -0.220418 -0.102559 0.883221 -0.401022
1732439066.341435194 0.273983 0.816908 -0.053592 -0.217892 -0.105163 0.877129 -0.414859
1732439066.441445351 0.256263 0.775308 -0.052840 -0.216135 -0.108225 0.871071 -0.427561
1732439066.541285515 0.240162 0.735394 -0.052614 -0.214463 -0.110523 0.865370 -0.439232
1732439066.641418219 0.224743 0.697456 -0.051459 -0.212493 -0.112062 0.859744 -0.450698
1732439066.741745472 0.213920 0.657771 -0.051800 -0.209673 -0.115705 0.854364 -0.461208
1732439066.841679573 0.200543 0.620421 -0.051001 -0.208247 -0.116746 0.849072 -0.471255
1732439066.941529274 0.191123 0.580578 -0.050610 -0.206223 -0.120515 0.843281 -0.481482
1732439067.041690826 0.180203 0.541688 -0.050246 -0.204027 -0.121918 0.837082 -0.492750
1732439067.141635180 0.170374 0.500111 -0.049348 0.202820 0.124427 -0.830437 0.503742
1732439067.241379499 0.160895 0.458247 -0.048559 0.201221 0.126397 -0.823809 0.514657
1732439067.341342688 0.154669 0.414068 -0.047950 0.198782 0.129497 -0.816717 0.526012
1732439067.441402197 0.149583 0.370427 -0.046960 0.195794 0.132126 -0.809732 0.537161
1732439067.541456938 0.146214 0.325770 -0.045530 0.193566 0.136154 -0.802993 0.546989
1732439067.641408443 0.142622 0.285851 -0.044949 0.190637 0.137497 -0.795039 0.559165
1732439067.741518497 0.139439 0.245807 -0.045023 0.190296 0.140795 -0.788264 0.567983
1732439067.841496229 0.138204 0.209533 -0.044945 0.187684 0.142489 -0.781441 0.577774
1732439067.941658258 0.138948 0.175012 -0.044351 0.185930 0.145189 -0.775582 0.585510
1732439068.041288376 0.138193 0.144286 -0.043688 0.185275 0.147031 -0.770498 0.591936
1732439068.141074181 0.134781 0.118988 -0.043256 0.185763 0.147788 -0.767441 0.595554
1732439068.241361856 0.132248 0.099987 -0.043120 0.185748 0.148328 -0.766161 0.597070
1732439068.341403961 0.130414 0.090098 -0.042691 0.185558 0.148452 -0.765485 0.597966
1732439068.441367626 0.130826 0.089389 -0.042690 0.185625 0.148721 -0.765387 0.598003
1732439068.541477680 0.131388 0.095117 -0.042384 0.184858 0.147820 -0.765691 0.598076
1732439068.641550541 0.132917 0.100185 -0.042452 0.184801 0.148291 -0.765278 0.598505
1732439068.741435289 0.134726 0.107130 -0.042806 0.184915 0.148800 -0.764643 0.599155
1732439068.841657639 0.138339 0.118280 -0.043125 0.184712 0.149607 -0.763406 0.600592
1732439068.941578150 0.144501 0.134873 -0.043714 0.183452 0.150031 -0.761997 0.602658
1732439069.041332006 0.153697 0.159203 -0.044180 0.181652 0.151118 -0.759558 0.606002
1732439069.141419411 0.162996 0.189721 -0.044743 0.181066 0.152405 -0.755650 0.610721
1732439069.241360903 0.173823 0.227831 -0.045178 0.179626 0.153414 -0.751169 0.616395
1732439069.341379642 0.185104 0.272715 -0.045420 0.178542 0.154696 -0.745615 0.623098
1732439069.441582680 0.197898 0.323174 -0.045508 0.176766 0.156591 -0.739686 0.630157
1732439069.541543007 0.209723 0.377728 -0.046324 0.176730 0.159433 -0.732713 0.637557
1732439069.641389847 0.222560 0.439070 -0.048081 0.173886 0.161514 -0.726478 0.644908
1732439069.741566658 0.232807 0.507065 -0.048770 0.172550 0.163489 -0.719043 0.653051
1732439069.841349125 0.242061 0.576308 -0.050570 0.172469 0.167077 -0.710365 0.661605
1732439069.941545248 0.251730 0.650578 -0.051401 0.169683 0.168841 -0.703689 0.668971
1732439070.041386366 0.258699 0.725118 -0.052436 0.168720 0.172059 -0.695241 0.677177
1732439070.141404152 0.262069 0.802145 -0.052692 0.166929 0.173191 -0.688509 0.684175
1732439070.241291046 0.264102 0.879249 -0.053527 0.165401 0.174340 -0.682310 0.690435
1732439070.341404200 0.264239 0.952354 -0.053839 0.164216 0.176383 -0.675376 0.696986
1732439070.441600323 0.264818 1.023722 -0.054097 0.160606 0.176702 -0.668945 0.703914
1732439070.541574478 0.261484 1.088077 -0.054375 0.161838 0.180207 -0.662639 0.708691
1732439070.641439438 0.258133 1.149877 -0.055192 0.160070 0.181146 -0.656909 0.714166
1732439070.741619110 0.254092 1.206516 -0.055709 0.157720 0.181889 -0.652522 0.718509
1732439070.841583729 0.250358 1.254702 -0.055782 0.156930 0.183986 -0.649595 0.720797
1732439070.941468239 0.243958 1.294296 -0.055811 0.157801 0.184633 -0.647535 0.722294
1732439071.041374445 0.238544 1.327927 -0.055610 0.157377 0.184346 -0.646472 0.723411
1732439071.141660213 0.235210 1.351836 -0.055615 0.157309 0.184596 -0.645636 0.724107
1732439071.241448402 0.231817 1.367409 -0.055785 0.157170 0.184316 -0.645244 0.724559
1732439071.341567278 0.230820 1.373464 -0.055547 0.157937 0.184991 -0.644888 0.724537
1732439071.441494465 0.231019 1.373358 -0.055566 0.157732 0.184831 -0.644990 0.724531
1732439071.541710615 0.231891 1.370092 -0.055620 0.157969 0.185387 -0.644741 0.724559
1732439071.641098499 0.231793 1.368681 -0.055547 0.157700 0.185043 -0.644861 0.724599
1732439071.741451979 0.232656 1.365924 -0.055665 0.157945 0.185576 -0.644661 0.724587
1732439071.841706276 0.233523 1.361951 -0.055595 0.157726 0.185454 -0.644354 0.724940
1732439071.941707611 0.235181 1.355124 -0.055544 0.157493 0.185656 -0.643909 0.725334
1732439072.041653395 0.237889 1.345363 -0.055294 0.157219 0.185828 -0.642838 0.726298
1732439072.141361713 0.242197 1.331452 -0.055436 0.156605 0.186069 -0.641024 0.727971
1732439072.241039276 0.248407 1.312243 -0.055235 0.155884 0.186202 -0.638158 0.730605
1732439072.341645002 0.257358 1.287799 -0.055370 0.154518 0.186829 -0.634769 0.733681
1732439072.441635609 0.267905 1.257885 -0.055273 0.153107 0.187222 -0.630313 0.737707
1732439072.541440010 0.280815 1.222266 -0.055334 0.151295 0.187624 -0.625066 0.742428
1732439072.641426325 0.296566 1.180735 -0.055201 0.150190 0.189175 -0.619190 0.747168
1732439072.741606951 0.314388 1.135109 -0.054567 0.148202 0.190022 -0.611896 0.753333
1732439072.840914965 0.334499 1.085619 -0.054008 0.146886 0.191178 -0.604453 0.759284
1732439072.941590309 0.358291 1.031765 -0.053644 0.145501 0.193958 -0.596294 0.765273
1732439073.041491508 0.382645 0.979796 -0.053017 0.143084 0.194685 -0.588837 0.771295
1732439073.141380787 0.408404 0.929814 -0.052775 0.140254 0.196500 -0.581080 0.777214
1732439073.241534472 0.431966 0.881804 -0.052411 0.138823 0.197899 -0.574599 0.781921
1732439073.341711283 0.456508 0.837599 -0.052610 0.136228 0.199163 -0.568633 0.786405
1732439073.441359043 0.478384 0.796694 -0.051874 0.134378 0.200044 -0.563062 0.790498
1732439073.541563988 0.499429 0.758308 -0.052084 0.132968 0.201324 -0.558009 0.793986
1732439073.641461849 0.520461 0.724887 -0.050883 0.130675 0.202644 -0.553434 0.797227
1732439073.741650343 0.536080 0.696282 -0.050919 0.130569 0.203922 -0.548918 0.800035
1732439073.841492891 0.548919 0.675683 -0.050676 0.129513 0.204768 -0.545023 0.802650
1732439073.941469431 0.556606 0.664357 -0.050707 0.128142 0.204440 -0.542969 0.804343
1732439074.041389465 0.560066 0.658683 -0.050572 0.128032 0.205082 -0.541616 0.805109
1732439074.141627789 0.558581 0.660221 -0.050508 0.127757 0.204148 -0.542019 0.805119
1732439074.241402864 0.557064 0.662765 -0.050480 0.127340 0.203263 -0.542194 0.805291
1732439074.341284275 0.558223 0.661490 -0.050676 0.127376 0.203678 -0.542155 0.805207
1732439074.441468477 0.559545 0.660020 -0.050619 0.127166 0.203505 -0.541820 0.805510
1732439074.541873932 0.561524 0.657226 -0.050940 0.126325 0.203099 -0.541113 0.806219
1732439074.641463995 0.564937 0.652310 -0.051039 0.126314 0.203079 -0.539957 0.807001
1732439074.741666079 0.571036 0.643871 -0.051042 0.125246 0.202980 -0.538247 0.808334
1732439074.841517210 0.579792 0.630305 -0.050553 0.124714 0.202744 -0.535285 0.810439
1732439074.941469908 0.592715 0.612414 -0.050378 0.123273 0.203238 -0.531578 0.812972
1732439075.041353464 0.609811 0.589588 -0.049867 0.121906 0.203788 -0.526729 0.816190
1732439075.140980482 0.631750 0.563250 -0.049574 0.119248 0.205299 -0.520855 0.819964
1732439075.241414309 0.658146 0.532174 -0.048976 0.116617 0.207075 -0.513557 0.824488
1732439075.341648102 0.685284 0.495962 -0.048807 0.115155 0.206031 -0.504508 0.830519
1732439075.441507816 0.723602 0.454163 -0.049066 0.112962 0.209789 -0.494375 0.835955
1732439075.541465044 0.763292 0.410233 -0.048670 0.110501 0.211984 -0.481746 0.843073
1732439075.641635895 0.809778 0.366545 -0.048043 0.106343 0.214510 -0.467773 0.850803
1732439075.741552353 0.860639 0.323040 -0.048196 0.101855 0.216598 -0.452188 0.859207
1732439075.841076851 0.914853 0.279560 -0.047549 0.097909 0.220011 -0.434710 0.867776
1732439075.941131592 0.970320 0.240650 -0.047396 0.092741 0.222275 -0.417672 0.876095
1732439076.041898727 1.023022 0.204274 -0.046778 0.088264 0.222291 -0.399706 0.884891
1732439076.141698599 1.079716 0.169449 -0.046912 0.083622 0.224141 -0.381563 0.892848
1732439076.241126537 1.137787 0.138420 -0.047146 0.078419 0.226324 -0.364645 0.899812
1732439076.341068983 1.194860 0.105586 -0.046248 0.075323 0.227555 -0.348111 0.906291
1732439076.441131115 1.254240 0.076242 -0.046644 0.070516 0.228956 -0.332927 0.912012
1732439076.541591406 1.315422 0.048427 -0.046026 0.066351 0.230801 -0.317705 0.917274
1732439076.641580582 1.373717 0.023825 -0.045811 0.061816 0.230324 -0.303325 0.922564
1732439076.741173983 1.434054 -0.003413 -0.046483 0.059615 0.235529 -0.289440 0.925849
1732439076.841443300 1.490348 -0.024223 -0.046073 0.055467 0.234331 -0.276473 0.930363
1732439076.941508532 1.545064 -0.044439 -0.046312 0.052559 0.235760 -0.266281 0.933140
1732439077.041061401 1.594941 -0.063809 -0.044999 0.050610 0.235818 -0.255575 0.936221
1732439077.141485214 1.644136 -0.079580 -0.045286 0.047707 0.236038 -0.246277 0.938807
1732439077.241181850 1.691652 -0.095099 -0.044696 0.045934 0.236134 -0.236697 0.941332
1732439077.341484308 1.740334 -0.107305 -0.044739 0.042417 0.236517 -0.228198 0.943497
1732439077.441413641 1.786740 -0.120908 -0.044019 0.040420 0.236280 -0.218597 0.945914
1732439077.541538477 1.836067 -0.132880 -0.043871 0.037811 0.236476 -0.209466 0.948036
1732439077.641483784 1.886625 -0.144808 -0.043521 0.035564 0.236964 -0.200056 0.950032
1732439077.741669178 1.938640 -0.154385 -0.043594 0.032266 0.237790 -0.190876 0.951831
1732439077.841488123 1.989380 -0.164635 -0.043380 0.030284 0.237891 -0.181068 0.953785
1732439077.941521883 2.041828 -0.175026 -0.042367 0.028211 0.238756 -0.170712 0.955540
1732439078.041068554 2.095249 -0.181502 -0.042305 0.025690 0.238039 -0.161070 0.957462
1732439078.141684532 2.152718 -0.189193 -0.042913 0.022539 0.239717 -0.152184 0.958576
1732439078.241529465 2.211095 -0.198006 -0.043006 0.020115 0.240747 -0.147261 0.959140
1732439078.341072083 2.268206 -0.209676 -0.042953 0.019354 0.240653 -0.143968 0.959679
1732439078.440995216 2.325762 -0.222268 -0.041980 0.019141 0.240980 -0.142554 0.959813
1732439078.541685104 2.385857 -0.237334 -0.041978 0.019747 0.240046 -0.141603 0.960175
1732439078.641814709 2.447399 -0.252912 -0.041172 0.020195 0.240829 -0.141478 0.959988
1732439078.741500854 2.506221 -0.267120 -0.040468 0.020549 0.239510 -0.141932 0.960244
1732439078.841455698 2.571439 -0.283002 -0.040008 0.020848 0.241213 -0.141557 0.959866
1732439078.941015005 2.634738 -0.297776 -0.040138 0.020357 0.240257 -0.142388 0.959994
1732439079.041630268 2.699870 -0.311365 -0.039725 0.019362 0.240748 -0.142846 0.959823
1732439079.141456366 2.762402 -0.327360 -0.039716 0.019641 0.240794 -0.143224 0.959750
1732439079.241192579 2.822422 -0.342189 -0.038940 0.020195 0.240430 -0.142914 0.959876
1732439079.341545582 2.881282 -0.358677 -0.038234 0.021417 0.240511 -0.143106 0.959800
1732439079.441075087 2.937203 -0.371770 -0.038093 0.021508 0.241386 -0.141721 0.959784
1732439079.541483164 2.988047 -0.382861 -0.037648 0.020951 0.241498 -0.141714 0.959769
1732439079.641037464 3.035725 -0.394369 -0.038197 0.020846 0.241690 -0.141438 0.959764
1732439079.741650343 3.083049 -0.403623 -0.038051 0.020003 0.241203 -0.140678 0.960016
1732439079.841387749 3.128244 -0.415011 -0.037514 0.020531 0.240031 -0.140086 0.960385
1732439079.941219091 3.175893 -0.425358 -0.036635 0.020493 0.240169 -0.139865 0.960384
1732439080.041390181 3.224991 -0.437188 -0.036288 0.020660 0.240149 -0.139072 0.960500
1732439080.141723871 3.275438 -0.448060 -0.035750 0.020248 0.238849 -0.138814 0.960870
1732439080.241477251 3.330157 -0.460184 -0.035835 0.019970 0.239069 -0.138316 0.960893
1732439080.341521263 3.389218 -0.473569 -0.035407 0.020180 0.240161 -0.137599 0.960719
1732439080.441672087 3.449926 -0.486719 -0.035595 0.019871 0.240789 -0.137130 0.960636
1732439080.541651487 3.512397 -0.500638 -0.035785 0.020022 0.240652 -0.136636 0.960737
1732439080.641524076 3.578413 -0.512754 -0.035744 0.018746 0.240555 -0.136272 0.960839
1732439080.741535902 3.647123 -0.527211 -0.035175 0.019008 0.241604 -0.132030 0.961163
1732439080.841657639 3.718315 -0.536078 -0.035173 0.016856 0.241821 -0.126103 0.961944
1732439080.941565514 3.790526 -0.542886 -0.035627 0.014090 0.243101 -0.117998 0.962694
1732439081.041153908 3.860923 -0.547319 -0.035039 0.011403 0.243095 -0.107664 0.963942
1732439081.141743422 3.935410 -0.550826 -0.036978 0.008764 0.243945 -0.098223 0.964762
1732439081.241685152 4.011121 -0.551261 -0.036227 0.005276 0.244180 -0.086984 0.965806
1732439081.341520548 4.087726 -0.554760 -0.036819 0.004056 0.245267 -0.078018 0.966303
1732439081.441152811 4.165423 -0.556805 -0.037360 0.002304 0.244841 -0.072854 0.966819
1732439081.541573524 4.244076 -0.561008 -0.037280 0.001429 0.245302 -0.069954 0.966918
1732439081.641572714 4.321300 -0.566112 -0.037407 0.000768 0.245393 -0.069125 0.966956
1732439081.741635084 4.397705 -0.571473 -0.037352 0.000359 0.245220 -0.069396 0.966981
1732439081.841172457 4.473224 -0.578672 -0.037835 0.000773 0.244638 -0.070368 0.967057
1732439081.941113949 4.549367 -0.583328 -0.037651 -0.000174 0.244177 -0.070110 0.967193
1732439082.041558743 4.622002 -0.590842 -0.037701 0.000428 0.244409 -0.069873 0.967151
1732439082.141113997 4.691242 -0.595805 -0.037653 0.000402 0.243371 -0.067661 0.967570
1732439082.241023064 4.760603 -0.596742 -0.038199 -0.000973 0.244015 -0.061716 0.967805
1732439082.341564655 4.828761 -0.593446 -0.037863 -0.002980 0.243892 -0.050909 0.968461
1732439082.441121340 4.897165 -0.586833 -0.037991 -0.005673 0.244377 -0.037338 0.968945
1732439082.541593552 4.965142 -0.572555 -0.038187 -0.011290 0.245049 -0.020471 0.969229
1732439082.641082764 5.030396 -0.557304 -0.038666 -0.015191 0.244973 -0.002192 0.969409
1732439082.741620779 5.097193 -0.537584 -0.039783 -0.020000 0.245302 0.017361 0.969085
1732439082.841109276 5.162497 -0.515577 -0.040370 -0.024690 0.245263 0.036859 0.968441
1732439082.941092253 5.225903 -0.489259 -0.041392 -0.030379 0.244862 0.056210 0.967450
1732439083.041529894 5.287764 -0.463813 -0.041368 -0.034235 0.244111 0.076246 0.966139
1732439083.141091108 5.349455 -0.434743 -0.041657 -0.038943 0.243859 0.095634 0.964298
1732439083.241151333 5.408516 -0.402463 -0.041996 -0.043668 0.243337 0.115350 0.962068
1732439083.341116667 5.466728 -0.368606 -0.042579 -0.048703 0.243250 0.134649 0.959337
1732439083.441563845 5.522398 -0.331927 -0.042897 -0.053371 0.241665 0.153868 0.956595
1732439083.540972233 5.574637 -0.295034 -0.043639 -0.057709 0.240962 0.172342 0.953365
1732439083.641582012 5.626701 -0.255671 -0.044178 -0.062178 0.240868 0.190231 0.949699
1732439083.741606474 5.677182 -0.216584 -0.044850 -0.065628 0.240076 0.208253 0.945879
1732439083.841079950 5.725305 -0.175829 -0.045357 -0.069700 0.240430 0.225204 0.941604
1732439083.941569328 5.767704 -0.131570 -0.046563 -0.075072 0.239243 0.242381 0.937218
1732439084.041589022 5.806886 -0.090738 -0.047132 -0.078891 0.237564 0.258868 0.932913
1732439084.141084194 5.843113 -0.050575 -0.047958 -0.082399 0.236479 0.274174 0.928502
1732439084.241578817 5.877656 -0.010247 -0.048594 -0.086351 0.235462 0.288446 0.924067
1732439084.341157198 5.908928 0.028935 -0.049501 -0.089795 0.234347 0.302385 0.919555
1732439084.441260338 5.938343 0.068738 -0.050211 -0.093170 0.233400 0.316176 0.914810
1732439084.541142702 5.967355 0.107907 -0.050669 -0.095794 0.232649 0.329739 0.909929
1732439084.641968966 5.993927 0.149888 -0.051358 -0.099415 0.231678 0.342653 0.905003
1732439084.741688728 6.020846 0.188826 -0.051525 -0.101511 0.230782 0.356103 0.899792
1732439084.841660500 6.044282 0.233303 -0.052631 -0.106152 0.229286 0.368695 0.894552
1732439084.940948963 6.068093 0.275541 -0.053411 -0.108955 0.227882 0.382188 0.888893
1732439085.041767120 6.088169 0.318982 -0.053524 -0.112259 0.225243 0.395004 0.883536
1732439085.141165733 6.109699 0.361523 -0.054302 -0.115293 0.224529 0.407563 0.877603
1732439085.241055727 6.127626 0.402612 -0.054287 -0.117327 0.222013 0.420079 0.872054
1732439085.341608047 6.142778 0.443618 -0.054549 -0.120320 0.219421 0.432717 0.866103
1732439085.441614628 6.158252 0.481476 -0.054446 -0.121853 0.217381 0.443336 0.861017
1732439085.541137934 6.173071 0.518034 -0.054548 -0.123871 0.215874 0.451742 0.856728
1732439085.641307592 6.188360 0.549889 -0.054645 -0.124989 0.216127 0.455792 0.854354
1732439085.741084814 6.201924 0.574280 -0.054887 -0.125149 0.215508 0.458466 0.853055
1732439085.841156483 6.211701 0.591654 -0.055027 -0.125349 0.215601 0.459118 0.852652
1732439085.941147566 6.217134 0.599603 -0.055117 -0.125212 0.215467 0.459599 0.852446
1732439086.041129827 6.216741 0.599464 -0.055142 -0.125308 0.215310 0.459735 0.852398
1732439086.141116142 6.213666 0.594422 -0.055342 -0.125176 0.215319 0.459713 0.852427
1732439086.241209507 6.207785 0.586226 -0.055535 -0.125462 0.214736 0.460667 0.852018
1732439086.341146231 6.200232 0.575367 -0.055304 -0.125965 0.214627 0.462267 0.851104
1732439086.441194773 6.189519 0.560243 -0.055452 -0.126616 0.214393 0.464260 0.849981
1732439086.541025639 6.175899 0.541224 -0.055362 -0.127685 0.214320 0.466901 0.848391
1732439086.641647339 6.158731 0.517530 -0.055545 -0.129089 0.214379 0.470542 0.846149
1732439086.741090775 6.137886 0.488302 -0.055429 -0.130538 0.213797 0.475711 0.843178
1732439086.841138124 6.113966 0.454007 -0.055339 -0.132407 0.213150 0.481064 0.840007
1732439086.941218853 6.087612 0.414397 -0.055177 -0.134847 0.212806 0.487550 0.835957
1732439087.041102409 6.059153 0.369948 -0.054352 -0.137585 0.212903 0.494080 0.831642
1732439087.141668081 6.030493 0.318606 -0.053749 -0.139087 0.213262 0.501238 0.827003
1732439087.241268873 5.999910 0.264028 -0.052846 -0.141335 0.213261 0.507883 0.822557
1732439087.341055632 5.968183 0.202998 -0.051648 -0.141876 0.210946 0.514840 0.818726
1732439087.441303492 5.936533 0.140672 -0.050908 -0.143606 0.209909 0.521378 0.814543
1732439087.541029215 5.904753 0.074367 -0.049502 -0.145573 0.209069 0.528458 0.809834
1732439087.641046047 5.872946 0.004510 -0.048276 -0.146707 0.207297 0.535122 0.805698
1732439087.741050005 5.841406 -0.066418 -0.046848 -0.148992 0.206390 0.541073 0.801527
1732439087.841188908 5.812982 -0.141978 -0.045045 -0.148423 0.204254 0.546006 0.798830
1732439087.940983534 5.785906 -0.215042 -0.043893 -0.148915 0.202786 0.548816 0.797185
1732439088.041200399 5.764173 -0.284534 -0.042247 -0.148869 0.202666 0.551486 0.795379
1732439088.141007185 5.744370 -0.345122 -0.040998 -0.148982 0.201362 0.552741 0.794818
1732439088.241304636 5.731098 -0.393091 -0.040346 -0.148856 0.201658 0.551911 0.795343
1732439088.341175318 5.723223 -0.426278 -0.039512 -0.148655 0.202644 0.549975 0.796470
1732439088.440979958 5.719605 -0.445463 -0.039170 -0.148164 0.203221 0.548117 0.797694
1732439088.541242361 5.718688 -0.450303 -0.039276 -0.148060 0.203203 0.547923 0.797851
1732439088.641185045 5.719836 -0.443930 -0.039744 -0.149530 0.204484 0.548092 0.797134
1732439088.741719484 5.721098 -0.435909 -0.039650 -0.149772 0.204240 0.549397 0.796252
1732439088.841711521 5.722288 -0.425480 -0.039618 -0.150146 0.203568 0.551413 0.794959
1732439088.941814184 5.723955 -0.411371 -0.039765 -0.150608 0.202914 0.554089 0.793176
1732439089.041779757 5.725830 -0.393744 -0.039901 -0.151168 0.201811 0.557778 0.790762
1732439089.141036272 5.728280 -0.370791 -0.039978 -0.151960 0.200894 0.562476 0.787509
1732439089.241823912 5.730999 -0.342171 -0.040418 -0.153105 0.199889 0.568349 0.783315
1732439089.341207981 5.732891 -0.308488 -0.040765 -0.154598 0.198831 0.575117 0.778335
1732439089.441022396 5.734139 -0.270990 -0.041344 -0.156245 0.196721 0.584097 0.771829
1732439089.540992737 5.734058 -0.227346 -0.041960 -0.158626 0.194807 0.594196 0.764080
1732439089.641204596 5.732668 -0.178419 -0.042616 -0.161339 0.193075 0.605015 0.755413
1732439089.740993500 5.729679 -0.126032 -0.043409 -0.163982 0.190907 0.616582 0.745983
1732439089.841146946 5.723411 -0.069443 -0.044146 -0.167281 0.188465 0.628944 0.735478
1732439089.941020489 5.718038 -0.011071 -0.045093 -0.169793 0.186850 0.641881 0.724049
1732439090.040974379 5.707081 0.049860 -0.045924 -0.173517 0.184095 0.654598 0.712392
1732439090.141695976 5.694122 0.112587 -0.047180 -0.177227 0.181275 0.667915 0.699728
1732439090.241005182 5.678001 0.174378 -0.047945 -0.181151 0.177844 0.680755 0.687116
1732439090.340972185 5.660343 0.234084 -0.048814 -0.183715 0.174325 0.694024 0.673936
1732439090.441038609 5.641479 0.292252 -0.049374 -0.185510 0.170547 0.707332 0.660440
1732439090.540987492 5.618209 0.350480 -0.050717 -0.189258 0.167009 0.719461 0.647044
1732439090.640991211 5.594327 0.406955 -0.051147 -0.191003 0.162866 0.732399 0.632917
1732439090.741179228 5.567582 0.465265 -0.052097 -0.194890 0.160091 0.744321 0.618365
1732439090.841144800 5.538446 0.520561 -0.052185 -0.197230 0.156047 0.755983 0.604350
1732439090.941298008 5.507909 0.571844 -0.052118 -0.199069 0.151077 0.767759 0.589995
1732439091.041151524 5.476234 0.621633 -0.052920 -0.201967 0.147014 0.778909 0.575237
1732439091.141009808 5.445326 0.666804 -0.053042 -0.203031 0.142734 0.789494 0.561342
1732439091.241189957 5.414119 0.710627 -0.053522 -0.205483 0.139521 0.798737 0.548024
1732439091.341172457 5.382207 0.749790 -0.053809 -0.207229 0.135491 0.807241 0.535780
1732439091.441298246 5.351643 0.787906 -0.054323 -0.209017 0.132796 0.815333 0.523364
1732439091.541175127 5.320719 0.823980 -0.054466 -0.209503 0.129554 0.823771 0.510614
1732439091.640996456 5.288499 0.858869 -0.054726 -0.212303 0.126969 0.830379 0.499278
1732439091.741310835 5.255983 0.891045 -0.054696 -0.213596 0.123341 0.837305 0.487939
1732439091.841148138 5.222240 0.921688 -0.055165 -0.215365 0.119463 0.844028 0.476406
1732439091.941200018 5.188618 0.951184 -0.055163 -0.217362 0.116451 0.850207 0.465125
1732439092.041109562 5.156429 0.980293 -0.055468 -0.218814 0.114012 0.856474 0.453403
1732439092.141744137 5.122153 1.007423 -0.056482 -0.220702 0.110906 0.862063 0.442536
1732439092.240981579 5.090775 1.033326 -0.056233 -0.220939 0.108368 0.868136 0.431025
1732439092.341182470 5.055965 1.058008 -0.056545 -0.222541 0.105188 0.873492 0.420027
1732439092.441161871 5.021651 1.082426 -0.057066 -0.223810 0.102453 0.878863 0.408672
1732439092.541046381 4.985782 1.105884 -0.057219 -0.225193 0.099215 0.884413 0.396559
1732439092.641226768 4.948321 1.129776 -0.057663 -0.227394 0.096872 0.889240 0.384916
1732439092.741045713 4.910720 1.150935 -0.057612 -0.228962 0.093545 0.894289 0.372924
1732439092.841289520 4.874059 1.171846 -0.057764 -0.230199 0.091110 0.899023 0.361199
1732439092.941792965 4.837987 1.189738 -0.057458 -0.229776 0.087525 0.904552 0.348321
1732439093.041232586 4.801147 1.209119 -0.057709 -0.231417 0.085620 0.908901 0.336177
1732439093.141288519 4.762778 1.225253 -0.057648 -0.232177 0.082132 0.913428 0.324033
1732439093.241024017 4.724983 1.241409 -0.057776 -0.232045 0.078808 0.918028 0.311719
1732439093.341803551 4.682989 1.257100 -0.057460 -0.233105 0.075595 0.922360 0.298664
1732439093.441021442 4.638147 1.272179 -0.058180 -0.234381 0.071682 0.926617 0.285147
1732439093.541034460 4.591355 1.286597 -0.057827 -0.234860 0.067787 0.930939 0.271290
1732439093.641029358 4.542102 1.299276 -0.057909 -0.236152 0.063422 0.935212 0.256102
1732439093.741091251 4.491636 1.314123 -0.058106 -0.237760 0.060825 0.939126 0.240442
1732439093.841176271 4.436750 1.325464 -0.058393 -0.238308 0.056474 0.943195 0.224505
1732439093.941028118 4.380055 1.335793 -0.059124 -0.239970 0.052237 0.946815 0.207912
1732439094.041059732 4.323113 1.342534 -0.058897 -0.242322 0.047342 0.949856 0.191867
1732439094.141204119 4.268102 1.348985 -0.059185 -0.242899 0.043533 0.953131 0.175058
1732439094.241076469 4.214152 1.352298 -0.059219 -0.243711 0.038988 0.956076 0.158124
1732439094.341331959 4.159210 1.353548 -0.059283 -0.244963 0.034310 0.958479 0.141893
1732439094.441260576 4.105570 1.351516 -0.059488 -0.244726 0.029148 0.960990 0.125530
1732439094.541064739 4.052111 1.349676 -0.059196 -0.245088 0.025195 0.963051 0.108767
1732439094.641265154 3.998238 1.346418 -0.059469 -0.245550 0.021498 0.964810 0.091571
1732439094.741075754 3.944823 1.340587 -0.059158 -0.246077 0.017168 0.966164 0.075351
1732439094.841170311 3.892173 1.333717 -0.059155 -0.245127 0.013486 0.967666 0.057909
1732439094.941113710 3.839824 1.324937 -0.058951 -0.245954 0.009238 0.968368 0.041046
1732439095.041082144 3.788364 1.314160 -0.059087 -0.244401 0.005310 0.969343 0.024774
1732439095.141043186 3.735315 1.305085 -0.059139 -0.244788 0.002166 0.969484 0.013234
1732439095.241090775 3.682858 1.297041 -0.059091 -0.244874 -0.000639 0.969522 0.008037
1732439095.341051817 3.631983 1.295125 -0.059145 -0.244021 -0.000700 0.969738 0.007893
1732439095.441134930 3.580834 1.295246 -0.059029 -0.244443 -0.000125 0.969596 0.011440
1732439095.541062355 3.531161 1.300459 -0.059145 -0.243796 0.002307 0.969672 0.017142
1732439095.641350746 3.481643 1.304087 -0.059200 -0.243964 0.003273 0.969449 0.025282
1732439095.741295099 3.433110 1.310684 -0.059667 -0.244283 0.005139 0.969127 0.033034
1732439095.841237545 3.385209 1.317919 -0.059799 -0.244375 0.006911 0.968779 0.041227
1732439095.941240788 3.338564 1.325849 -0.060328 -0.243941 0.008901 0.968466 0.049880
1732439096.041228771 3.291478 1.335533 -0.060213 -0.244176 0.011003 0.967909 0.058389
1732439096.141824961 3.242335 1.346198 -0.060374 -0.244443 0.013426 0.967221 0.067462
1732439096.241245031 3.192752 1.358632 -0.060270 -0.244556 0.016157 0.966514 0.076041
1732439096.341263294 3.142198 1.371653 -0.060053 -0.245195 0.018482 0.965551 0.085142
1732439096.441355944 3.092023 1.385940 -0.060147 -0.244024 0.021116 0.964995 0.093761
1732439096.541202784 3.039994 1.401242 -0.060191 -0.244075 0.023359 0.964039 0.102521
1732439096.641354561 2.986111 1.416662 -0.060465 -0.243980 0.025210 0.962978 0.111855
1732439096.741200924 2.932292 1.434141 -0.060648 -0.243825 0.027551 0.961835 0.121092
1732439096.841171503 2.877560 1.453006 -0.060972 -0.243308 0.029634 0.960624 0.130864
1732439096.941141605 2.820376 1.473316 -0.061136 -0.243727 0.032006 0.959087 0.140443
1732439097.041396141 2.764541 1.495390 -0.061318 -0.242856 0.034304 0.957818 0.149765
1732439097.141869545 2.707714 1.518128 -0.061220 -0.242437 0.036577 0.956254 0.159576
1732439097.241850376 2.652409 1.542824 -0.061183 -0.241248 0.039144 0.954896 0.168643
1732439097.341166496 2.596924 1.567800 -0.061213 -0.240779 0.041485 0.953249 0.177819
1732439097.441111803 2.541278 1.594892 -0.061321 -0.240598 0.044367 0.951347 0.187306
1732439097.541063786 2.486088 1.622777 -0.061014 -0.239506 0.046642 0.949775 0.195929
1732439097.641291857 2.429692 1.652821 -0.060625 -0.239599 0.049574 0.947812 0.204417
1732439097.741300821 2.373891 1.681601 -0.060399 -0.239530 0.051421 0.946076 0.211945
1732439097.841310263 2.317149 1.708748 -0.060623 -0.239821 0.052485 0.945021 0.216023
1732439097.941147804 2.261727 1.733179 -0.060488 -0.238175 0.052039 0.945092 0.217635
1732439098.041844368 2.203857 1.756434 -0.060682 -0.238655 0.051656 0.945385 0.215922
1732439098.141312838 2.146241 1.777578 -0.060757 -0.239101 0.050987 0.946237 0.211818
1732439098.241381407 2.086373 1.796539 -0.060453 -0.239844 0.049642 0.948027 0.203116
1732439098.341370821 2.024972 1.810619 -0.060572 -0.240759 0.046652 0.950221 0.192196
1732439098.441879749 1.965525 1.820637 -0.060608 -0.240452 0.042981 0.953097 0.178724
1732439098.541257620 1.907110 1.827129 -0.060227 -0.240045 0.039036 0.955985 0.164156
1732439098.641431570 1.847122 1.830319 -0.060478 -0.241942 0.034368 0.958218 0.148665
1732439098.741254330 1.790485 1.831469 -0.060307 -0.241333 0.030013 0.960865 0.132650
1732439098.841110468 1.732620 1.831396 -0.060570 -0.242105 0.025720 0.962807 0.117161
1732439098.941404104 1.674654 1.829968 -0.060244 -0.242512 0.021968 0.964651 0.100761
1732439099.041305542 1.618149 1.825439 -0.060072 -0.242336 0.017515 0.966318 0.084834
1732439099.141337872 1.562788 1.821133 -0.059646 -0.242542 0.014458 0.967623 0.068331
1732439099.241280317 1.510827 1.809103 -0.060423 -0.240563 0.008908 0.969201 0.051952
1732439099.341273069 1.457319 1.802223 -0.060022 -0.243050 0.005861 0.969364 0.035008
1732439099.441392422 1.408521 1.788306 -0.060029 -0.242962 0.000633 0.969823 0.020298
1732439099.541276932 1.362801 1.776739 -0.060103 -0.242244 -0.003050 0.970197 0.005174
1732439099.641480923 1.319175 1.763282 -0.060336 -0.241953 -0.007072 0.970224 -0.008643
1732439099.741348505 1.278275 1.750494 -0.060672 -0.240706 -0.009998 0.970304 -0.021682
1732439099.841409445 1.236496 1.736295 -0.060672 -0.240938 -0.013600 0.969854 -0.033857
1732439099.941222668 1.195395 1.722421 -0.060584 -0.241123 -0.016284 0.969290 -0.045504
1732439100.041270971 1.153140 1.707615 -0.060269 -0.240847 -0.018879 0.968625 -0.058333
1732439100.141349792 1.110055 1.690039 -0.060558 -0.241017 -0.021746 0.967739 -0.070136
1732439100.241218567 1.067319 1.671494 -0.060255 -0.241037 -0.024868 0.966580 -0.083695
1732439100.341359138 1.024771 1.648660 -0.060532 -0.241742 -0.029404 0.965052 -0.096803
1732439100.441187382 0.982653 1.627518 -0.060436 -0.240897 -0.032254 0.963608 -0.111297
1732439100.541284561 0.940357 1.602501 -0.060465 -0.240462 -0.036367 0.961855 -0.125261
1732439100.641407967 0.898230 1.577730 -0.059914 -0.240439 -0.039401 0.959716 -0.139938
1732439100.741192341 0.858606 1.551133 -0.059604 -0.238883 -0.043043 0.957798 -0.153964
1732439100.841300726 0.819793 1.523482 -0.059211 -0.238342 -0.047242 0.955441 -0.167613
1732439100.941390276 0.784178 1.498014 -0.058452 -0.237116 -0.049831 0.953168 -0.181007
1732439101.041291714 0.750412 1.472106 -0.057862 -0.235506 -0.052648 0.950706 -0.194737
1732439101.141224384 0.717888 1.446543 -0.057155 -0.234621 -0.054742 0.948102 -0.207507
1732439101.241363287 0.685238 1.418491 -0.056887 -0.234266 -0.058207 0.945270 -0.219536
1732439101.341206074 0.654932 1.391123 -0.056146 -0.232779 -0.060723 0.942390 -0.232441
1732439101.441203117 0.623755 1.361398 -0.056263 -0.232487 -0.063470 0.939108 -0.244945
1732439101.541430473 0.592764 1.329590 -0.056270 -0.231640 -0.066967 0.935574 -0.257990
1732439101.641205549 0.561858 1.296597 -0.056058 -0.231074 -0.070253 0.931679 -0.271373
1732439101.741400957 0.531468 1.260048 -0.055902 -0.230173 -0.074285 0.927861 -0.283859
1732439101.841312885 0.500663 1.223989 -0.055503 -0.228801 -0.076765 0.923548 -0.298021
1732439101.942000151 0.468244 1.183337 -0.055366 -0.228276 -0.080432 0.918828 -0.311731
1732439102.041950941 0.436234 1.141598 -0.054666 -0.227666 -0.083498 0.913447 -0.326819
1732439102.141523361 0.405538 1.096837 -0.054736 -0.226612 -0.087509 0.908011 -0.341328
1732439102.241201878 0.376022 1.048664 -0.054599 -0.225599 -0.092691 0.902123 -0.355932
1732439102.341472149 0.347759 1.001383 -0.054567 -0.223329 -0.096155 0.895904 -0.371798
1732439102.441210032 0.321321 0.953216 -0.054108 -0.221274 -0.099832 0.889265 -0.387660
1732439102.541182041 0.294911 0.903307 -0.053804 -0.220414 -0.103299 0.882228 -0.403014
1732439102.641211033 0.273357 0.852547 -0.053405 -0.216882 -0.106888 0.875226 -0.418947
1732439102.741457701 0.250528 0.799083 -0.052735 -0.214936 -0.109914 0.867498 -0.434935
1732439102.841308355 0.228327 0.744682 -0.051939 -0.212641 -0.112703 0.859644 -0.450659
1732439102.941546917 0.209985 0.688728 -0.049910 -0.209721 -0.116231 0.852057 -0.465302
1732439103.041235209 0.192339 0.631453 -0.049760 -0.206713 -0.119304 0.843758 -0.480738
1732439103.141317129 0.175923 0.574094 -0.048832 -0.204942 -0.122358 0.835138 -0.495551
1732439103.241494656 0.163272 0.516371 -0.048266 0.202191 0.126173 -0.826735 0.509616
1732439103.341324806 0.152534 0.458346 -0.047319 0.199716 0.130241 -0.817634 0.524048
1732439103.441284418 0.145432 0.403841 -0.046639 0.195680 0.132568 -0.809099 0.538046
1732439103.541506290 0.141456 0.349873 -0.045571 0.191904 0.135713 -0.800381 0.551494
1732439103.641345024 0.135681 0.293257 -0.044906 0.190854 0.139692 -0.790513 0.564934
1732439103.741488695 0.133417 0.236942 -0.044148 0.187723 0.142551 -0.780709 0.578733
1732439103.841589689 0.133990 0.178939 -0.043773 0.185022 0.146390 -0.770477 0.592201
1732439103.941488266 0.134937 0.120162 -0.042594 0.183305 0.149973 -0.759368 0.606026
1732439104.041268110 0.138392 0.063041 -0.041631 0.181215 0.153162 -0.748937 0.618705
1732439104.141326666 0.144272 0.006793 -0.040812 0.177688 0.155488 -0.738492 0.631570
1732439104.241326332 0.150152 -0.050468 -0.039474 0.175943 0.159222 -0.729022 0.642044
1732439104.341578960 0.157562 -0.104112 -0.039118 0.172325 0.161637 -0.721692 0.650644
1732439104.441553354 0.158389 -0.156477 -0.037671 0.172904 0.163710 -0.716251 0.655963
1732439104.541512728 0.160170 -0.200896 -0.036661 0.171948 0.164857 -0.714018 0.658357
1732439104.641329288 0.158004 -0.235930 -0.035873 0.173087 0.164741 -0.713009 0.659181
1732439104.741509676 0.158834 -0.259275 -0.035690 0.171539 0.164857 -0.712518 0.660087
1732439104.841355801 0.157301 -0.273828 -0.035079 0.171913 0.164509 -0.712027 0.660606
1732439104.941534996 0.157554 -0.277877 -0.034867 0.171343 0.164304 -0.712026 0.660806
1732439105.041341066 0.157653 -0.273092 -0.035018 0.170174 0.162952 -0.712493 0.660939
1732439105.141339302 0.158089 -0.270763 -0.034908 0.170155 0.163074 -0.712353 0.661065
1732439105.241471529 0.158300 -0.272505 -0.034995 0.170430 0.163386 -0.712251 0.661027
1732439105.341282368 0.158201 -0.271933 -0.035006 0.170339 0.163121 -0.712251 0.661116
1732439105.441295147 0.158336 -0.271922 -0.035323 0.170278 0.163303 -0.712318 0.661015
1732439105.541510344 0.158030 -0.272174 -0.034957 0.170396 0.163261 -0.712311 0.661002
1732439105.641569376 0.157983 -0.272051 -0.035123 0.170252 0.163225 -0.712302 0.661058
1732439105.741086960 0.158153 -0.272049 -0.034920 0.170293 0.163278 -0.712297 0.661039
1732439105.841244221 0.157709 -0.271839 -0.035324 0.170238 0.163214 -0.712362 0.661000
1732439105.941485643 0.157703 -0.272264 -0.034955 0.170234 0.163217 -0.712345 0.661018
1732439106.042040586 0.157614 -0.272074 -0.034869 0.170127 0.163159 -0.712379 0.661024
1732439106.141299009 0.157714 -0.272155 -0.034629 0.170262 0.163232 -0.712336 0.661017
1732439106.241489887 0.158210 -0.271905 -0.034812 0.170270 0.163091 -0.712394 0.660988
1732439106.341293573 0.158683 -0.271996 -0.034832 0.170378 0.163238 -0.712321 0.661002
1732439106.441359282 0.158637 -0.272082 -0.035095 0.170292 0.163168 -0.712333 0.661029
1732439106.541527033 0.158952 -0.272074 -0.035002 0.170342 0.163260 -0.712288 0.661042
1732439106.641298532 0.158665 -0.272072 -0.034633 0.170326 0.163069 -0.712294 0.661086
1732439106.741334438 0.158632 -0.272009 -0.034935 0.170294 0.163166 -0.712306 0.661057
1732439106.841500998 0.158704 -0.271647 -0.034729 0.170349 0.163242 -0.712265 0.661069
1732439106.941287756 0.158483 -0.271921 -0.035182 0.170298 0.163238 -0.712334 0.661009
1732439107.041467905 0.158890 -0.272155 -0.034669 0.170283 0.163196 -0.712303 0.661057
1732439107.141604900 0.158801 -0.271926 -0.034865 0.170249 0.163157 -0.712354 0.661019
1732439107.241441965 0.158578 -0.271966 -0.034617 0.170349 0.163200 -0.712313 0.661028
1732439107.341640472 0.158206 -0.272264 -0.034880 0.170184 0.163139 -0.712372 0.661021
1732439107.441302299 0.158315 -0.272135 -0.034708 0.170231 0.163209 -0.712318 0.661050
1732439107.541565895 0.158074 -0.272243 -0.034814 0.170158 0.163187 -0.712340 0.661051
1732439107.641376734 0.157958 -0.272165 -0.034453 0.170166 0.163146 -0.712347 0.661051
1732439107.741345882 0.157623 -0.272539 -0.034706 0.170134 0.163151 -0.712312 0.661096
1732439107.841333151 0.157871 -0.272158 -0.034589 0.170219 0.163133 -0.712346 0.661042
1732439107.941300154 0.157883 -0.272279 -0.034922 0.170249 0.163168 -0.712321 0.661053
1732439108.041465521 0.157804 -0.271914 -0.034862 0.170228 0.163158 -0.712351 0.661028
1732439108.141412258 0.157772 -0.271963 -0.035143 0.170178 0.163236 -0.712338 0.661035
1732439108.241460562 0.157904 -0.271782 -0.035207 0.170220 0.163254 -0.712335 0.661024
1732439108.341691971 0.157835 -0.271899 -0.035322 0.170212 0.163245 -0.712315 0.661049
1732439108.441470146 0.158133 -0.271816 -0.035410 0.170241 0.163237 -0.712333 0.661025
1732439108.541436672 0.158246 -0.271640 -0.035510 0.170279 0.163231 -0.712293 0.661060
1732439108.641415119 0.158476 -0.271411 -0.035670 0.170416 0.163331 -0.712294 0.660998
1732439108.741597652 0.158304 -0.271421 -0.035619 0.170432 0.163193 -0.712315 0.661006
1732439108.841442823 0.158128 -0.271629 -0.035571 0.170319 0.163272 -0.712315 0.661016
1732439108.941630125 0.157914 -0.271483 -0.035209 0.170269 0.163180 -0.712309 0.661058
1732439109.041357279 0.157976 -0.271821 -0.035389 0.170260 0.163321 -0.712261 0.661077
1732439109.141479731 0.157796 -0.272018 -0.035213 0.170202 0.163188 -0.712284 0.661099
1732439109.241379261 0.157762 -0.272505 -0.035044 0.170129 0.163224 -0.712306 0.661086
1732439109.341712952 0.157716 -0.272206 -0.034903 0.170060 0.163155 -0.712314 0.661112
1732439109.441340446 0.157826 -0.272262 -0.034859 0.170162 0.163259 -0.712317 0.661056
1732439109.541588545 0.157758 -0.272215 -0.034788 0.170067 0.163131 -0.712294 0.661137
1732439109.641352177 0.158170 -0.271862 -0.034942 0.170159 0.163153 -0.712304 0.661098
1732439109.741595507 0.158085 -0.271754 -0.035170 0.170264 0.163235 -0.712339 0.661013
