1732438956.941261053 0.213113 0.034432 -0.042399 -0.012534 0.243052 -0.000884 0.969932
1732438957.042019367 0.252024 0.036780 -0.041361 -0.012197 0.241215 -0.000868 0.970395
1732438957.141975164 0.311331 0.041199 -0.042712 -0.013206 0.242589 -0.003328 0.970034
1732438957.241213322 0.378972 0.044196 -0.044191 -0.012894 0.245013 -0.007844 0.969402
1732438957.342041492 0.453053 0.038018 -0.043949 -0.009301 0.248640 -0.011802 0.968479
1732438957.441157341 0.525019 0.040747 -0.046004 -0.010405 0.247663 -0.019218 0.968600
1732438957.542070389 0.596161 0.033634 -0.045169 -0.007291 0.247160 -0.025820 0.968603
1732438957.641333818 0.666973 0.029256 -0.046498 -0.006194 0.247801 -0.033215 0.968222
1732438957.741195679 0.737021 0.022122 -0.046449 -0.003704 0.247834 -0.038986 0.968011
1732438957.841326714 0.808129 0.020770 -0.047843 -0.004555 0.248576 -0.043367 0.967630
1732438957.941241026 0.877229 0.017816 -0.048634 -0.003781 0.247249 -0.045897 0.967857
1732438958.041035891 0.945044 0.012737 -0.049529 -0.003013 0.245805 -0.046185 0.968214
1732438958.141350508 1.015801 0.006241 -0.048819 -0.000864 0.246105 -0.048925 0.968007
1732438958.241257906 1.085969 0.001019 -0.049102 -0.000423 0.244600 -0.054842 0.968072
1732438958.342068195 1.159544 -0.008497 -0.048587 0.001292 0.244932 -0.061235 0.967604
1732438958.441258907 1.232120 -0.019472 -0.050010 0.003052 0.244573 -0.070216 0.967080
1732438958.541236401 1.303522 -0.031038 -0.049974 0.004339 0.244563 -0.079237 0.966381
1732438958.641315937 1.375256 -0.045890 -0.049933 0.006642 0.244645 -0.087178 0.965663
1732438958.741327286 1.445703 -0.056604 -0.050318 0.006624 0.243429 -0.092176 0.965506
1732438958.842023373 1.518378 -0.068888 -0.050733 0.007890 0.244532 -0.094790 0.964965
1732438958.942045450 1.591168 -0.080223 -0.050673 0.008562 0.244165 -0.096028 0.964929
1732438959.041282654 1.664239 -0.088733 -0.050344 0.007903 0.243778 -0.096569 0.964979
1732438959.141439438 1.736863 -0.099805 -0.049904 0.008695 0.242293 -0.096052 0.965398
1732438959.241217375 1.812059 -0.110296 -0.049535 0.009012 0.242328 -0.095634 0.965427
1732438959.342002153 1.889945 -0.120179 -0.049344 0.008742 0.242705 -0.095599 0.965339
1732438959.441235304 1.964562 -0.130503 -0.049411 0.008908 0.241808 -0.095139 0.965608
1732438959.541223288 2.041751 -0.137925 -0.049660 0.007478 0.241249 -0.095254 0.965748
1732438959.641984940 2.119620 -0.149108 -0.049151 0.008092 0.240864 -0.095184 0.965846
1732438959.742129087 2.198899 -0.157726 -0.049336 0.006863 0.241703 -0.095108 0.965654
1732438959.841998816 2.277832 -0.167982 -0.049879 0.006725 0.241866 -0.096022 0.965523
1732438959.941268921 2.358729 -0.182398 -0.051025 0.008084 0.242851 -0.098357 0.965031
1732438960.042069674 2.440361 -0.198191 -0.049678 0.009711 0.242799 -0.104336 0.964401
1732438960.141289949 2.520025 -0.218904 -0.049151 0.012847 0.241582 -0.112185 0.963788
1732438960.242100954 2.604129 -0.240830 -0.047952 0.015709 0.242874 -0.121170 0.962332
1732438960.341364861 2.684442 -0.263002 -0.047791 0.017666 0.240829 -0.132098 0.961374
1732438960.442209959 2.767610 -0.288856 -0.047615 0.020259 0.241806 -0.141075 0.959801
1732438960.542044878 2.848079 -0.311959 -0.047118 0.021500 0.240915 -0.147516 0.959029
1732438960.641403675 2.924836 -0.335499 -0.045633 0.023598 0.238893 -0.151109 0.958926
1732438960.741379738 3.003679 -0.356155 -0.045329 0.023735 0.240002 -0.152103 0.958489
1732438960.841419697 3.081168 -0.372380 -0.045699 0.022545 0.239419 -0.150609 0.958899
1732438960.942067862 3.156931 -0.390755 -0.046014 0.022755 0.240336 -0.145420 0.959465
1732438961.041363955 3.230756 -0.401396 -0.045113 0.020487 0.240376 -0.137236 0.960711
1732438961.141215563 3.303711 -0.409660 -0.044903 0.018220 0.239672 -0.126830 0.962361
1732438961.242086887 3.380060 -0.415704 -0.045169 0.015768 0.241274 -0.114837 0.963509
1732438961.341220379 3.455301 -0.420386 -0.045158 0.013619 0.242931 -0.102909 0.964473
1732438961.442115545 3.531705 -0.421569 -0.045495 0.010247 0.242934 -0.090524 0.965755
1732438961.541268587 3.609737 -0.419452 -0.046824 0.006254 0.243172 -0.079573 0.966694
1732438961.641186476 3.688315 -0.415908 -0.047732 0.002362 0.244185 -0.066549 0.967439
1732438961.742140532 3.768785 -0.411567 -0.048107 -0.000521 0.244766 -0.054458 0.968051
1732438961.842061043 3.847254 -0.404696 -0.048898 -0.003551 0.244377 -0.041914 0.968768
1732438961.941267729 3.926741 -0.397077 -0.049552 -0.006277 0.244468 -0.029200 0.969197
1732438962.041271448 4.010056 -0.383674 -0.051959 -0.010760 0.246038 -0.016179 0.969065
1732438962.142018318 4.093110 -0.371761 -0.052136 -0.013571 0.246764 -0.003183 0.968975
1732438962.241263390 4.175015 -0.355085 -0.052489 -0.017140 0.246710 0.010041 0.968886
1732438962.341241837 4.256847 -0.336712 -0.052761 -0.020065 0.245671 0.024685 0.968831
1732438962.441320419 4.340596 -0.311563 -0.053396 -0.025437 0.246523 0.040011 0.967976
1732438962.542137384 4.425716 -0.288862 -0.054190 -0.027838 0.246345 0.055590 0.967186
1732438962.641366720 4.506767 -0.260938 -0.055331 -0.031680 0.244774 0.070309 0.966509
1732438962.741270781 4.588838 -0.230589 -0.056004 -0.035231 0.243452 0.086232 0.965429
1732438962.842059851 4.671156 -0.196947 -0.057103 -0.039051 0.243221 0.101446 0.963861
1732438962.941347837 4.750769 -0.162479 -0.058075 -0.042922 0.243525 0.116356 0.961933
1732438963.041235447 4.828170 -0.126673 -0.058935 -0.046008 0.244033 0.130043 0.959906
1732438963.141368628 4.900621 -0.089040 -0.059364 -0.049159 0.242717 0.144423 0.958026
1732438963.242162466 4.972380 -0.048978 -0.059761 -0.052355 0.242212 0.159130 0.955652
1732438963.341390848 5.041165 -0.008853 -0.060615 -0.055252 0.242250 0.172585 0.953140
1732438963.441313028 5.107019 0.034518 -0.061250 -0.059001 0.241664 0.186697 0.950401
1732438963.542216778 5.171943 0.078735 -0.061272 -0.062094 0.241260 0.202025 0.947166
1732438963.641390800 5.229226 0.123972 -0.060744 -0.066347 0.239301 0.216783 0.944107
1732438963.741409540 5.286228 0.170846 -0.060036 -0.070442 0.238382 0.232985 0.940176
1732438963.841184855 5.340996 0.217563 -0.058568 -0.074265 0.238162 0.249003 0.935821
1732438963.941439390 5.392051 0.267633 -0.057415 -0.079431 0.237102 0.265725 0.931055
1732438964.041258097 5.436367 0.317118 -0.058050 -0.082594 0.235339 0.282970 0.926133
1732438964.142071486 5.478801 0.371156 -0.058681 -0.088151 0.234806 0.300531 0.920205
1732438964.241377831 5.519751 0.423564 -0.059120 -0.092080 0.233448 0.317424 0.914475
1732438964.341272354 5.558744 0.478698 -0.059000 -0.096582 0.232512 0.333984 0.908331
1732438964.441081285 5.593869 0.531285 -0.059248 -0.098987 0.229110 0.351067 0.902476
1732438964.541351318 5.629487 0.585625 -0.059889 -0.101690 0.228120 0.367795 0.895739
1732438964.641390800 5.661375 0.640823 -0.059868 -0.104981 0.226428 0.383446 0.889201
1732438964.741646290 5.690649 0.695641 -0.059974 -0.107668 0.223808 0.399440 0.882477
1732438964.841209173 5.717743 0.752035 -0.060476 -0.111625 0.222550 0.414079 0.875528
1732438964.941387177 5.744077 0.807747 -0.061046 -0.114451 0.220215 0.425198 0.870410
1732438965.041491270 5.771281 0.861370 -0.062258 -0.116915 0.218724 0.432241 0.866983
1732438965.141466379 5.801903 0.910514 -0.062843 -0.118507 0.220502 0.435450 0.864707
1732438965.241351604 5.827415 0.947960 -0.062701 -0.118355 0.220492 0.434333 0.865292
1732438965.341480732 5.846667 0.972190 -0.063113 -0.117869 0.220850 0.432041 0.866414
1732438965.442141056 5.855851 0.982837 -0.062955 -0.117193 0.220746 0.430364 0.867366
1732438965.541432858 5.855553 0.981937 -0.063177 -0.116978 0.220165 0.430533 0.867459
1732438965.641273022 5.848584 0.974649 -0.063191 -0.117184 0.219583 0.431571 0.867063
1732438965.741305113 5.838487 0.963337 -0.062871 -0.117526 0.218786 0.434516 0.865746
1732438965.841460466 5.824069 0.948233 -0.062533 -0.119009 0.218651 0.438869 0.863378
1732438965.941373587 5.805322 0.927729 -0.062438 -0.120389 0.218151 0.444773 0.860287
1732438966.042232037 5.781651 0.901195 -0.062278 -0.122496 0.217151 0.452012 0.856461
1732438966.142103672 5.754776 0.869733 -0.062050 -0.124835 0.216528 0.460349 0.851828
1732438966.241313696 5.725637 0.832397 -0.061794 -0.126836 0.215517 0.468881 0.847122
1732438966.341419458 5.694327 0.789332 -0.061238 -0.129006 0.214891 0.477902 0.841896
1732438966.441369295 5.658692 0.740484 -0.060946 -0.131271 0.212193 0.486838 0.837097
1732438966.542180300 5.624608 0.686602 -0.060303 -0.133343 0.211479 0.496934 0.830995
1732438966.641463518 5.587762 0.630715 -0.060353 -0.136761 0.209949 0.506355 0.825120
1732438966.741340399 5.553165 0.570581 -0.059490 -0.139918 0.210236 0.515765 0.818664
1732438966.841545582 5.516210 0.507399 -0.058518 -0.143630 0.208704 0.524238 0.813011
1732438966.941407204 5.483715 0.441505 -0.057881 -0.146066 0.207596 0.533705 0.806677
1732438967.041304827 5.448219 0.375766 -0.056842 -0.149399 0.205132 0.541337 0.801595
1732438967.141436100 5.419139 0.306362 -0.055700 -0.150380 0.203885 0.549681 0.796032
1732438967.241357565 5.388830 0.236948 -0.054466 -0.152449 0.201841 0.557727 0.790544
1732438967.341492891 5.362150 0.166460 -0.053119 -0.154021 0.200926 0.565792 0.784720
1732438967.441498756 5.337098 0.095545 -0.051858 -0.155192 0.199812 0.573664 0.779038
1732438967.541317940 5.311981 0.024679 -0.050323 -0.156615 0.197350 0.580802 0.774076
1732438967.641469240 5.290893 -0.043737 -0.048410 -0.158504 0.197099 0.588148 0.768186
1732438967.741325140 5.268393 -0.111136 -0.047791 -0.160285 0.194193 0.595485 0.762886
1732438967.841168880 5.250850 -0.175468 -0.046717 -0.161927 0.193230 0.602287 0.757425
1732438967.941434145 5.233692 -0.237257 -0.045802 -0.164676 0.192544 0.607876 0.752526
1732438968.041351318 5.219015 -0.297657 -0.044660 -0.166114 0.191133 0.613626 0.747889
1732438968.141496658 5.206216 -0.355136 -0.043801 -0.167216 0.190341 0.618533 0.743792
1732438968.241420746 5.197014 -0.409333 -0.042429 -0.168048 0.190339 0.622719 0.740102
1732438968.341578960 5.187104 -0.459145 -0.041483 -0.169305 0.189361 0.625153 0.738013
1732438968.441508293 5.182158 -0.504507 -0.040176 -0.168968 0.189225 0.626927 0.736619
1732438968.540982962 5.177764 -0.541704 -0.039307 -0.168536 0.188828 0.627878 0.736008
1732438968.641545296 5.176231 -0.566490 -0.038579 -0.167694 0.188452 0.627582 0.736550
1732438968.741432667 5.176460 -0.575347 -0.038352 -0.166963 0.188645 0.627688 0.736576
1732438968.841289520 5.176372 -0.568444 -0.038851 -0.168659 0.189723 0.627598 0.735989
1732438968.942135334 5.176073 -0.557233 -0.038927 -0.168791 0.189037 0.629017 0.734923
1732438969.041610003 5.175081 -0.540727 -0.039025 -0.169441 0.188206 0.631327 0.733004
1732438969.141494036 5.173792 -0.518343 -0.039191 -0.170012 0.187405 0.634571 0.730271
1732438969.241409540 5.171824 -0.489500 -0.039529 -0.171170 0.186555 0.638604 0.726693
1732438969.341086626 5.169307 -0.454352 -0.040139 -0.171862 0.185367 0.643761 0.722270
1732438969.441354275 5.166031 -0.411402 -0.041201 -0.172953 0.184498 0.649842 0.716766
1732438969.541455507 5.159584 -0.362640 -0.041808 -0.174551 0.182142 0.656793 0.710619
1732438969.641125441 5.154029 -0.308182 -0.042777 -0.175681 0.180679 0.664504 0.703510
1732438969.741318226 5.144856 -0.247838 -0.043816 -0.177631 0.178574 0.672127 0.696279
1732438969.841441393 5.136225 -0.181162 -0.044589 -0.179251 0.176962 0.678632 0.689936
1732438969.941534281 5.128583 -0.108567 -0.046242 -0.180535 0.176827 0.682016 0.686290
1732438970.041528702 5.122921 -0.033527 -0.047314 -0.180052 0.175867 0.684478 0.684209
1732438970.141383886 5.117010 0.044573 -0.048057 -0.179929 0.175154 0.685995 0.682904
1732438970.241328478 5.110994 0.123216 -0.049323 -0.180097 0.174696 0.687332 0.681631
1732438970.341419458 5.103767 0.204247 -0.050388 -0.181906 0.175422 0.687849 0.680442
1732438970.441301823 5.099230 0.282598 -0.051992 -0.181830 0.176006 0.688756 0.679393
1732438970.541523695 5.090472 0.358192 -0.053040 -0.182302 0.174919 0.692504 0.675728
1732438970.641517639 5.077562 0.427720 -0.054004 -0.183479 0.172594 0.699126 0.669156
1732438970.741695404 5.062722 0.490753 -0.054421 -0.184098 0.170288 0.707483 0.660740
1732438970.841521263 5.042032 0.548849 -0.055236 -0.187254 0.166764 0.716919 0.650502
1732438970.941407442 5.020490 0.603568 -0.056194 -0.190612 0.164614 0.727217 0.638533
1732438971.041708708 5.000389 0.653871 -0.056199 -0.191641 0.161812 0.737604 0.626922
1732438971.141537189 4.977438 0.700428 -0.056284 -0.193842 0.158618 0.746640 0.616274
1732438971.241250515 4.956057 0.741251 -0.055867 -0.194386 0.154983 0.755683 0.605919
1732438971.341536999 4.933950 0.781697 -0.056797 -0.196578 0.152323 0.763406 0.596126
1732438971.441451788 4.912780 0.819068 -0.057115 -0.198263 0.149890 0.770207 0.587373
1732438971.541590691 4.892023 0.853762 -0.056746 -0.199591 0.147200 0.776961 0.578642
1732438971.641537666 4.872038 0.887368 -0.057127 -0.200952 0.145358 0.782711 0.570835
1732438971.741361380 4.852028 0.919745 -0.057626 -0.201828 0.143323 0.788557 0.562941
1732438971.841251612 4.831126 0.952536 -0.058150 -0.202843 0.141381 0.794525 0.554613
1732438971.941428185 4.807531 0.985208 -0.058710 -0.204732 0.139108 0.800019 0.546538
1732438972.041381121 4.784616 1.018200 -0.058394 -0.206199 0.137842 0.805725 0.537856
1732438972.141609669 4.759625 1.050567 -0.058912 -0.207433 0.135579 0.811286 0.529533
1732438972.241394043 4.732402 1.083599 -0.059621 -0.209172 0.133135 0.816878 0.520800
1732438972.341251135 4.704166 1.116263 -0.060307 -0.210529 0.130517 0.822637 0.511773
1732438972.441512585 4.675086 1.150811 -0.059953 -0.213042 0.129073 0.828292 0.501883
1732438972.541391850 4.644077 1.181547 -0.060921 -0.213583 0.125213 0.834362 0.492487
1732438972.641577959 4.612235 1.214562 -0.061108 -0.215326 0.122847 0.840282 0.482150
1732438972.741502285 4.577371 1.245970 -0.061432 -0.217001 0.118867 0.846266 0.471820
1732438972.841333151 4.542578 1.277912 -0.061985 -0.218289 0.115880 0.852296 0.460992
1732438972.941404819 4.506093 1.309920 -0.062219 -0.219930 0.113050 0.858367 0.449508
1732438973.041374922 4.467188 1.340002 -0.062191 -0.221576 0.109291 0.864306 0.438104
1732438973.141649961 4.429891 1.371285 -0.062281 -0.222171 0.106871 0.870370 0.426233
1732438973.241625071 4.389461 1.400451 -0.062810 -0.222555 0.103166 0.876386 0.414455
1732438973.341599941 4.348323 1.431333 -0.062593 -0.223763 0.100751 0.882204 0.401866
1732438973.441209793 4.304800 1.460412 -0.062950 -0.225375 0.097459 0.887384 0.390202
1732438973.541214466 4.260232 1.489672 -0.063251 -0.226967 0.094950 0.892629 0.377735
1732438973.641436338 4.213278 1.517375 -0.063541 -0.228305 0.091458 0.897739 0.365481
1732438973.741464853 4.165688 1.544923 -0.063867 -0.230102 0.088579 0.902828 0.352289
1732438973.841434717 4.115351 1.568676 -0.063707 -0.232089 0.084335 0.907957 0.338579
1732438973.941353798 4.064473 1.593168 -0.064103 -0.233964 0.080943 0.913101 0.323968
1732438974.041419029 4.011981 1.612366 -0.064257 -0.234528 0.075588 0.918207 0.310126
1732438974.141574144 3.958491 1.633229 -0.064527 -0.235574 0.071893 0.923123 0.295262
1732438974.241508961 3.904962 1.651093 -0.064615 -0.236772 0.067517 0.927696 0.280642
1732438974.341672659 3.852982 1.668420 -0.065024 -0.236926 0.064075 0.932428 0.265212
1732438974.441319466 3.800352 1.683345 -0.065135 -0.237994 0.060703 0.936444 0.250494
1732438974.541528225 3.748641 1.696183 -0.065779 -0.238060 0.056825 0.940529 0.235593
1732438974.640959501 3.697004 1.707474 -0.065435 -0.238672 0.053187 0.943999 0.221526
1732438974.741657257 3.645636 1.718019 -0.065430 -0.238661 0.049990 0.947545 0.206639
1732438974.841630697 3.594852 1.725645 -0.064724 -0.239436 0.046312 0.950449 0.192800
1732438974.941472292 3.544133 1.731519 -0.064419 -0.240137 0.042612 0.953165 0.178871
1732438975.041385412 3.494345 1.736256 -0.064385 -0.241192 0.039042 0.955582 0.164816
1732438975.141492367 3.446648 1.738781 -0.064296 -0.241077 0.035879 0.957938 0.151491
1732438975.241443396 3.399568 1.739321 -0.064360 -0.241040 0.031998 0.960047 0.138509
1732438975.341363668 3.351993 1.739816 -0.064649 -0.242097 0.028644 0.961633 0.125819
1732438975.441392422 3.303670 1.739252 -0.065430 -0.242561 0.025415 0.963186 0.113099
1732438975.541415691 3.255584 1.736518 -0.065463 -0.243588 0.021765 0.964401 0.100605
1732438975.641479969 3.207299 1.735028 -0.065962 -0.244030 0.019526 0.965595 0.087720
1732438975.741447926 3.157312 1.731657 -0.066137 -0.244793 0.016691 0.966556 0.074613
1732438975.841606140 3.107898 1.726102 -0.066339 -0.244761 0.013345 0.967490 0.062266
1732438975.941460848 3.056745 1.720465 -0.066512 -0.245119 0.010373 0.968050 0.051842
1732438976.041419029 3.006131 1.717280 -0.066857 -0.244537 0.008739 0.968586 0.044345
1732438976.141642332 2.952627 1.716620 -0.067156 -0.245461 0.007844 0.968514 0.040853
1732438976.241449356 2.897986 1.716028 -0.067600 -0.245529 0.006893 0.968557 0.039559
1732438976.341381311 2.842892 1.717919 -0.067823 -0.245180 0.007090 0.968631 0.039874
1732438976.441418171 2.788486 1.719991 -0.067758 -0.244634 0.007560 0.968751 0.040228
1732438976.541410208 2.731637 1.723831 -0.067403 -0.245088 0.008474 0.968608 0.040728
1732438976.641587734 2.675344 1.725122 -0.067584 -0.243842 0.008290 0.968882 0.041707
1732438976.741491556 2.618693 1.728507 -0.067363 -0.243824 0.009072 0.968881 0.041677
1732438976.841298580 2.562588 1.730463 -0.067364 -0.243632 0.008991 0.968895 0.042486
1732438976.941584349 2.506981 1.732128 -0.067336 -0.243723 0.008655 0.968838 0.043324
1732438977.041490793 2.453032 1.733737 -0.067343 -0.243180 0.008285 0.968983 0.043211
1732438977.141327858 2.398937 1.735935 -0.067415 -0.243105 0.008353 0.969013 0.042946
1732438977.241510630 2.343856 1.738861 -0.067031 -0.243787 0.008686 0.968849 0.042703
1732438977.341487408 2.289080 1.739802 -0.066807 -0.243018 0.008118 0.969033 0.043026
1732438977.441707850 2.232597 1.742950 -0.064332 -0.242331 0.008372 0.969225 0.042524
1732438977.541643858 2.176287 1.744952 -0.063348 -0.242854 0.008337 0.969096 0.042479
1732438977.640957832 2.120403 1.746735 -0.062741 -0.242802 0.007879 0.969113 0.042488
1732438977.741453171 2.063230 1.748006 -0.063215 -0.243692 0.007969 0.968890 0.042455
1732438977.841540813 2.006580 1.748812 -0.063527 -0.244170 0.007807 0.968786 0.042115
1732438977.940988779 1.950435 1.750307 -0.063294 -0.243894 0.007800 0.968867 0.041850
1732438978.041049719 1.893899 1.751322 -0.062921 -0.243476 0.007413 0.968977 0.041800
1732438978.141018867 1.838051 1.751675 -0.062756 -0.243330 0.006771 0.969032 0.041481
1732438978.241441011 1.782501 1.753710 -0.062805 -0.242841 0.006938 0.969160 0.041335
1732438978.341379642 1.726639 1.753500 -0.062339 -0.243592 0.005960 0.968985 0.041166
1732438978.441502810 1.672316 1.755248 -0.062323 -0.242737 0.006125 0.969226 0.040512
1732438978.541499376 1.617651 1.754992 -0.062334 -0.242399 0.005712 0.969403 0.038314
1732438978.641581297 1.563031 1.753842 -0.062379 -0.242687 0.005330 0.969547 0.032446
1732438978.741511822 1.509539 1.747058 -0.062109 -0.242173 0.002921 0.969910 0.024881
1732438978.840979099 1.457178 1.738308 -0.061857 -0.241013 0.000320 0.970418 0.014174
1732438978.941529036 1.404144 1.725303 -0.061926 -0.241097 -0.003653 0.970493 0.001458
1732438979.041445732 1.352097 1.711314 -0.061830 -0.240751 -0.007299 0.970473 -0.012949
1732438979.141513348 1.299432 1.693851 -0.062269 -0.241674 -0.011633 0.969903 -0.027342
1732438979.241476297 1.248878 1.675818 -0.062638 -0.241034 -0.015511 0.969463 -0.042480
1732438979.341384172 1.197543 1.655253 -0.062251 -0.240960 -0.019686 0.968618 -0.057706
1732438979.441552877 1.146506 1.634065 -0.062216 -0.240710 -0.023269 0.967557 -0.073144
1732438979.541430235 1.096295 1.612082 -0.061442 -0.240767 -0.026676 0.966197 -0.088221
1732438979.641037703 1.050210 1.586996 -0.061230 -0.239811 -0.031102 0.964894 -0.102486
1732438979.741486073 1.003976 1.564850 -0.060293 -0.240279 -0.033359 0.963091 -0.116660
1732438979.841147900 0.960963 1.541481 -0.060437 -0.239119 -0.036074 0.961504 -0.130502
1732438979.941516638 0.919224 1.515590 -0.060127 -0.238881 -0.039704 0.959572 -0.143459
1732438980.041415215 0.879221 1.490753 -0.059737 -0.238570 -0.042835 0.957483 -0.156449
1732438980.141098499 0.843920 1.465938 -0.059504 -0.237147 -0.045751 0.955700 -0.168242
1732438980.241504431 0.808818 1.441134 -0.059336 -0.236447 -0.048112 0.953681 -0.179639
1732438980.341078758 0.774377 1.415497 -0.058930 -0.236196 -0.051207 0.951356 -0.191077
1732438980.441486597 0.739159 1.388953 -0.058723 -0.236311 -0.053980 0.948819 -0.202447
1732438980.541457653 0.707437 1.362772 -0.058361 -0.234852 -0.056164 0.946540 -0.213896
1732438980.641010761 0.674873 1.334542 -0.057908 -0.233961 -0.058991 0.943887 -0.225520
1732438980.741478443 0.643759 1.304293 -0.057650 -0.232501 -0.062171 0.941235 -0.236968
1732438980.841388702 0.612376 1.273539 -0.057288 -0.231438 -0.065149 0.938122 -0.249237
1732438980.941563845 0.580259 1.241082 -0.057485 -0.231134 -0.068198 0.934629 -0.261524
1732438981.041471481 0.549595 1.206777 -0.057085 -0.230344 -0.071827 0.931085 -0.273611
1732438981.140996456 0.518957 1.172811 -0.056820 -0.229356 -0.074488 0.927322 -0.286217
1732438981.240945816 0.487530 1.136786 -0.056974 -0.228481 -0.077348 0.923297 -0.298891
1732438981.341406345 0.456302 1.099702 -0.056564 -0.227614 -0.079899 0.918855 -0.312271
1732438981.441010475 0.427823 1.059413 -0.055999 -0.226724 -0.083833 0.914277 -0.325064
1732438981.541049004 0.398990 1.020031 -0.055056 -0.225167 -0.086319 0.909314 -0.339113
1732438981.641148806 0.370815 0.976509 -0.054846 -0.223841 -0.089578 0.904453 -0.351902
1732438981.741004467 0.342461 0.933068 -0.054119 -0.223377 -0.092561 0.898753 -0.365756
1732438981.841532707 0.315419 0.886577 -0.054307 -0.222248 -0.096040 0.893085 -0.379185
1732438981.941792965 0.292365 0.841382 -0.053574 -0.219751 -0.099358 0.887222 -0.393287
1732438982.040921211 0.269281 0.794627 -0.053056 -0.218510 -0.102838 0.881039 -0.406752
1732438982.141575336 0.248537 0.748052 -0.052295 -0.215828 -0.105621 0.875041 -0.420198
1732438982.241055250 0.228199 0.702123 -0.050807 -0.214004 -0.108119 0.868650 -0.433543
1732438982.341416359 0.212008 0.652229 -0.051388 -0.212329 -0.112907 0.862177 -0.445891
1732438982.441386938 0.192652 0.608907 -0.050178 -0.210026 -0.112904 0.856251 -0.458232
1732438982.541161776 0.177810 0.559996 -0.050088 -0.208111 -0.116713 0.849235 -0.471028
1732438982.641635895 0.163685 0.513227 -0.049343 -0.204886 -0.118552 0.842279 -0.484287
1732438982.741522789 0.152287 0.463636 -0.048971 -0.203258 -0.122550 0.834918 -0.496567
1732438982.841062784 0.141749 0.415584 -0.048033 0.200967 0.124932 -0.827254 0.509564
1732438982.941070080 0.133185 0.366259 -0.047023 0.198435 0.128173 -0.819848 0.521579
1732438983.041501999 0.127249 0.316697 -0.046490 0.194787 0.131284 -0.812109 0.534135
1732438983.141401052 0.120521 0.265981 -0.044927 0.193219 0.135391 -0.803890 0.545982
1732438983.241594553 0.115422 0.216540 -0.043883 0.191189 0.137513 -0.795592 0.558184
1732438983.341129065 0.113285 0.165937 -0.042545 0.188517 0.140437 -0.786763 0.570739
1732438983.441547155 0.108303 0.114715 -0.041157 0.188522 0.142889 -0.777415 0.582810
1732438983.541536331 0.110449 0.064613 -0.040455 0.185104 0.146075 -0.768939 0.594249
1732438983.641175508 0.112856 0.015018 -0.039570 0.182829 0.149638 -0.759890 0.605599
1732438983.741490602 0.115035 -0.034192 -0.039098 0.180626 0.151950 -0.750977 0.616700
1732438983.841615438 0.120588 -0.081804 -0.038457 0.178409 0.155626 -0.742445 0.626679
1732438983.941469193 0.124769 -0.125260 -0.037776 0.176402 0.157635 -0.734693 0.635814
1732438984.041492701 0.129111 -0.165881 -0.037209 0.174406 0.159614 -0.729199 0.642164
1732438984.141444683 0.129581 -0.201949 -0.036575 0.173786 0.160002 -0.725409 0.646514
1732438984.241529226 0.129643 -0.231977 -0.036120 0.173178 0.160205 -0.723815 0.648410
1732438984.341450691 0.129131 -0.253610 -0.035516 0.173384 0.160823 -0.723247 0.648835
1732438984.441037655 0.128007 -0.264711 -0.035560 0.173780 0.160847 -0.723136 0.648848
1732438984.541113377 0.128182 -0.264735 -0.035738 0.173255 0.160721 -0.723070 0.649092
1732438984.641123295 0.128249 -0.258821 -0.035722 0.173017 0.160144 -0.723439 0.648888
1732438984.741499662 0.129514 -0.250016 -0.035529 0.172498 0.160243 -0.722828 0.649681
1732438984.841590881 0.130884 -0.237389 -0.035845 0.172332 0.160723 -0.721682 0.650880
1732438984.941500425 0.134576 -0.219479 -0.035873 0.171978 0.161672 -0.719574 0.653069
1732438985.041465044 0.138076 -0.197032 -0.036682 0.171447 0.162745 -0.716901 0.655875
1732438985.141211987 0.143215 -0.168517 -0.037175 0.170250 0.163921 -0.713700 0.659376
1732438985.241115808 0.148484 -0.134141 -0.037921 0.169303 0.165768 -0.709627 0.663541
1732438985.341068506 0.153648 -0.093905 -0.038386 0.167981 0.166837 -0.705616 0.667872
1732438985.441219330 0.156949 -0.048788 -0.039143 0.166969 0.167845 -0.701143 0.672569
1732438985.541091681 0.161223 -0.000376 -0.039505 0.165902 0.169577 -0.696539 0.677166
1732438985.641540051 0.162552 0.052677 -0.040227 0.164506 0.169332 -0.692527 0.681667
1732438985.741638899 0.165331 0.108527 -0.041427 0.162279 0.170265 -0.688479 0.686056
1732438985.841617823 0.167461 0.165241 -0.043081 0.161289 0.172761 -0.683907 0.690225
1732438985.941653728 0.166816 0.225527 -0.043668 0.159503 0.172460 -0.679649 0.694906
1732438986.041627407 0.166982 0.283852 -0.044272 0.157866 0.173670 -0.675245 0.699258
1732438986.140960217 0.163355 0.342330 -0.044610 0.158034 0.174422 -0.670300 0.703776
1732438986.241631031 0.162434 0.400682 -0.046044 0.156570 0.176262 -0.665702 0.707996
1732438986.341190100 0.157579 0.459046 -0.046141 0.156379 0.176960 -0.660739 0.712499
1732438986.441005468 0.153710 0.516487 -0.047064 0.155907 0.178873 -0.655689 0.716777
1732438986.541696548 0.147581 0.577321 -0.047445 0.153842 0.178379 -0.652045 0.720660
1732438986.641283512 0.142417 0.631773 -0.050520 0.154295 0.181614 -0.647183 0.724130
1732438986.741009951 0.133799 0.689346 -0.050231 0.153676 0.181198 -0.646489 0.724985
1732438986.841634750 0.125566 0.742042 -0.051260 0.153954 0.182536 -0.644982 0.725932
1732438986.941211224 0.117117 0.791386 -0.051425 0.153851 0.182937 -0.644102 0.726634
1732438987.041240931 0.108863 0.838171 -0.052063 0.154013 0.183044 -0.643440 0.727159
1732438987.141627073 0.101275 0.881513 -0.052308 0.154249 0.184124 -0.642565 0.727609
1732438987.241022110 0.095824 0.922928 -0.052684 0.153657 0.185248 -0.642423 0.727575
1732438987.341030359 0.088034 0.962593 -0.053199 0.153961 0.185332 -0.641737 0.728094
1732438987.440956116 0.081956 0.999687 -0.053437 0.153986 0.186111 -0.641319 0.728259
1732438987.541109562 0.074371 1.033598 -0.053759 0.154559 0.185737 -0.640515 0.728940
1732438987.641006947 0.069947 1.063229 -0.053507 0.153601 0.185993 -0.639693 0.729799
1732438987.740971088 0.066688 1.083765 -0.053805 0.153994 0.186811 -0.639325 0.729830
1732438987.841268778 0.063229 1.099234 -0.053617 0.153659 0.186005 -0.639143 0.730265
1732438987.941176653 0.062229 1.107187 -0.054267 0.153335 0.185909 -0.638821 0.730639
1732438988.041001320 0.062206 1.105945 -0.054112 0.153807 0.186232 -0.638689 0.730573
1732438988.141124725 0.063912 1.101279 -0.054489 0.154072 0.187210 -0.638304 0.730604
1732438988.240985394 0.065371 1.095526 -0.054179 0.153930 0.187343 -0.637618 0.731199
1732438988.341502190 0.067740 1.088212 -0.054243 0.153676 0.187301 -0.637198 0.731628
1732438988.441295147 0.071216 1.077946 -0.053970 0.153156 0.187294 -0.635675 0.733063
1732438988.540978909 0.076410 1.061619 -0.054018 0.152558 0.187089 -0.633110 0.735456
1732438988.641516447 0.084797 1.039095 -0.053673 0.151399 0.187867 -0.629462 0.738622
1732438988.741034985 0.095854 1.012198 -0.053403 0.149894 0.188980 -0.625298 0.742173
1732438988.840970755 0.108404 0.980994 -0.053214 0.148223 0.189404 -0.619970 0.746856
1732438988.941287994 0.123783 0.944172 -0.053141 0.146056 0.190188 -0.613792 0.752168
1732438989.040968180 0.139567 0.903123 -0.052929 0.144519 0.189996 -0.607290 0.757770
1732438989.141682386 0.158824 0.857581 -0.052260 0.142901 0.191338 -0.600135 0.763418
1732438989.240987062 0.180813 0.809093 -0.051682 0.140976 0.192250 -0.593101 0.769024
1732438989.341026783 0.205493 0.756035 -0.050759 0.138646 0.192985 -0.584975 0.775460
1732438989.441674709 0.234951 0.699021 -0.050116 0.135961 0.195135 -0.576647 0.781611
1732438989.540944815 0.267088 0.643333 -0.048935 0.132865 0.197196 -0.567891 0.788010
1732438989.641145229 0.300301 0.585417 -0.048899 0.130435 0.198704 -0.558700 0.794580
1732438989.740969181 0.337062 0.528399 -0.048210 0.127589 0.201130 -0.549316 0.800949
1732438989.840909004 0.373680 0.470475 -0.047648 0.125426 0.202726 -0.539310 0.807660
1732438989.941072226 0.412609 0.412959 -0.047296 0.122966 0.205090 -0.529940 0.813622
1732438990.040994167 0.452477 0.360020 -0.047428 0.119288 0.206457 -0.519548 0.820497
1732438990.141556740 0.490695 0.309099 -0.046787 0.117129 0.208072 -0.508412 0.827348
1732438990.241055727 0.531111 0.263650 -0.045323 0.113729 0.210530 -0.497637 0.833727
1732438990.341012001 0.569054 0.222309 -0.045240 0.110247 0.211552 -0.486157 0.840680
1732438990.441171646 0.605148 0.185953 -0.044494 0.107591 0.213061 -0.475546 0.846690
1732438990.540973902 0.638332 0.154676 -0.044128 0.104534 0.214508 -0.465621 0.852207
1732438990.641066551 0.667673 0.128159 -0.043324 0.102056 0.215269 -0.456550 0.857208
1732438990.741306067 0.695804 0.106823 -0.043026 0.098138 0.216199 -0.448995 0.861412
1732438990.841002226 0.720479 0.087519 -0.042615 0.096031 0.216501 -0.440770 0.865810
1732438990.941031933 0.743120 0.063003 -0.043436 0.097073 0.218901 -0.432292 0.869358
1732438991.041177511 0.768775 0.046617 -0.043175 0.093975 0.219759 -0.424778 0.873177
1732438991.141056061 0.791720 0.029291 -0.042956 0.092263 0.220300 -0.417099 0.876917
1732438991.241044044 0.815273 0.014674 -0.042737 0.089690 0.221048 -0.410321 0.880188
1732438991.341050863 0.838532 -0.001578 -0.042814 0.088299 0.222290 -0.402947 0.883416
1732438991.441067457 0.863806 -0.016731 -0.042542 0.085982 0.223553 -0.395643 0.886621
1732438991.541102886 0.890304 -0.032325 -0.042285 0.083762 0.224570 -0.388014 0.889942
1732438991.641654253 0.917556 -0.047606 -0.042133 0.081282 0.225158 -0.379815 0.893553
1732438991.741045237 0.946065 -0.063979 -0.041997 0.079156 0.225922 -0.371186 0.897170
1732438991.841025352 0.977056 -0.081092 -0.041994 0.076639 0.227135 -0.361963 0.900843
1732438991.941160917 1.010071 -0.099056 -0.041534 0.074934 0.228436 -0.352200 0.904520
1732438992.041068077 1.045226 -0.116110 -0.041613 0.072385 0.229244 -0.341814 0.908499
1732438992.140942812 1.083626 -0.134046 -0.042108 0.069324 0.229188 -0.329841 0.913166
1732438992.241050720 1.126088 -0.151166 -0.042272 0.065633 0.229503 -0.317005 0.917894
1732438992.341607809 1.172599 -0.169641 -0.042450 0.062137 0.231222 -0.303727 0.922185
1732438992.440977335 1.219970 -0.186709 -0.041989 0.058503 0.232093 -0.289584 0.926742
1732438992.540983915 1.271335 -0.203090 -0.042376 0.054523 0.234357 -0.275331 0.930751
1732438992.641041994 1.322301 -0.217783 -0.042436 0.050612 0.234265 -0.259936 0.935410
1732438992.740972996 1.376464 -0.229581 -0.042213 0.045430 0.235304 -0.244648 0.939529
1732438992.841042995 1.432381 -0.242575 -0.042129 0.041776 0.236274 -0.228212 0.943583
1732438992.941035271 1.490164 -0.252869 -0.041836 0.037600 0.237845 -0.212099 0.947117
1732438993.040965796 1.546104 -0.260476 -0.042383 0.032851 0.238515 -0.196257 0.950534
1732438993.140986443 1.601246 -0.266974 -0.042248 0.029220 0.240197 -0.180080 0.953427
1732438993.241091728 1.652801 -0.272383 -0.042495 0.025749 0.239931 -0.164635 0.956382
1732438993.341028690 1.705064 -0.272873 -0.042624 0.021062 0.241403 -0.150074 0.958519
1732438993.441077948 1.753581 -0.274969 -0.042850 0.018053 0.240925 -0.135225 0.960908
1732438993.540997267 1.802587 -0.273635 -0.043169 0.013868 0.241734 -0.121354 0.962624
1732438993.640969992 1.851025 -0.272431 -0.043384 0.010700 0.242088 -0.107380 0.964235
1732438993.741035700 1.899936 -0.268895 -0.043117 0.007133 0.243063 -0.093948 0.965424
1732438993.841110229 1.947102 -0.264374 -0.043534 0.003923 0.242772 -0.079143 0.966842
1732438993.941017866 1.995053 -0.256799 -0.043718 -0.000166 0.243470 -0.065510 0.967693
1732438994.041013241 2.041686 -0.248203 -0.044260 -0.004011 0.242632 -0.051302 0.968753
1732438994.141041517 2.087159 -0.240866 -0.043434 -0.006486 0.241749 -0.038276 0.969562
1732438994.241167307 2.135100 -0.233052 -0.044544 -0.009725 0.243155 -0.029630 0.969486
1732438994.341073275 2.180216 -0.228798 -0.044402 -0.011213 0.243133 -0.024597 0.969616
1732438994.441012859 2.226042 -0.227967 -0.044265 -0.011391 0.243046 -0.023464 0.969664
1732438994.541140556 2.272032 -0.229607 -0.045046 -0.010561 0.242218 -0.025404 0.969832
1732438994.641009331 2.318831 -0.232594 -0.044613 -0.009353 0.242855 -0.029511 0.969568
1732438994.741140127 2.365746 -0.237117 -0.044245 -0.007791 0.243139 -0.034437 0.969349
1732438994.841027498 2.413539 -0.241655 -0.044129 -0.006654 0.243673 -0.039278 0.969039
1732438994.941787243 2.461832 -0.247678 -0.044029 -0.004971 0.243752 -0.044174 0.968818
1732438995.041724205 2.510504 -0.253124 -0.043750 -0.003741 0.243768 -0.049543 0.968560
1732438995.141124249 2.559954 -0.259442 -0.043353 -0.002229 0.243686 -0.055028 0.968289
1732438995.241070747 2.608991 -0.267223 -0.042592 -0.000356 0.244387 -0.059191 0.967869
1732438995.341159582 2.659656 -0.271808 -0.043265 -0.000187 0.243956 -0.064515 0.967638
1732438995.441070557 2.712692 -0.279701 -0.042551 0.001207 0.243546 -0.067953 0.967505
1732438995.541184664 2.770338 -0.287169 -0.042729 0.001872 0.244174 -0.071263 0.967108
1732438995.641068459 2.828116 -0.294253 -0.042400 0.002636 0.242939 -0.074260 0.967191
1732438995.741125822 2.887938 -0.300336 -0.041649 0.003014 0.242732 -0.074951 0.967189
1732438995.841138363 2.947442 -0.307865 -0.040859 0.004001 0.242346 -0.074672 0.967304
1732438995.941047907 3.007841 -0.312094 -0.040604 0.003452 0.242464 -0.074165 0.967315
1732438996.041153431 3.068410 -0.319156 -0.040731 0.004176 0.241269 -0.073419 0.967668
1732438996.141068459 3.131056 -0.322943 -0.041123 0.003436 0.241758 -0.072505 0.967618
1732438996.241204739 3.194115 -0.329551 -0.040588 0.004066 0.242432 -0.070993 0.967559
1732438996.341136456 3.256834 -0.332692 -0.041026 0.003065 0.241478 -0.070025 0.967872
1732438996.441035748 3.320559 -0.338779 -0.040701 0.003334 0.241922 -0.068717 0.967854
1732438996.541212082 3.384527 -0.342637 -0.040991 0.002626 0.242232 -0.067907 0.967835
1732438996.641035080 3.447458 -0.347882 -0.040583 0.003110 0.243438 -0.067011 0.967594
1732438996.741176844 3.510409 -0.352329 -0.040904 0.003111 0.243184 -0.066447 0.967696
1732438996.841102362 3.575636 -0.355586 -0.040777 0.002510 0.244892 -0.064919 0.967371
1732438996.941188574 3.638616 -0.358286 -0.041391 0.001504 0.243409 -0.065203 0.967728
1732438997.041104078 3.705638 -0.362199 -0.041308 0.001116 0.244736 -0.063638 0.967498
1732438997.141049623 3.770384 -0.365485 -0.041263 0.000567 0.245563 -0.063001 0.967331
1732438997.241174698 3.831604 -0.369095 -0.040659 0.000271 0.243680 -0.062304 0.967852
1732438997.341134548 3.892475 -0.372713 -0.041075 0.000212 0.242916 -0.061919 0.968069
1732438997.441208601 3.954987 -0.378342 -0.041811 0.001060 0.244537 -0.061259 0.967702
1732438997.541215181 4.018279 -0.379059 -0.042319 -0.000556 0.245931 -0.061236 0.967351
1732438997.641170025 4.079540 -0.384863 -0.042863 0.000373 0.245230 -0.060006 0.967606
1732438997.741081953 4.140992 -0.385865 -0.043462 -0.000819 0.245898 -0.059078 0.967493
1732438997.841089010 4.200312 -0.388150 -0.043636 -0.000976 0.245515 -0.055731 0.967789
1732438997.941186905 4.259136 -0.385430 -0.043727 -0.002975 0.245558 -0.050265 0.968073
1732438998.041100025 4.318112 -0.382221 -0.043699 -0.004660 0.245918 -0.042884 0.968330
1732438998.141067028 4.376992 -0.374044 -0.043947 -0.007962 0.246272 -0.032971 0.968607
1732438998.241336107 4.436229 -0.367313 -0.043942 -0.009677 0.246094 -0.020220 0.968987
1732438998.341826916 4.495177 -0.353938 -0.044663 -0.014008 0.245831 -0.007582 0.969182
1732438998.441210508 4.552497 -0.339114 -0.044854 -0.017801 0.244726 0.007002 0.969404
1732438998.541187286 4.610192 -0.324345 -0.045101 -0.020653 0.244622 0.022171 0.969145
1732438998.641089678 4.666335 -0.307753 -0.044831 -0.023628 0.243939 0.037248 0.968787
1732438998.741107464 4.720804 -0.287565 -0.045469 -0.028028 0.243762 0.051854 0.968042
1732438998.841096163 4.773943 -0.268829 -0.044911 -0.030286 0.243619 0.065754 0.967165
1732438998.941387653 4.825512 -0.247788 -0.045731 -0.033844 0.243623 0.079417 0.966020
1732438999.041125536 4.875968 -0.225531 -0.046052 -0.036918 0.244834 0.092461 0.964440
1732438999.141849756 4.922442 -0.202640 -0.046936 -0.040516 0.243611 0.106053 0.963205
1732438999.241187811 4.967331 -0.179019 -0.047829 -0.043750 0.244158 0.118580 0.961463
1732438999.341090202 5.008907 -0.155146 -0.048211 -0.046554 0.243021 0.131676 0.959914
1732438999.441125154 5.049790 -0.129987 -0.048722 -0.049890 0.242934 0.144580 0.957909
1732438999.541130066 5.089401 -0.103611 -0.049302 -0.053071 0.242929 0.157291 0.955734
1732438999.641132832 5.126694 -0.076132 -0.049699 -0.056597 0.241878 0.170245 0.953577
1732438999.741153002 5.164469 -0.048004 -0.050714 -0.059398 0.241241 0.183747 0.951058
1732438999.841099024 5.202036 -0.018584 -0.051412 -0.062063 0.240249 0.197789 0.948319
1732438999.941200495 5.241518 0.013523 -0.051883 -0.065222 0.240451 0.211639 0.945060
1732439000.041183472 5.277974 0.048798 -0.052389 -0.069262 0.238539 0.226052 0.941914
1732439000.141282320 5.316576 0.083961 -0.052558 -0.072138 0.237545 0.240682 0.938318
1732439000.241214752 5.353975 0.123035 -0.053187 -0.076645 0.236857 0.255439 0.934224
1732439000.341133118 5.391992 0.162812 -0.053734 -0.079964 0.236510 0.270438 0.929802
1732439000.441327572 5.428546 0.204461 -0.054118 -0.083851 0.235144 0.285985 0.925143
1732439000.541199923 5.464981 0.248114 -0.054227 -0.087417 0.233853 0.301423 0.920226
1732439000.641130209 5.499451 0.294432 -0.054391 -0.091347 0.232116 0.317392 0.914899
1732439000.741220951 5.534481 0.342236 -0.054951 -0.095360 0.231830 0.332969 0.909007
1732439000.841197491 5.567541 0.392508 -0.055895 -0.100111 0.231697 0.348281 0.902771
1732439000.941282511 5.596010 0.440957 -0.056520 -0.103386 0.228983 0.364086 0.896839
1732439001.041214466 5.625250 0.488172 -0.057363 -0.105981 0.227897 0.379025 0.890602
1732439001.141143799 5.649875 0.537735 -0.057768 -0.109949 0.225859 0.393698 0.884251
1732439001.241307974 5.673271 0.583562 -0.058515 -0.112253 0.224324 0.408077 0.877811
1732439001.341248035 5.693030 0.627648 -0.059287 -0.115131 0.222330 0.421386 0.871635
1732439001.441192627 5.709350 0.668634 -0.059606 -0.117840 0.220325 0.431973 0.866585
1732439001.541265011 5.726371 0.706738 -0.060134 -0.120515 0.219586 0.439364 0.862680
1732439001.641178370 5.743489 0.737378 -0.060339 -0.121148 0.219546 0.443191 0.860642
1732439001.741158724 5.757597 0.759855 -0.060499 -0.121147 0.219472 0.445499 0.859469
1732439001.841255188 5.766793 0.774846 -0.061112 -0.121722 0.219850 0.445635 0.859220
1732439001.941181898 5.770522 0.779449 -0.061037 -0.121400 0.219670 0.445833 0.859209
1732439002.041165113 5.767829 0.775780 -0.061372 -0.121029 0.218933 0.446048 0.859338
1732439002.141238928 5.762611 0.769347 -0.061105 -0.121264 0.218584 0.447386 0.858698
1732439002.241194725 5.755572 0.761062 -0.060873 -0.121881 0.218389 0.448841 0.857900
1732439002.341267347 5.745971 0.750143 -0.060662 -0.122711 0.217842 0.451620 0.856461
1732439002.441228628 5.733400 0.735972 -0.060674 -0.123896 0.217163 0.454857 0.854748
1732439002.541158915 5.718279 0.718607 -0.060383 -0.125224 0.216752 0.458889 0.852502
1732439002.641252756 5.701888 0.697844 -0.060318 -0.126533 0.216142 0.463822 0.849789
1732439002.741221189 5.683242 0.672987 -0.060027 -0.127628 0.215605 0.469056 0.846884
1732439002.841174364 5.662839 0.645189 -0.059664 -0.128906 0.215236 0.474634 0.843670
1732439002.941218853 5.640931 0.614164 -0.059420 -0.130246 0.214408 0.480249 0.840492
1732439003.041157484 5.617982 0.580217 -0.059149 -0.132501 0.214404 0.485908 0.836880
1732439003.141315222 5.594052 0.542623 -0.058768 -0.133955 0.213668 0.491745 0.833420
1732439003.241216421 5.568314 0.502784 -0.058084 -0.136248 0.212795 0.497755 0.829696
1732439003.341959000 5.542244 0.460416 -0.057312 -0.138437 0.211874 0.503690 0.825979
1732439003.441224813 5.518132 0.416383 -0.056522 -0.139306 0.211004 0.508835 0.822896
1732439003.541243792 5.493886 0.371431 -0.055663 -0.140446 0.209556 0.512525 0.820780
1732439003.641198397 5.473679 0.327635 -0.054866 -0.141471 0.209697 0.514764 0.819165
1732439003.741208315 5.453829 0.283632 -0.054246 -0.141532 0.208884 0.516017 0.818573
1732439003.841163874 5.435930 0.240110 -0.053562 -0.141772 0.208963 0.516893 0.817959
1732439003.941225767 5.418253 0.197441 -0.053063 -0.142150 0.209090 0.517740 0.817325
1732439004.041218758 5.401780 0.154762 -0.052117 -0.141815 0.208782 0.518494 0.816984
1732439004.141304970 5.385181 0.114500 -0.051599 -0.142213 0.208976 0.518845 0.816642
1732439004.241295815 5.369177 0.074207 -0.051208 -0.142198 0.208349 0.519449 0.816421
1732439004.341188431 5.352670 0.035732 -0.050661 -0.142495 0.208067 0.519680 0.816294
1732439004.441354275 5.338109 -0.002432 -0.049498 -0.142092 0.207735 0.520508 0.815921
1732439004.541250706 5.325075 -0.036751 -0.048706 -0.142083 0.208028 0.520524 0.815838
1732439004.641207218 5.312766 -0.067292 -0.047886 -0.142216 0.207392 0.521251 0.815512
1732439004.741342068 5.302287 -0.094137 -0.047179 -0.141654 0.206654 0.521619 0.815562
1732439004.841253996 5.295535 -0.113820 -0.046897 -0.141181 0.206734 0.521869 0.815464
1732439004.941377878 5.292047 -0.124588 -0.046689 -0.140777 0.206816 0.521874 0.815510
1732439005.041311264 5.291951 -0.124574 -0.046705 -0.140707 0.206773 0.522205 0.815321
1732439005.141219378 5.293273 -0.117858 -0.047373 -0.141767 0.207419 0.523067 0.814420
1732439005.241313219 5.294832 -0.110319 -0.047146 -0.142190 0.207113 0.524680 0.813386
1732439005.341243505 5.296066 -0.100920 -0.047417 -0.142646 0.206725 0.526514 0.812219
1732439005.441219091 5.297796 -0.088004 -0.047521 -0.143599 0.206268 0.529540 0.810197
1732439005.541301966 5.300224 -0.070972 -0.047882 -0.144405 0.205778 0.533573 0.807529
1732439005.641240120 5.303532 -0.050012 -0.048123 -0.145048 0.204659 0.538901 0.804153
1732439005.741358280 5.306629 -0.022819 -0.048509 -0.146274 0.203585 0.545412 0.799801
1732439005.841260433 5.309379 0.010720 -0.049243 -0.148307 0.202062 0.553301 0.794376
1732439005.941425323 5.311911 0.050179 -0.050046 -0.150936 0.200776 0.562263 0.787888
1732439006.041316271 5.313230 0.095277 -0.050954 -0.153967 0.198683 0.572863 0.780158
1732439006.141255617 5.314745 0.144508 -0.051499 -0.156896 0.197302 0.584013 0.771612
1732439006.241416693 5.313642 0.198423 -0.051731 -0.160711 0.195442 0.595951 0.762114
1732439006.341316700 5.311414 0.252535 -0.052469 -0.162666 0.192633 0.608622 0.752337
1732439006.441292524 5.307509 0.310233 -0.053356 -0.165017 0.190011 0.621945 0.741519
1732439006.541362524 5.300330 0.369756 -0.054027 -0.168546 0.187486 0.635146 0.730089
1732439006.641321659 5.292299 0.429832 -0.054875 -0.170981 0.184989 0.649332 0.717574
1732439006.741225004 5.280072 0.489836 -0.055169 -0.173966 0.180886 0.663003 0.705296
1732439006.841311693 5.265574 0.550534 -0.055646 -0.177006 0.177353 0.676281 0.692719
1732439006.941341162 5.248671 0.610530 -0.056322 -0.180500 0.173655 0.689227 0.679875
1732439007.041261196 5.230170 0.668429 -0.056067 -0.183184 0.170208 0.702333 0.666484
1732439007.141249418 5.210232 0.723222 -0.056315 -0.185253 0.166052 0.714770 0.653614
1732439007.241329670 5.189504 0.776145 -0.056501 -0.188054 0.163179 0.726217 0.640794
1732439007.341413975 5.167896 0.824030 -0.056811 -0.190409 0.159493 0.736621 0.629044
1732439007.441436768 5.146316 0.868776 -0.057478 -0.192221 0.156513 0.746457 0.617541
1732439007.542038679 5.125284 0.909870 -0.057924 -0.194249 0.153843 0.755428 0.606571
1732439007.641257286 5.103724 0.946935 -0.058237 -0.196564 0.151025 0.763096 0.596858
1732439007.741280079 5.082064 0.980074 -0.058393 -0.197818 0.147309 0.770594 0.587667
1732439007.841332674 5.063536 1.012842 -0.058514 -0.199141 0.145637 0.777548 0.578404
1732439007.941239834 5.042320 1.043616 -0.058675 -0.201343 0.143503 0.783761 0.569726
1732439008.041368484 5.023945 1.073838 -0.058396 -0.202630 0.142203 0.789859 0.561108
1732439008.141348839 5.003011 1.101819 -0.058483 -0.204346 0.139594 0.795796 0.552689
1732439008.241290092 4.983175 1.129946 -0.058141 -0.206075 0.138430 0.800870 0.544957
1732439008.341436148 4.963659 1.155211 -0.058530 -0.207043 0.136095 0.806499 0.536815
1732439008.441372871 4.945115 1.178467 -0.058404 -0.207707 0.134142 0.811738 0.529099
1732439008.541467428 4.925920 1.201014 -0.058931 -0.208940 0.132144 0.816450 0.521815
1732439008.641380548 4.906462 1.222651 -0.059120 -0.210077 0.130304 0.821153 0.514389
1732439008.742019176 4.887768 1.243022 -0.059464 -0.210708 0.128051 0.825904 0.507038
1732439008.841265202 4.867878 1.263457 -0.059637 -0.212141 0.126074 0.830096 0.500042
1732439008.941380739 4.846966 1.285250 -0.059832 -0.213424 0.124424 0.834625 0.492310
1732439009.041312456 4.824603 1.307208 -0.060306 -0.214785 0.122273 0.839022 0.484725
1732439009.141411304 4.801513 1.328088 -0.060181 -0.215879 0.119799 0.843670 0.476723
1732439009.241377592 4.777810 1.349557 -0.060456 -0.216509 0.117535 0.848563 0.468241
1732439009.341324329 4.752541 1.371721 -0.060297 -0.217736 0.115335 0.853283 0.459562
1732439009.441425323 4.727564 1.394603 -0.060421 -0.218428 0.113574 0.858321 0.450195
1732439009.541321993 4.699779 1.417667 -0.060295 -0.219274 0.111017 0.863486 0.440438
1732439009.641460180 4.668742 1.441613 -0.060586 -0.221310 0.108527 0.868269 0.430527
1732439009.741380692 4.635782 1.465925 -0.060736 -0.221963 0.105657 0.873834 0.419505
1732439009.841302395 4.600042 1.490575 -0.060956 -0.223302 0.102398 0.879607 0.407361
1732439009.941456556 4.560663 1.515150 -0.061308 -0.224587 0.098430 0.885294 0.395128
1732439010.041333199 4.519403 1.540024 -0.061602 -0.226056 0.094890 0.891067 0.381960
1732439010.141317368 4.477021 1.563101 -0.061718 -0.227918 0.090928 0.896572 0.368706
1732439010.241406441 4.435992 1.585163 -0.061702 -0.228230 0.087403 0.902437 0.354795
1732439010.341372013 4.391361 1.605482 -0.062107 -0.230094 0.083411 0.907447 0.341525
1732439010.441469669 4.346163 1.627244 -0.061863 -0.231510 0.080328 0.912641 0.327164
1732439010.541347504 4.299501 1.647951 -0.062067 -0.232905 0.077293 0.917588 0.312750
1732439010.641317129 4.252223 1.666466 -0.062256 -0.234916 0.073785 0.922013 0.298770
1732439010.741465807 4.206480 1.682154 -0.062259 -0.235805 0.070453 0.926365 0.285097
1732439010.841285706 4.160836 1.696652 -0.063159 -0.236724 0.066994 0.930600 0.271030
1732439010.941475630 4.115643 1.709368 -0.063258 -0.238194 0.063183 0.934238 0.257819
1732439011.041381836 4.071947 1.719488 -0.063703 -0.239623 0.059273 0.937546 0.245103
1732439011.141331434 4.031641 1.729212 -0.063161 -0.239130 0.056379 0.940992 0.232748
1732439011.241509914 3.989773 1.737888 -0.063441 -0.239830 0.053031 0.943850 0.220945
1732439011.341439009 3.948535 1.745157 -0.063333 -0.239927 0.049638 0.946814 0.208604
1732439011.441419601 3.907421 1.753382 -0.063201 -0.241268 0.047526 0.948822 0.198161
1732439011.541462421 3.868548 1.759692 -0.062896 -0.240237 0.044843 0.951070 0.189056
1732439011.641411781 3.829773 1.771032 -0.062445 -0.240148 0.044655 0.952189 0.183498
1732439011.741155386 3.792243 1.782053 -0.062053 -0.240013 0.044015 0.952683 0.181248
1732439011.841199160 3.753233 1.791115 -0.062973 -0.241239 0.041987 0.952707 0.179973
1732439011.941429615 3.717992 1.804096 -0.062662 -0.241227 0.042628 0.952822 0.179227
1732439012.041436195 3.682525 1.815000 -0.062800 -0.240799 0.042229 0.952894 0.179515
1732439012.141577244 3.647559 1.826931 -0.062479 -0.240958 0.042436 0.952908 0.179180
1732439012.241457462 3.611815 1.837232 -0.062914 -0.240826 0.041794 0.952895 0.179573
1732439012.341465473 3.576731 1.849178 -0.062420 -0.239910 0.041853 0.953158 0.179392
1732439012.441452503 3.539005 1.860773 -0.062497 -0.239344 0.040987 0.953365 0.179246
1732439012.541526079 3.500081 1.874435 -0.062242 -0.239026 0.041703 0.953396 0.179341
1732439012.641448975 3.457746 1.889685 -0.062228 -0.239112 0.042315 0.953474 0.178667
1732439012.741516113 3.412573 1.903931 -0.062008 -0.239177 0.041998 0.953485 0.178594
1732439012.841486931 3.364162 1.918747 -0.062578 -0.239124 0.041429 0.953599 0.178192
1732439012.941572428 3.313629 1.936746 -0.062025 -0.240753 0.042624 0.953536 0.176039
1732439013.041450739 3.261953 1.948640 -0.063139 -0.239492 0.040668 0.954256 0.174311
1732439013.141367435 3.205480 1.962384 -0.063474 -0.241033 0.039611 0.955037 0.168041
1732439013.241587877 3.148014 1.972687 -0.063857 -0.242014 0.037618 0.956110 0.160837
1732439013.341536045 3.090264 1.982666 -0.063686 -0.241540 0.035580 0.957868 0.151265
1732439013.441533327 3.028249 1.989929 -0.063580 -0.242933 0.032557 0.959048 0.141953
1732439013.541529417 2.966208 1.998110 -0.063966 -0.243110 0.030362 0.960192 0.134194
1732439013.641380310 2.902217 2.007550 -0.063977 -0.244782 0.028477 0.960515 0.129159
1732439013.741551161 2.841067 2.017170 -0.064038 -0.244009 0.027369 0.961294 0.124998
1732439013.841483355 2.780149 2.027429 -0.064287 -0.244170 0.026594 0.961790 0.120972
1732439013.941474676 2.721907 2.036427 -0.064874 -0.243005 0.026198 0.962780 0.115402
1732439014.041377306 2.661740 2.042287 -0.064392 -0.243603 0.024299 0.963441 0.108849
1732439014.141526937 2.601934 2.048958 -0.064205 -0.244050 0.023784 0.964176 0.101183
1732439014.241428614 2.542854 2.050376 -0.064711 -0.243837 0.021189 0.964992 0.094260
1732439014.341514587 2.485631 2.053026 -0.064116 -0.244022 0.019385 0.965863 0.084768
1732439014.441488981 2.431368 2.051114 -0.064062 -0.244731 0.016477 0.966451 0.076213
1732439014.541670322 2.381123 2.050597 -0.064303 -0.243321 0.014748 0.967585 0.065999
1732439014.641616344 2.332092 2.044811 -0.064324 -0.243409 0.011074 0.968209 0.056566
1732439014.741462469 2.285020 2.041230 -0.063839 -0.242724 0.008873 0.968909 0.047136
1732439014.841488600 2.238022 2.035242 -0.064006 -0.242681 0.006194 0.969342 0.038003
1732439014.941393137 2.190467 2.029168 -0.064227 -0.243532 0.003738 0.969459 0.028759
1732439015.041568518 2.145583 2.022569 -0.064055 -0.243242 0.001543 0.969763 0.019774
1732439015.141476870 2.101811 2.014361 -0.064165 -0.242921 -0.001320 0.969979 0.011333
1732439015.241494179 2.057388 2.007552 -0.064372 -0.242897 -0.002943 0.970042 0.003335
1732439015.341395378 2.011553 2.001145 -0.064546 -0.243458 -0.004390 0.969898 -0.002492
1732439015.441612959 1.966653 1.994455 -0.064235 -0.242996 -0.005858 0.969988 -0.006465
1732439015.541496277 1.921450 1.990815 -0.064003 -0.243045 -0.005870 0.969952 -0.009336
1732439015.641421795 1.875328 1.986533 -0.063799 -0.242877 -0.006426 0.969983 -0.010087
1732439015.741354227 1.826987 1.982883 -0.063502 -0.242871 -0.006223 0.969988 -0.009910
1732439015.841521978 1.777671 1.979728 -0.063144 -0.242898 -0.005833 0.969982 -0.010068
1732439015.941284418 1.726329 1.975570 -0.063149 -0.243543 -0.005937 0.969827 -0.009280
1732439016.041390419 1.674646 1.972375 -0.063131 -0.242313 -0.005498 0.970139 -0.009242
1732439016.140980244 1.620891 1.967118 -0.063208 -0.242238 -0.006390 0.970153 -0.009120
1732439016.241324425 1.566327 1.962211 -0.062597 -0.242266 -0.006901 0.970132 -0.010137
1732439016.341464281 1.511772 1.954101 -0.063069 -0.241129 -0.008426 0.970379 -0.012241
1732439016.441427708 1.456952 1.945632 -0.062434 -0.241111 -0.009744 0.970308 -0.016498
1732439016.541442871 1.401588 1.936101 -0.062278 -0.240881 -0.011415 0.970236 -0.022090
1732439016.641460180 1.345849 1.926552 -0.062123 -0.240883 -0.012401 0.970050 -0.028728
1732439016.741586924 1.289790 1.915427 -0.062525 -0.240608 -0.013598 0.969869 -0.035722
1732439016.841567039 1.232298 1.902308 -0.062452 -0.241797 -0.015709 0.969268 -0.042515
1732439016.941731930 1.176348 1.889327 -0.062258 -0.240885 -0.017262 0.969134 -0.049553
1732439017.041609764 1.119844 1.875070 -0.061773 -0.241109 -0.018841 0.968657 -0.056710
1732439017.141518831 1.065122 1.859820 -0.061567 -0.240987 -0.020680 0.968264 -0.062945
1732439017.241469145 1.010184 1.843774 -0.060996 -0.241210 -0.022458 0.967744 -0.069166
1732439017.341557026 0.956629 1.827250 -0.060315 -0.240689 -0.023872 0.967194 -0.077684
1732439017.441503286 0.902025 1.809459 -0.060165 -0.241367 -0.025636 0.966264 -0.086137
1732439017.541595697 0.850509 1.789020 -0.059827 -0.240221 -0.028250 0.965610 -0.095362
1732439017.641627073 0.799087 1.767511 -0.059556 -0.239526 -0.031145 0.964685 -0.105074
1732439017.741445780 0.748934 1.745409 -0.058792 -0.239845 -0.033833 0.963440 -0.114509
1732439017.841655254 0.703688 1.726825 -0.057385 -0.237534 -0.034100 0.962812 -0.124127
1732439017.941518068 0.659367 1.700121 -0.058762 -0.237929 -0.039300 0.961206 -0.133895
1732439018.041488647 0.615861 1.678915 -0.058290 -0.236809 -0.040533 0.960019 -0.143672
1732439018.141734362 0.571219 1.654051 -0.058196 -0.237088 -0.043272 0.958361 -0.153171
1732439018.241606474 0.528504 1.630950 -0.057675 -0.236860 -0.044705 0.956695 -0.163200
1732439018.341670990 0.485947 1.604361 -0.057998 -0.236708 -0.047427 0.954901 -0.172868
1732439018.441569090 0.444117 1.575930 -0.057773 -0.236797 -0.050548 0.952668 -0.183835
1732439018.541494370 0.404090 1.546719 -0.057649 -0.236670 -0.053689 0.950284 -0.195104
1732439018.641614914 0.365672 1.516587 -0.057861 -0.235990 -0.056506 0.947792 -0.206899
1732439018.741495609 0.326430 1.485869 -0.057505 -0.236058 -0.059454 0.944691 -0.219775
1732439018.841676474 0.290246 1.452883 -0.057163 -0.234698 -0.063038 0.941769 -0.232408
1732439018.941591978 0.252681 1.419377 -0.056624 -0.234849 -0.065882 0.938127 -0.245810
1732439019.041556120 0.217102 1.384852 -0.056393 -0.233562 -0.068839 0.934873 -0.258308
1732439019.141602278 0.183220 1.347428 -0.056352 -0.232270 -0.072288 0.931349 -0.270949
1732439019.241547823 0.148483 1.311680 -0.056173 -0.231284 -0.074917 0.927489 -0.284005
1732439019.341635942 0.116281 1.273755 -0.056171 -0.229423 -0.078047 0.923674 -0.296815
1732439019.441636086 0.084246 1.236049 -0.055750 -0.228694 -0.081027 0.919442 -0.309451
1732439019.541568518 0.055020 1.196939 -0.055683 -0.227268 -0.084262 0.915181 -0.322015
1732439019.641664028 0.025467 1.158104 -0.055316 -0.225883 -0.086904 0.910757 -0.334585
1732439019.741539955 -0.001963 1.117667 -0.054908 -0.224127 -0.090138 0.906344 -0.346673
1732439019.841447592 -0.029219 1.077269 -0.054474 -0.222701 -0.093056 0.901609 -0.358950
1732439019.941525459 -0.054156 1.034527 -0.054455 -0.221282 -0.096631 0.896675 -0.371040
1732439020.041648626 -0.080571 0.991536 -0.054139 -0.220768 -0.098966 0.891214 -0.383673
1732439020.141513109 -0.103933 0.945770 -0.054207 -0.219238 -0.102493 0.885806 -0.395951
1732439020.241657495 -0.126192 0.899597 -0.053853 -0.217214 -0.105678 0.880153 -0.408634
1732439020.341545582 -0.147429 0.853590 -0.053203 -0.215720 -0.108547 0.874119 -0.421423
1732439020.441378832 -0.166057 0.806834 -0.053161 -0.213731 -0.111612 0.868038 -0.434018
1732439020.541392088 -0.184492 0.761251 -0.052239 -0.211897 -0.114106 0.861842 -0.446439
1732439020.641263247 -0.200444 0.716461 -0.051556 -0.208844 -0.115999 0.855591 -0.459230
1732439020.741611481 -0.216287 0.669004 -0.051398 -0.207377 -0.118821 0.849208 -0.470873
1732439020.841533184 -0.230094 0.622180 -0.050608 -0.204846 -0.121331 0.842574 -0.483100
1732439020.941545248 -0.244536 0.574314 -0.050090 -0.203534 -0.123673 0.835342 -0.495462
1732439021.041538477 -0.257004 0.527292 -0.049149 0.201406 0.125408 -0.828730 0.506868
1732439021.141720057 -0.265253 0.477882 -0.048540 0.198550 0.128795 -0.821769 0.518349
1732439021.241607904 -0.273789 0.429297 -0.047730 0.197276 0.131843 -0.814493 0.529434
1732439021.341488600 -0.281307 0.382103 -0.047160 0.195051 0.134402 -0.807654 0.539987
1732439021.441688061 -0.288260 0.336768 -0.046304 0.193271 0.136793 -0.801373 0.549305
1732439021.541354179 -0.294740 0.295999 -0.045753 0.191689 0.138467 -0.796998 0.555766
1732439021.641536951 -0.301931 0.259508 -0.045029 0.190722 0.139626 -0.794234 0.559752
1732439021.741561413 -0.308757 0.228301 -0.044792 0.190293 0.140885 -0.792849 0.561543
1732439021.841547012 -0.314773 0.205261 -0.044507 0.190561 0.141450 -0.792517 0.561779
1732439021.941501379 -0.317964 0.191636 -0.044164 0.190548 0.141534 -0.792315 0.562047
1732439022.041589022 -0.319426 0.187184 -0.044268 0.190751 0.141555 -0.792172 0.562175
1732439022.141563177 -0.318339 0.190676 -0.044437 0.189990 0.141190 -0.792411 0.562187
1732439022.241567850 -0.316645 0.196761 -0.044428 0.190079 0.141327 -0.792254 0.562344
1732439022.341696978 -0.314039 0.205472 -0.044734 0.190297 0.141325 -0.792319 0.562179
1732439022.441739321 -0.310485 0.218253 -0.044959 0.189850 0.140879 -0.792089 0.562766
1732439022.541571140 -0.305467 0.235376 -0.045196 0.189933 0.140919 -0.791626 0.563379
1732439022.641720295 -0.298457 0.257949 -0.045758 0.189991 0.141366 -0.791042 0.564067
1732439022.741729021 -0.289021 0.286206 -0.046018 0.189891 0.141842 -0.789711 0.565844
1732439022.841783285 -0.277315 0.321131 -0.046541 0.189395 0.142496 -0.787741 0.568585
1732439022.941670418 -0.262078 0.362584 -0.047409 0.188449 0.143545 -0.784621 0.572933
1732439023.041711807 -0.245575 0.410557 -0.048034 0.188366 0.145462 -0.780679 0.577840
1732439023.141717672 -0.228108 0.465218 -0.048429 0.187242 0.146557 -0.776104 0.584058
1732439023.241568089 -0.207360 0.524390 -0.048880 0.186101 0.149281 -0.770974 0.590492
1732439023.341703653 -0.188067 0.590803 -0.049566 0.184647 0.150353 -0.764479 0.599059
1732439023.441592693 -0.163799 0.659334 -0.050915 0.182891 0.155158 -0.756546 0.608371
1732439023.541385174 -0.143041 0.734297 -0.051617 0.181085 0.157770 -0.748204 0.618471
1732439023.641718626 -0.120914 0.812618 -0.052808 0.178562 0.161747 -0.739107 0.629027
1732439023.741621494 -0.103069 0.894181 -0.053969 0.176107 0.164550 -0.730146 0.639372
1732439023.841781616 -0.089594 0.975627 -0.053996 0.174078 0.166575 -0.723330 0.647103
1732439023.941726446 -0.082326 1.051567 -0.054028 0.173543 0.167660 -0.718654 0.652157
1732439024.041594982 -0.076959 1.120470 -0.054278 0.172864 0.168441 -0.715813 0.655253
1732439024.141545057 -0.076458 1.181487 -0.054135 0.173925 0.168223 -0.714210 0.656777
1732439024.241703510 -0.074756 1.232845 -0.054339 0.174023 0.168804 -0.713264 0.657628
1732439024.341628551 -0.073777 1.276996 -0.054606 0.172948 0.168186 -0.713010 0.658346
1732439024.441710234 -0.073184 1.309814 -0.054481 0.173170 0.168560 -0.712567 0.658671
1732439024.541625023 -0.072820 1.331141 -0.054452 0.172622 0.168163 -0.712276 0.659231
1732439024.641500473 -0.072479 1.340477 -0.054453 0.172662 0.168312 -0.712117 0.659354
1732439024.741085529 -0.072430 1.337698 -0.054753 0.172932 0.168633 -0.711996 0.659332
1732439024.841084003 -0.072233 1.329684 -0.054756 0.173257 0.169267 -0.711904 0.659184
1732439024.941147804 -0.072253 1.318734 -0.054735 0.173425 0.169322 -0.711947 0.659079
1732439025.041600943 -0.072085 1.303646 -0.054542 0.173347 0.169329 -0.711733 0.659329
1732439025.141699076 -0.072077 1.284382 -0.054424 0.173229 0.169219 -0.711351 0.659800
1732439025.241688728 -0.071937 1.260768 -0.054444 0.173018 0.169467 -0.710450 0.660762
1732439025.341387033 -0.071222 1.232495 -0.054194 0.172974 0.169811 -0.708657 0.662608
1732439025.441700459 -0.068641 1.199762 -0.054174 0.172423 0.170390 -0.706513 0.664889
1732439025.541683435 -0.065361 1.162847 -0.053999 0.171218 0.170855 -0.703770 0.667983
1732439025.641535521 -0.059562 1.120556 -0.054129 0.169820 0.172188 -0.700670 0.671248
1732439025.741574764 -0.054943 1.074767 -0.053835 0.168664 0.173093 -0.697201 0.674909
1732439025.841787338 -0.049968 1.024862 -0.053512 0.167801 0.173646 -0.693075 0.679218
1732439025.941737413 -0.042180 0.972668 -0.053083 0.165503 0.173976 -0.688786 0.684043
1732439026.041666031 -0.034877 0.914883 -0.052621 0.164660 0.174891 -0.684219 0.688581
1732439026.141783237 -0.024016 0.854789 -0.052265 0.162373 0.176337 -0.679020 0.693882
1732439026.241724730 -0.014606 0.791951 -0.051548 0.161418 0.176735 -0.672642 0.700187
1732439026.341559172 -0.000249 0.728367 -0.050761 0.158337 0.177639 -0.665897 0.707075
1732439026.441715240 0.016409 0.660867 -0.049553 0.157256 0.180363 -0.657274 0.714654
1732439026.541630507 0.037049 0.596618 -0.048555 0.153995 0.181749 -0.647532 0.723847
1732439026.641521454 0.059646 0.533912 -0.046649 0.150131 0.182444 -0.636565 0.734139
1732439026.741381645 0.085192 0.472393 -0.045613 0.146355 0.183984 -0.623658 0.745507
1732439026.841583252 0.117300 0.410674 -0.044366 0.142650 0.188453 -0.610460 0.755960
1732439026.941537619 0.147208 0.351465 -0.043855 0.138633 0.189245 -0.594873 0.768826
1732439027.041709423 0.182483 0.294014 -0.043737 0.134775 0.192334 -0.580376 0.779748
1732439027.141598463 0.219235 0.237103 -0.043292 0.131489 0.196696 -0.565337 0.790200
1732439027.241470814 0.259076 0.184956 -0.043665 0.127233 0.200649 -0.550617 0.800233
1732439027.341582775 0.299144 0.135622 -0.043390 0.122668 0.203799 -0.536099 0.809948
1732439027.441782236 0.338015 0.085986 -0.042244 0.119985 0.207330 -0.521144 0.819162
1732439027.541822195 0.378140 0.043361 -0.041945 0.114496 0.207891 -0.507485 0.828331
1732439027.641851902 0.417377 -0.002406 -0.040439 0.113655 0.211839 -0.493216 0.836029
1732439027.741664171 0.458285 -0.038651 -0.039596 0.107981 0.212344 -0.479958 0.844328
1732439027.841854811 0.498408 -0.075282 -0.039229 0.104433 0.214063 -0.466472 0.851865
1732439027.941862345 0.540391 -0.105538 -0.039090 0.098551 0.215025 -0.453659 0.859212
1732439028.041765451 0.580015 -0.135764 -0.038229 0.094253 0.215942 -0.440133 0.866469
1732439028.141762972 0.619226 -0.165717 -0.038226 0.091136 0.216627 -0.427244 0.873058
1732439028.241662502 0.660612 -0.197028 -0.038378 0.089415 0.220185 -0.414373 0.878532
1732439028.341631889 0.701641 -0.225490 -0.039078 0.086802 0.222918 -0.401048 0.884270
1732439028.441799641 0.739066 -0.249484 -0.038673 0.083983 0.224069 -0.389338 0.889469
1732439028.541674852 0.773412 -0.271267 -0.038506 0.081935 0.226044 -0.380527 0.892967
1732439028.641844988 0.802683 -0.290107 -0.038267 0.080012 0.227431 -0.373867 0.895598
1732439028.741769552 0.824130 -0.304291 -0.038116 0.078935 0.228947 -0.371184 0.896423
1732439028.841854095 0.834496 -0.313431 -0.037758 0.078833 0.229706 -0.369526 0.896923
1732439028.941533566 0.835606 -0.313672 -0.037587 0.078621 0.229501 -0.369157 0.897146
1732439029.041751146 0.829267 -0.308117 -0.038212 0.078489 0.228734 -0.369337 0.897279
1732439029.141906738 0.819319 -0.297279 -0.038259 0.078120 0.228711 -0.368047 0.897847
1732439029.241707563 0.804815 -0.283098 -0.038616 0.077647 0.228592 -0.365440 0.898983
1732439029.341666698 0.787242 -0.263819 -0.038415 0.076667 0.228791 -0.361196 0.900730
1732439029.441864491 0.764877 -0.239547 -0.039455 0.074964 0.228919 -0.355587 0.903070
1732439029.541630507 0.737815 -0.210440 -0.039577 0.073316 0.229833 -0.348776 0.905625
1732439029.641583443 0.705098 -0.177055 -0.040567 0.071384 0.230422 -0.340948 0.908606
1732439029.741731882 0.667593 -0.140264 -0.040130 0.069104 0.230412 -0.331785 0.912170
1732439029.841658115 0.628126 -0.098821 -0.038668 0.062892 0.228788 -0.322832 0.916231
1732439029.941647053 0.590617 -0.064822 -0.039344 0.061648 0.232038 -0.316872 0.917578
1732439030.041792631 0.541983 -0.034500 -0.040137 0.063826 0.231004 -0.312456 0.919203
1732439030.141632318 0.497815 0.001151 -0.041530 0.061563 0.232963 -0.309421 0.919890
1732439030.241642475 0.448331 0.033108 -0.042012 0.061962 0.231710 -0.307440 0.920843
1732439030.341739178 0.404667 0.060872 -0.042509 0.062471 0.231810 -0.306072 0.921239
1732439030.440938711 0.367196 0.084644 -0.042430 0.062610 0.231206 -0.305603 0.921537
1732439030.541414499 0.336122 0.102803 -0.043225 0.062627 0.229586 -0.307315 0.921372
1732439030.641632080 0.317242 0.113352 -0.042973 0.063178 0.229450 -0.308820 0.920865
1732439030.741619110 0.308152 0.117223 -0.042984 0.063496 0.229089 -0.309678 0.920644
1732439030.841453552 0.312184 0.115550 -0.043458 0.063684 0.230559 -0.309129 0.920449
1732439030.941834927 0.318177 0.112362 -0.043388 0.063274 0.230490 -0.307822 0.920932
1732439031.041653156 0.327117 0.108891 -0.043631 0.062602 0.230926 -0.305880 0.921516
1732439031.141539812 0.337559 0.104283 -0.043277 0.062014 0.231179 -0.303254 0.922360
1732439031.241562605 0.350979 0.098780 -0.043349 0.060955 0.231532 -0.299766 0.923481
1732439031.341687441 0.367239 0.092373 -0.043141 0.060109 0.232083 -0.295720 0.924702
1732439031.441661835 0.386614 0.084787 -0.042991 0.058884 0.232808 -0.291382 0.925975
1732439031.541763067 0.409664 0.076569 -0.042940 0.057444 0.233499 -0.285868 0.927609
1732439031.641854048 0.435765 0.067595 -0.042901 0.055576 0.233936 -0.279360 0.929593
1732439031.741486311 0.465230 0.058064 -0.042351 0.053065 0.234013 -0.272096 0.931872
1732439031.841649294 0.497763 0.047967 -0.042260 0.050826 0.234153 -0.264011 0.934284
1732439031.941779137 0.532717 0.036828 -0.042336 0.049172 0.234503 -0.255371 0.936684
1732439032.041764259 0.570314 0.023471 -0.043158 0.048596 0.236810 -0.246359 0.938545
1732439032.141801357 0.609787 0.009543 -0.043587 0.048558 0.239675 -0.237240 0.940168
1732439032.241871119 0.647878 0.000753 -0.043642 0.045419 0.239273 -0.228349 0.942625
1732439032.340974092 0.685360 -0.009497 -0.043566 0.044065 0.240437 -0.219961 0.944386
1732439032.441555738 0.722796 -0.015645 -0.044125 0.040346 0.239859 -0.212923 0.946311
1732439032.541783571 0.759289 -0.024252 -0.044135 0.038584 0.240572 -0.205082 0.947933
1732439032.641749382 0.793064 -0.030353 -0.044226 0.036584 0.241842 -0.198237 0.949145
1732439032.741096497 0.823251 -0.035488 -0.044429 0.034478 0.241756 -0.191641 0.950599
1732439032.841065168 0.852175 -0.040886 -0.044436 0.033291 0.241932 -0.185437 0.951827
1732439032.941692352 0.880730 -0.045035 -0.044785 0.031089 0.242209 -0.179752 0.952921
1732439033.041790724 0.908341 -0.048300 -0.044705 0.029155 0.242856 -0.174194 0.953849
1732439033.140984774 0.937125 -0.051165 -0.045095 0.027058 0.243839 -0.168678 0.954651
1732439033.241103172 0.965108 -0.053808 -0.044816 0.025156 0.245107 -0.163050 0.955356
1732439033.341588259 0.991449 -0.057019 -0.044547 0.024071 0.243816 -0.156044 0.956883
1732439033.441752434 1.020576 -0.062250 -0.045046 0.024248 0.241795 -0.148126 0.958648
1732439033.541084290 1.054862 -0.061787 -0.045581 0.020528 0.243426 -0.140772 0.959430
1732439033.641792059 1.089754 -0.064178 -0.045812 0.018780 0.243320 -0.131948 0.960746
1732439033.741658688 1.125244 -0.065026 -0.045814 0.016462 0.243517 -0.124191 0.961772
1732439033.841729164 1.162759 -0.065756 -0.045690 0.014315 0.242734 -0.115595 0.963075
1732439033.941857100 1.201753 -0.065840 -0.045456 0.012076 0.243327 -0.106071 0.964051
1732439034.041746855 1.244429 -0.065070 -0.046650 0.009606 0.244266 -0.096768 0.964820
1732439034.141034603 1.289144 -0.062533 -0.046531 0.006913 0.244347 -0.086740 0.965776
1732439034.241817951 1.336473 -0.059305 -0.047334 0.004164 0.243884 -0.075837 0.966826
1732439034.341911077 1.385353 -0.055683 -0.046914 0.001502 0.244768 -0.065661 0.967355
1732439034.441711187 1.436452 -0.052275 -0.047913 -0.000781 0.245449 -0.056628 0.967754
1732439034.541657209 1.490028 -0.049538 -0.047877 -0.002402 0.246086 -0.050469 0.967930
1732439034.641612530 1.542828 -0.049420 -0.048744 -0.003286 0.245077 -0.047011 0.968358
1732439034.741702795 1.596654 -0.051366 -0.048154 -0.003283 0.245400 -0.047513 0.968251
1732439034.841770649 1.648284 -0.055229 -0.048454 -0.002876 0.245072 -0.050740 0.968172
1732439034.941652775 1.698202 -0.061627 -0.047872 -0.001541 0.243921 -0.054859 0.968241
1732439035.041039467 1.747408 -0.066936 -0.048001 -0.001261 0.243613 -0.059703 0.968032
1732439035.140980005 1.795798 -0.074219 -0.047552 0.000012 0.243801 -0.064920 0.967650
1732439035.241703510 1.843875 -0.082173 -0.047309 0.001553 0.244462 -0.069631 0.967154
1732439035.341701746 1.889833 -0.090374 -0.046906 0.003013 0.243635 -0.074786 0.966975
1732439035.441735744 1.933969 -0.097988 -0.046182 0.003941 0.242400 -0.079777 0.966883
1732439035.541651487 1.978757 -0.105687 -0.046265 0.004839 0.241929 -0.083476 0.966684
1732439035.641792536 2.024490 -0.113091 -0.046493 0.005530 0.242257 -0.086522 0.966331
1732439035.741864204 2.068808 -0.120865 -0.046027 0.006241 0.240738 -0.089061 0.966475
1732439035.841947556 2.114751 -0.128420 -0.045704 0.006613 0.241142 -0.090744 0.966215
1732439035.941147327 2.162580 -0.133980 -0.046069 0.006300 0.241127 -0.091920 0.966110
1732439036.041193008 2.211592 -0.141381 -0.045713 0.006852 0.241509 -0.091814 0.966021
1732439036.140995026 2.262689 -0.147399 -0.045620 0.006743 0.242561 -0.091545 0.965784
1732439036.241688251 2.315232 -0.152908 -0.045654 0.006207 0.242550 -0.091278 0.965815
1732439036.341943741 2.368529 -0.161518 -0.045157 0.007315 0.242687 -0.090105 0.965883
1732439036.440968037 2.422410 -0.167018 -0.045004 0.006899 0.242561 -0.089834 0.965943
1732439036.541732073 2.476985 -0.174158 -0.044650 0.007091 0.243253 -0.089114 0.965835
1732439036.641660929 2.531543 -0.179260 -0.045003 0.006266 0.243356 -0.088644 0.965858
1732439036.740942955 2.585611 -0.184683 -0.044619 0.006026 0.244657 -0.088010 0.965588
1732439036.841562033 2.637346 -0.191280 -0.044534 0.006268 0.244735 -0.087082 0.965651
1732439036.940945387 2.688090 -0.196507 -0.044315 0.005837 0.244540 -0.086804 0.965728
1732439037.041740179 2.737460 -0.202242 -0.044167 0.005885 0.243175 -0.086209 0.966126
1732439037.141545773 2.787057 -0.207068 -0.044145 0.005462 0.242956 -0.086171 0.966187
1732439037.241587639 2.837393 -0.212577 -0.044408 0.005323 0.243640 -0.085818 0.966047
1732439037.341582298 2.886479 -0.218335 -0.043934 0.005382 0.242607 -0.085190 0.966362
1732439037.440960884 2.934211 -0.223856 -0.042823 0.005314 0.241078 -0.084909 0.966770
1732439037.540951490 2.984512 -0.229151 -0.042539 0.005281 0.241486 -0.083990 0.966748
1732439037.640891552 3.037121 -0.236650 -0.043065 0.006119 0.242031 -0.082441 0.966741
1732439037.740961790 3.089972 -0.241788 -0.043059 0.006198 0.242392 -0.083204 0.966584
1732439037.841791153 3.142695 -0.246864 -0.042344 0.005704 0.241721 -0.082428 0.966822
1732439037.941647053 3.195454 -0.253834 -0.041716 0.006224 0.241740 -0.082264 0.966828
1732439038.041613340 3.248384 -0.258057 -0.041380 0.005500 0.241183 -0.081785 0.967012
1732439038.140971422 3.301495 -0.263731 -0.041310 0.005304 0.240818 -0.081271 0.967147
1732439038.241622210 3.357342 -0.267573 -0.041366 0.004365 0.241312 -0.081481 0.967011
1732439038.341033459 3.411836 -0.272877 -0.041527 0.004177 0.241859 -0.081271 0.966893
1732439038.441782475 3.469325 -0.280625 -0.041252 0.005420 0.244151 -0.080797 0.966350
1732439038.541112900 3.522635 -0.284787 -0.041778 0.004736 0.242632 -0.080883 0.966729
1732439038.641041756 3.576959 -0.292767 -0.041469 0.005982 0.242359 -0.080211 0.966847
1732439038.741006613 3.632770 -0.294887 -0.042083 0.004553 0.241992 -0.080847 0.966893
1732439038.841645241 3.690723 -0.302197 -0.042384 0.004803 0.243504 -0.079596 0.966616
1732439038.941669226 3.745818 -0.306256 -0.042568 0.004121 0.244123 -0.080405 0.966396
1732439039.040992260 3.800325 -0.311485 -0.042256 0.004051 0.244275 -0.080345 0.966363
1732439039.141700268 3.852019 -0.315330 -0.041987 0.003577 0.244430 -0.080255 0.966334
1732439039.241686106 3.902198 -0.321910 -0.042407 0.004169 0.243800 -0.079819 0.966526
1732439039.341620207 3.952283 -0.328461 -0.042673 0.005131 0.245320 -0.080035 0.966119
1732439039.441687346 4.002421 -0.331598 -0.043299 0.003842 0.245586 -0.079609 0.966093
1732439039.541783810 4.051225 -0.337437 -0.043040 0.004548 0.245501 -0.079068 0.966156
1732439039.641625404 4.099533 -0.340917 -0.043323 0.003972 0.245529 -0.078940 0.966162
1732439039.741016388 4.146806 -0.345203 -0.043657 0.003625 0.245625 -0.078968 0.966136
1732439039.840959072 4.193757 -0.347875 -0.043877 0.002570 0.245940 -0.078530 0.966095
1732439039.941709757 4.237062 -0.353476 -0.043757 0.003206 0.245670 -0.078213 0.966188
1732439040.041010141 4.278971 -0.357097 -0.043631 0.002972 0.246011 -0.078217 0.966101
1732439040.141743660 4.320527 -0.361704 -0.043569 0.003189 0.245730 -0.078066 0.966184
1732439040.241028309 4.361272 -0.364482 -0.043236 0.002387 0.245426 -0.078419 0.966235
1732439040.340954304 4.402577 -0.368027 -0.043293 0.002225 0.244868 -0.077997 0.966411
1732439040.441772938 4.443720 -0.374656 -0.043043 0.003637 0.244063 -0.077224 0.966673
1732439040.541059971 4.486695 -0.377553 -0.043776 0.002646 0.242528 -0.077460 0.967043
1732439040.640982389 4.533432 -0.381759 -0.044044 0.002572 0.242896 -0.076965 0.966991
1732439040.741785526 4.583120 -0.385322 -0.044258 0.002264 0.242878 -0.074994 0.967151
1732439040.841676474 4.633707 -0.387577 -0.043795 0.001736 0.242958 -0.071466 0.967399
1732439040.941023827 4.683925 -0.388173 -0.043791 0.000817 0.243822 -0.065140 0.967630
1732439041.041675329 4.734948 -0.385850 -0.043563 -0.001089 0.243405 -0.057086 0.968243
1732439041.141629219 4.787238 -0.381846 -0.043495 -0.003153 0.243840 -0.047594 0.968642
1732439041.241792202 4.837718 -0.375231 -0.043616 -0.005952 0.243519 -0.037144 0.969166
1732439041.341271639 4.888137 -0.367090 -0.043680 -0.008758 0.244706 -0.026725 0.969189
1732439041.441907167 4.937255 -0.356540 -0.044279 -0.012686 0.244368 -0.015601 0.969474
1732439041.541811943 4.986943 -0.347722 -0.044600 -0.014561 0.244788 -0.004405 0.969457
1732439041.641002893 5.034964 -0.336753 -0.044886 -0.016982 0.244089 0.007001 0.969579
1732439041.741809607 5.085353 -0.325029 -0.044600 -0.019180 0.244807 0.018801 0.969200
1732439041.841656208 5.135338 -0.310327 -0.045223 -0.022271 0.244887 0.030182 0.968826
1732439041.940912247 5.185007 -0.296056 -0.045955 -0.024494 0.244721 0.041753 0.968385
1732439042.041759968 5.235739 -0.276244 -0.046517 -0.028405 0.244724 0.053840 0.967680
1732439042.141219378 5.285753 -0.258610 -0.046557 -0.030877 0.245166 0.066248 0.966722
1732439042.241747618 5.335547 -0.236816 -0.047897 -0.034577 0.244780 0.079178 0.965722
1732439042.341058254 5.384420 -0.215501 -0.047846 -0.037337 0.244726 0.092440 0.964453
1732439042.441029549 5.433876 -0.191813 -0.048293 -0.040591 0.243818 0.105836 0.963174
1732439042.541852951 5.483067 -0.165802 -0.048363 -0.044284 0.242914 0.120092 0.961566
1732439042.641812801 5.531993 -0.137546 -0.048636 -0.048082 0.243121 0.133800 0.959520
1732439042.741109848 5.577514 -0.108413 -0.048966 -0.051697 0.241764 0.147745 0.957627
1732439042.841064215 5.624919 -0.079482 -0.049056 -0.054500 0.242215 0.162070 0.955036
1732439042.940959692 5.669545 -0.048842 -0.049117 -0.057277 0.240828 0.176253 0.952710
1732439043.041704416 5.715477 -0.015590 -0.049311 -0.060992 0.240960 0.189937 0.949812
1732439043.141006947 5.758792 0.016765 -0.050051 -0.063810 0.239751 0.203840 0.947046
1732439043.241736650 5.801073 0.053126 -0.050499 -0.067975 0.238737 0.217207 0.944037
1732439043.341121197 5.843928 0.088676 -0.051355 -0.071244 0.239220 0.230406 0.940538
1732439043.441024542 5.885604 0.127218 -0.051924 -0.075433 0.239983 0.243286 0.936766
1732439043.541735411 5.925203 0.164313 -0.052848 -0.077557 0.238573 0.256722 0.933360
1732439043.641060114 5.962669 0.203773 -0.053704 -0.080866 0.237719 0.269380 0.929723
1732439043.741024971 5.999050 0.243236 -0.054819 -0.084070 0.236654 0.282016 0.925956
1732439043.841726542 6.033750 0.282615 -0.055505 -0.087454 0.236480 0.293259 0.922187
1732439043.941887617 6.063856 0.319702 -0.056340 -0.090635 0.234935 0.303050 0.919104
1732439044.041847706 6.093793 0.350382 -0.056597 -0.091860 0.234459 0.309314 0.917014
1732439044.140975237 6.118048 0.375844 -0.057207 -0.092781 0.233185 0.312114 0.916298
1732439044.241238117 6.141786 0.393236 -0.057439 -0.092025 0.233964 0.312406 0.916076
1732439044.341042280 6.157416 0.405280 -0.057541 -0.091536 0.233884 0.311383 0.916493
1732439044.441745043 6.165124 0.410423 -0.057464 -0.091202 0.234000 0.310599 0.916763
1732439044.541077852 6.164444 0.410259 -0.057562 -0.091246 0.233605 0.310757 0.916806
1732439044.641027927 6.159507 0.407077 -0.057658 -0.091264 0.232827 0.311657 0.916697
1732439044.740969419 6.153943 0.403528 -0.057816 -0.091651 0.232608 0.312889 0.916294
1732439044.841079235 6.146444 0.398971 -0.057494 -0.092335 0.232335 0.314666 0.915686
1732439044.941848993 6.136638 0.393083 -0.057399 -0.093014 0.232259 0.317156 0.914777
1732439045.041188240 6.124492 0.385816 -0.057352 -0.094234 0.232270 0.319792 0.913731
1732439045.141031265 6.110394 0.376822 -0.057474 -0.095093 0.232288 0.323325 0.912393
1732439045.241153002 6.093407 0.365376 -0.057300 -0.096228 0.232484 0.327444 0.910753
1732439045.341060638 6.072513 0.351731 -0.057090 -0.097762 0.232222 0.332010 0.909002
1732439045.441827774 6.048217 0.334464 -0.057135 -0.099268 0.231742 0.337319 0.907004
1732439045.541121721 6.022426 0.314134 -0.056984 -0.100802 0.231902 0.343132 0.904611
1732439045.641022444 5.993661 0.291360 -0.056769 -0.102464 0.231171 0.348999 0.902364
1732439045.741819143 5.963673 0.265658 -0.055883 -0.103369 0.230911 0.355222 0.899896
1732439045.840998411 5.932462 0.238599 -0.055245 -0.104392 0.230788 0.361537 0.897290
1732439045.941097498 5.900131 0.210499 -0.054657 -0.106083 0.230254 0.367998 0.894599
1732439046.040988922 5.865910 0.180408 -0.054610 -0.108165 0.229231 0.374423 0.891942
1732439046.141098976 5.830279 0.148619 -0.053859 -0.110037 0.227976 0.381153 0.889180
1732439046.241961002 5.794266 0.114197 -0.052993 -0.111656 0.226634 0.388466 0.886151
1732439046.341054440 5.759131 0.079186 -0.051933 -0.113226 0.225433 0.395488 0.883147
1732439046.441125393 5.723447 0.044212 -0.050845 -0.115249 0.224365 0.403206 0.879661
1732439046.541067362 5.688718 0.008407 -0.049991 -0.117019 0.223234 0.411346 0.875938
1732439046.641891479 5.653170 -0.027892 -0.049080 -0.119135 0.221912 0.420457 0.871652
1732439046.741151333 5.620706 -0.062317 -0.048928 -0.121706 0.221446 0.428328 0.867574
1732439046.841105223 5.589070 -0.098179 -0.048360 -0.123125 0.219844 0.436373 0.863764
1732439046.941061735 5.558372 -0.133476 -0.047555 -0.125036 0.218431 0.443934 0.859986
1732439047.041237831 5.530884 -0.166150 -0.046888 -0.127097 0.217717 0.451346 0.855998
1732439047.141100407 5.506084 -0.196312 -0.046570 -0.128987 0.216921 0.457153 0.852830
1732439047.241875172 5.486184 -0.224544 -0.045860 -0.129317 0.215932 0.462087 0.850369
1732439047.341167927 5.470629 -0.248356 -0.045522 -0.129793 0.215375 0.464221 0.849274
1732439047.441072464 5.458665 -0.268121 -0.044906 -0.129639 0.215028 0.465859 0.848488
1732439047.541868687 5.450676 -0.282418 -0.044551 -0.129904 0.215126 0.466369 0.848142
1732439047.641186476 5.445912 -0.289670 -0.044501 -0.130278 0.215006 0.466602 0.847987
1732439047.741084099 5.446142 -0.290403 -0.044659 -0.130199 0.215012 0.466654 0.847969
1732439047.841813564 5.448313 -0.286117 -0.044227 -0.130620 0.215615 0.466627 0.847766
1732439047.941180229 5.450112 -0.282633 -0.045076 -0.130587 0.215543 0.467031 0.847567
1732439048.040995598 5.452402 -0.277410 -0.044524 -0.130153 0.215223 0.467489 0.847463
1732439048.141788721 5.456070 -0.269639 -0.045088 -0.130404 0.215263 0.468425 0.846897
1732439048.241117716 5.460272 -0.258763 -0.044761 -0.130735 0.214844 0.469897 0.846136
1732439048.341051102 5.465559 -0.243868 -0.045496 -0.131317 0.214549 0.472770 0.844520
1732439048.441188097 5.471601 -0.224064 -0.045797 -0.132461 0.213844 0.476564 0.842384
1732439048.541215658 5.478880 -0.200213 -0.046351 -0.133598 0.213245 0.481415 0.839594
1732439048.641805649 5.488355 -0.171582 -0.046943 -0.134809 0.212705 0.487277 0.836148
1732439048.741108894 5.498273 -0.137777 -0.047457 -0.136127 0.211782 0.493956 0.832241
1732439048.841855049 5.509021 -0.099372 -0.048203 -0.137903 0.210337 0.501357 0.827878
1732439048.941165686 5.519188 -0.057662 -0.048721 -0.139466 0.208815 0.509102 0.823262
1732439049.041108131 5.531973 -0.011387 -0.049646 -0.141687 0.208698 0.516713 0.818155
1732439049.141798735 5.543210 0.038549 -0.050651 -0.143593 0.207333 0.524909 0.812936
1732439049.241165400 5.556889 0.089723 -0.051293 -0.145125 0.207306 0.533109 0.807315
1732439049.341103315 5.566734 0.143425 -0.052459 -0.147350 0.205865 0.541644 0.801579
1732439049.441874743 5.577691 0.197401 -0.053063 -0.149240 0.205077 0.550208 0.795577
1732439049.541157007 5.584515 0.249951 -0.053663 -0.151613 0.202736 0.558158 0.790172
1732439049.641090631 5.590751 0.301763 -0.054212 -0.153975 0.201461 0.566097 0.784372
1732439049.741266489 5.596955 0.352040 -0.054822 -0.155242 0.199743 0.573805 0.778942
1732439049.841138601 5.602487 0.400725 -0.055535 -0.156082 0.198161 0.581556 0.773410
1732439049.941356182 5.606257 0.449689 -0.055896 -0.158080 0.197027 0.588678 0.767887
1732439050.041217566 5.610438 0.496515 -0.055814 -0.159098 0.196088 0.595630 0.762537
1732439050.141991377 5.611881 0.542804 -0.056385 -0.159877 0.194002 0.603078 0.757034
1732439050.241953850 5.611291 0.587305 -0.056716 -0.160939 0.191570 0.610846 0.751177
1732439050.341228485 5.611185 0.629800 -0.056653 -0.162123 0.190170 0.618964 0.744604
1732439050.441199541 5.607168 0.671321 -0.056969 -0.164180 0.187662 0.626647 0.738337
1732439050.541152954 5.601966 0.712419 -0.057833 -0.166463 0.184763 0.634223 0.732061
1732439050.641128302 5.598806 0.752582 -0.057731 -0.167742 0.183672 0.641283 0.725867
1732439050.741105556 5.593282 0.791493 -0.057941 -0.168604 0.180741 0.648574 0.719901
1732439050.841158390 5.588898 0.830260 -0.057806 -0.169692 0.179565 0.655637 0.713514
1732439050.941160679 5.581801 0.867968 -0.057643 -0.170924 0.177234 0.663293 0.706693
1732439051.041909456 5.574291 0.906846 -0.057920 -0.173010 0.175758 0.670489 0.699729
1732439051.141139269 5.565109 0.944230 -0.058140 -0.175351 0.174139 0.677793 0.692477
1732439051.241113901 5.555286 0.980572 -0.058487 -0.176769 0.171949 0.685765 0.684771
1732439051.341259241 5.544653 1.016797 -0.058522 -0.178452 0.169747 0.693910 0.676631
1732439051.441157818 5.534774 1.051369 -0.057934 -0.179505 0.168207 0.701585 0.668777
1732439051.541961432 5.523397 1.085037 -0.058024 -0.181057 0.166394 0.708537 0.661443
1732439051.641212940 5.509092 1.118503 -0.058636 -0.183888 0.164114 0.715152 0.654071
1732439051.741168022 5.497038 1.152716 -0.058848 -0.185863 0.163030 0.722210 0.645979
1732439051.842032194 5.482119 1.186771 -0.059273 -0.187531 0.160414 0.729426 0.637995
1732439051.941362619 5.466990 1.221004 -0.059619 -0.189553 0.158554 0.736214 0.630015
1732439052.041148186 5.449939 1.256066 -0.060242 -0.191702 0.156714 0.743125 0.621656
1732439052.141238213 5.431581 1.290340 -0.060272 -0.193503 0.154234 0.750085 0.613303
1732439052.241173506 5.414257 1.324886 -0.060152 -0.194754 0.151969 0.757590 0.604180
1732439052.341150284 5.395838 1.360145 -0.060146 -0.196217 0.150432 0.764759 0.594990
1732439052.441137791 5.375056 1.394931 -0.060414 -0.197973 0.147738 0.771859 0.585844
1732439052.541235924 5.352760 1.429927 -0.060512 -0.199903 0.145070 0.778650 0.576799
1732439052.642008305 5.328929 1.463468 -0.061027 -0.201986 0.141928 0.785789 0.567093
1732439052.741251945 5.304808 1.497132 -0.061364 -0.203977 0.139348 0.792591 0.557472
1732439052.842027664 5.279675 1.529330 -0.061495 -0.205933 0.136368 0.799236 0.547920
1732439052.941995859 5.256094 1.560872 -0.061837 -0.207059 0.134030 0.806386 0.537498
1732439053.041334629 5.231865 1.590903 -0.062129 -0.208183 0.131471 0.813032 0.527592
1732439053.141988039 5.207788 1.620274 -0.062259 -0.208871 0.129046 0.819437 0.517921
1732439053.241270065 5.182176 1.647223 -0.062019 -0.210399 0.125723 0.825385 0.508592
1732439053.341148376 5.156755 1.674430 -0.061879 -0.211562 0.123226 0.831290 0.499013
1732439053.441988468 5.130683 1.701984 -0.061566 -0.212580 0.121171 0.836914 0.489594
1732439053.541245937 5.103892 1.727822 -0.061500 -0.213771 0.118729 0.842544 0.479922
1732439053.642035723 5.075613 1.753727 -0.061144 -0.215061 0.116338 0.848097 0.470049
1732439053.741290331 5.046627 1.778146 -0.061536 -0.216482 0.113144 0.853224 0.460806
1732439053.841204405 5.016760 1.802828 -0.061232 -0.218064 0.110629 0.858511 0.450742
1732439053.941302299 4.988207 1.826226 -0.061315 -0.218195 0.108101 0.864123 0.440451
1732439054.041251183 4.957192 1.849348 -0.061475 -0.219160 0.104947 0.869407 0.430217
1732439054.141359568 4.926094 1.872434 -0.061298 -0.220078 0.102276 0.874482 0.419984
1732439054.241179228 4.893576 1.893151 -0.061455 -0.221098 0.098651 0.879660 0.409368
1732439054.342075586 4.861115 1.914619 -0.061100 -0.221995 0.095558 0.884531 0.398989
1732439054.442022085 4.827074 1.934247 -0.060850 -0.223049 0.092168 0.889065 0.388995
1732439054.541307926 4.794500 1.953334 -0.060521 -0.223482 0.089237 0.893882 0.378243
1732439054.641264915 4.759624 1.972384 -0.060346 -0.224971 0.086408 0.898379 0.367201
1732439054.741167545 4.725137 1.991080 -0.060249 -0.225634 0.084074 0.902832 0.356251
1732439054.841259718 4.688289 2.007961 -0.060742 -0.226707 0.080601 0.907329 0.344764
1732439054.941353798 4.648622 2.024580 -0.061078 -0.228768 0.076709 0.911416 0.333318
1732439055.041332960 4.609713 2.041740 -0.061217 -0.229671 0.073753 0.915917 0.320791
1732439055.141121626 4.570346 2.056716 -0.061735 -0.231031 0.070226 0.919895 0.309009
1732439055.241171122 4.531450 2.070692 -0.061719 -0.232972 0.067430 0.923459 0.297324
1732439055.341199636 4.494403 2.082298 -0.062050 -0.233991 0.064022 0.927007 0.286020
1732439055.441225767 4.457589 2.094578 -0.062046 -0.236379 0.061818 0.929627 0.275856
1732439055.541290283 4.423371 2.105350 -0.062272 -0.235833 0.059425 0.932980 0.265330
1732439055.641210318 4.387502 2.115100 -0.061968 -0.237639 0.056858 0.935549 0.255034
1732439055.741379023 4.351430 2.123746 -0.062278 -0.238707 0.053841 0.938519 0.243520
1732439055.841300249 4.314906 2.131984 -0.061966 -0.239448 0.051361 0.941098 0.233154
1732439055.941252708 4.278536 2.139769 -0.061787 -0.240556 0.049222 0.943477 0.222624
1732439056.041331768 4.242101 2.145515 -0.061778 -0.241623 0.046049 0.945763 0.212205
1732439056.141247272 4.207203 2.149239 -0.061856 -0.242279 0.042466 0.947973 0.202099
1732439056.242055893 4.172718 2.154747 -0.061867 -0.242471 0.040240 0.949801 0.193562
1732439056.341362953 4.139163 2.162400 -0.062055 -0.242451 0.038808 0.951009 0.187867
1732439056.441267490 4.106281 2.171593 -0.062348 -0.241879 0.037995 0.951727 0.185113
1732439056.542024851 4.073358 2.181525 -0.062156 -0.241323 0.037409 0.952035 0.184374
1732439056.641958475 4.040424 2.192286 -0.061717 -0.241071 0.037229 0.952161 0.184088
1732439056.741273165 4.008378 2.203216 -0.061600 -0.240495 0.037246 0.952306 0.184087
1732439056.842056274 3.973463 2.214553 -0.062045 -0.240381 0.036825 0.952407 0.183800
1732439056.941317558 3.937781 2.227457 -0.062589 -0.240101 0.037398 0.952684 0.182607
1732439057.041158676 3.898727 2.237213 -0.062407 -0.240489 0.036621 0.953277 0.179130
1732439057.141371489 3.857559 2.246252 -0.062859 -0.241508 0.035671 0.954393 0.171861
1732439057.241370678 3.814071 2.250496 -0.062958 -0.242075 0.032945 0.955954 0.162683
1732439057.341431141 3.767819 2.253496 -0.063775 -0.242762 0.029877 0.957920 0.150209
1732439057.441306353 3.723009 2.255028 -0.063582 -0.243045 0.026970 0.959836 0.137537
1732439057.541195869 3.676902 2.254580 -0.063377 -0.243848 0.023387 0.961596 0.123790
1732439057.641372681 3.631822 2.253417 -0.062776 -0.244103 0.020375 0.963142 0.111156
1732439057.741339922 3.587886 2.250553 -0.062872 -0.244008 0.016856 0.964668 0.097938
1732439057.842083693 3.545149 2.246218 -0.062670 -0.244193 0.013400 0.965852 0.085554
1732439057.941306829 3.506147 2.241820 -0.062993 -0.243518 0.010409 0.967045 0.073579
1732439058.041198015 3.468235 2.237329 -0.062517 -0.243686 0.008140 0.967855 0.061705
1732439058.141419888 3.432486 2.232582 -0.062983 -0.242903 0.006101 0.968707 0.050674
1732439058.241449833 3.396555 2.226116 -0.062640 -0.243136 0.003710 0.969188 0.039316
1732439058.341169357 3.360614 2.218998 -0.063167 -0.243307 0.001104 0.969519 0.028873
1732439058.441378355 3.325090 2.211536 -0.063650 -0.243828 -0.001368 0.969640 0.018540
1732439058.542176723 3.289861 2.203360 -0.063568 -0.243887 -0.003834 0.969770 0.007058
1732439058.641185522 3.255296 2.194221 -0.063669 -0.244324 -0.006544 0.969665 -0.003488
1732439058.741430998 3.220233 2.183679 -0.064073 -0.244801 -0.009263 0.969426 -0.014150
1732439058.841457605 3.186085 2.171910 -0.063899 -0.244696 -0.012336 0.969204 -0.024799
1732439058.941474676 3.150140 2.161468 -0.064406 -0.245826 -0.014281 0.968581 -0.034882
1732439059.041484594 3.116211 2.149652 -0.064040 -0.245074 -0.016413 0.968264 -0.046190
1732439059.141396523 3.080800 2.136074 -0.064488 -0.245193 -0.019096 0.967627 -0.056684
1732439059.241349697 3.047350 2.120803 -0.064400 -0.245038 -0.022157 0.966897 -0.067644
1732439059.341137648 3.013401 2.105661 -0.064584 -0.245064 -0.024750 0.966002 -0.078559
1732439059.441165924 2.978372 2.089586 -0.064660 -0.245426 -0.027130 0.964878 -0.089669
1732439059.541561604 2.943964 2.072361 -0.064532 -0.245434 -0.029853 0.963708 -0.100686
1732439059.641379595 2.910715 2.054099 -0.064714 -0.244808 -0.033082 0.962650 -0.110809
1732439059.741316795 2.876702 2.039474 -0.064534 -0.244314 -0.034166 0.961834 -0.118403
1732439059.842211962 2.841951 2.025284 -0.064464 -0.243540 -0.034941 0.961484 -0.122543
1732439059.941296339 2.807467 2.013522 -0.064499 -0.242620 -0.034834 0.961403 -0.125003
1732439060.041394949 2.770966 2.001692 -0.064332 -0.242641 -0.034769 0.961346 -0.125425
1732439060.141372681 2.734815 1.989657 -0.064415 -0.242061 -0.034712 0.961454 -0.125730
1732439060.241441250 2.697469 1.978792 -0.064428 -0.241545 -0.034197 0.961617 -0.125612
1732439060.341358185 2.658472 1.966540 -0.064604 -0.240983 -0.033977 0.961718 -0.125979
1732439060.441280127 2.617987 1.953970 -0.064586 -0.240821 -0.034033 0.961789 -0.125734
1732439060.541429520 2.576510 1.940785 -0.064251 -0.240680 -0.033795 0.961828 -0.125769
1732439060.641366482 2.532959 1.927458 -0.064297 -0.241588 -0.033486 0.961641 -0.125542
1732439060.741371632 2.490501 1.912161 -0.064314 -0.241133 -0.034346 0.961760 -0.125270
1732439060.842191696 2.445247 1.899563 -0.064280 -0.240878 -0.033631 0.961740 -0.126108
1732439060.941222191 2.400163 1.885406 -0.064018 -0.240958 -0.033508 0.961954 -0.124344
1732439061.041430950 2.352838 1.873332 -0.063706 -0.240976 -0.032316 0.962245 -0.122355
1732439061.141370058 2.304866 1.861188 -0.063784 -0.240789 -0.031495 0.962810 -0.118428
1732439061.241332531 2.255176 1.849419 -0.064079 -0.240670 -0.030650 0.963418 -0.113859
1732439061.341243029 2.201763 1.837354 -0.064429 -0.241956 -0.029740 0.963812 -0.107888
1732439061.441210270 2.148719 1.827289 -0.064181 -0.242381 -0.028343 0.964341 -0.102441
1732439061.541419029 2.095654 1.816886 -0.064106 -0.242136 -0.027574 0.965036 -0.096514
1732439061.641360044 2.041829 1.807644 -0.064217 -0.242118 -0.026047 0.965588 -0.091322
1732439061.741584778 1.987384 1.799572 -0.063939 -0.241932 -0.024369 0.966206 -0.085558
1732439061.841181755 1.932646 1.790564 -0.063621 -0.241863 -0.023593 0.966722 -0.079967
1732439061.941486835 1.877911 1.783268 -0.063520 -0.241197 -0.021991 0.967306 -0.075228
1732439062.041472197 1.821850 1.775447 -0.063281 -0.241745 -0.020808 0.967506 -0.071128
1732439062.141447544 1.764570 1.767007 -0.063227 -0.242261 -0.020011 0.967673 -0.067222
1732439062.241343737 1.707979 1.758692 -0.063232 -0.241909 -0.019208 0.968095 -0.062469
1732439062.341228008 1.648847 1.751602 -0.062944 -0.244387 -0.018605 0.967700 -0.059040
1732439062.441392422 1.594715 1.745126 -0.062766 -0.241248 -0.017697 0.968753 -0.054801
1732439062.542176962 1.539062 1.739283 -0.063206 -0.241850 -0.016720 0.968835 -0.050868
1732439062.641183853 1.485315 1.731795 -0.062884 -0.241805 -0.016579 0.968978 -0.048345
1732439062.741402864 1.430753 1.724214 -0.062913 -0.241671 -0.016427 0.969086 -0.046876
1732439062.841292620 1.376145 1.716187 -0.062528 -0.242600 -0.016429 0.968852 -0.046914
1732439062.941447735 1.324361 1.705587 -0.062676 -0.242058 -0.017702 0.968887 -0.048497
1732439063.041423321 1.273921 1.694953 -0.062425 -0.241818 -0.018574 0.968713 -0.052677
1732439063.141239882 1.225830 1.681918 -0.062041 -0.240859 -0.019944 0.968540 -0.059322
1732439063.241431236 1.178971 1.668365 -0.061815 -0.240431 -0.021458 0.968093 -0.067299
1732439063.341387749 1.133089 1.651319 -0.061427 -0.240392 -0.023995 0.967411 -0.075841
1732439063.441362619 1.089269 1.634998 -0.061886 -0.239931 -0.025564 0.966598 -0.086422
1732439063.541376114 1.047128 1.616745 -0.061526 -0.240458 -0.027867 0.965408 -0.096909
1732439063.641376972 1.011394 1.597094 -0.060793 -0.239972 -0.031423 0.964159 -0.108736
1732439063.741472244 0.976949 1.579413 -0.060407 -0.240228 -0.033826 0.962756 -0.119361
1732439063.841276169 0.945997 1.560374 -0.060208 -0.240265 -0.036992 0.961340 -0.129343
1732439063.941561699 0.917122 1.544400 -0.059907 -0.239868 -0.038594 0.960021 -0.139045
1732439064.041388273 0.891969 1.527469 -0.059600 -0.239453 -0.041175 0.958730 -0.147663
1732439064.141377687 0.868116 1.511831 -0.059633 -0.239092 -0.043145 0.957395 -0.156104
1732439064.241413832 0.845126 1.495786 -0.059424 -0.238622 -0.045313 0.956070 -0.164123
1732439064.341243505 0.823006 1.480128 -0.059192 -0.237784 -0.047217 0.954774 -0.172153
1732439064.441244602 0.801480 1.463975 -0.058670 -0.236563 -0.049301 0.953485 -0.180202
1732439064.541488886 0.779049 1.447640 -0.058643 -0.236290 -0.050897 0.951943 -0.188099
1732439064.641387701 0.757157 1.430070 -0.058203 -0.235533 -0.053206 0.950485 -0.195630
1732439064.741497040 0.735195 1.412241 -0.057916 -0.234669 -0.055048 0.948823 -0.204048
1732439064.841428280 0.711354 1.392611 -0.057764 -0.234243 -0.057234 0.946925 -0.212576
1732439064.941260099 0.685799 1.370884 -0.057661 -0.233511 -0.059076 0.944723 -0.222444
1732439065.041459799 0.657992 1.346568 -0.057317 -0.232600 -0.061220 0.942195 -0.233277
1732439065.141378880 0.628776 1.318201 -0.056848 -0.232208 -0.064046 0.939240 -0.244551
1732439065.241538763 0.598204 1.287922 -0.056799 -0.231421 -0.066924 0.935990 -0.256687
1732439065.341439009 0.566929 1.254481 -0.056541 -0.230536 -0.069555 0.932405 -0.269512
1732439065.441362381 0.534188 1.217259 -0.056570 -0.229390 -0.073064 0.928163 -0.283822
1732439065.541491032 0.499600 1.177186 -0.056586 -0.228847 -0.076524 0.923571 -0.297975
1732439065.641315460 0.465853 1.134390 -0.056198 -0.228236 -0.080418 0.918508 -0.312705
1732439065.741529942 0.432440 1.091496 -0.055482 -0.225729 -0.082879 0.913417 -0.328402
1732439065.841442108 0.400966 1.044118 -0.055385 -0.224971 -0.087632 0.907649 -0.343339
1732439065.941598892 0.371024 0.995950 -0.055055 -0.223640 -0.091780 0.901626 -0.358653
1732439066.041477680 0.343107 0.949498 -0.054392 -0.222584 -0.095586 0.895651 -0.373000
1732439066.141598463 0.318068 0.903958 -0.054130 -0.221266 -0.099191 0.889483 -0.387326
1732439066.241499186 0.294967 0.859532 -0.054130 -0.220176 -0.102513 0.883288 -0.401018
1732439066.341435194 0.275357 0.816696 -0.053930 -0.217634 -0.105052 0.877207 -0.414858
1732439066.441445351 0.257671 0.775211 -0.053116 -0.215890 -0.108138 0.871120 -0.427606
1732439066.541285515 0.241649 0.735298 -0.053068 -0.214195 -0.110388 0.865461 -0.439217
1732439066.641418219 0.226203 0.697229 -0.051889 -0.212265 -0.111959 0.859819 -0.450689
1732439066.741745472 0.215395 0.657526 -0.052231 -0.209433 -0.115592 0.854438 -0.461207
1732439066.841679573 0.202208 0.620073 -0.051580 -0.208022 -0.116643 0.849148 -0.471242
1732439066.941529274 0.192536 0.580064 -0.051185 -0.205990 -0.120408 0.843335 -0.481514
1732439067.041690826 0.181456 0.541325 -0.050709 -0.203758 -0.121800 0.837163 -0.492754
1732439067.141635180 0.171730 0.499780 -0.049967 0.202589 0.124287 -0.830526 0.503722
1732439067.241379499 0.162407 0.457709 -0.049118 0.200983 0.126284 -0.823898 0.514637
1732439067.341342688 0.156109 0.413777 -0.048356 0.198560 0.129382 -0.816773 0.526037
1732439067.441402197 0.150950 0.370041 -0.047253 0.195555 0.132062 -0.809808 0.537148
1732439067.541456938 0.147562 0.325358 -0.045800 0.193329 0.136047 -0.803061 0.546998
1732439067.641408443 0.144007 0.285391 -0.045103 0.190316 0.137430 -0.795125 0.559168
1732439067.741518497 0.140816 0.245270 -0.045114 0.190004 0.140682 -0.788357 0.567979
1732439067.841496229 0.139680 0.209186 -0.044995 0.187380 0.142375 -0.781540 0.577766
1732439067.941658258 0.140462 0.174508 -0.044478 0.185666 0.145092 -0.775669 0.585503
1732439068.041288376 0.139654 0.143891 -0.043753 0.185004 0.146947 -0.770576 0.591940
1732439068.141074181 0.136238 0.118680 -0.043439 0.185493 0.147728 -0.767528 0.595541
1732439068.241361856 0.133676 0.099704 -0.043199 0.185506 0.148287 -0.766225 0.597074
1732439068.341403961 0.131792 0.089732 -0.042753 0.185282 0.148398 -0.765567 0.597959
1732439068.441367626 0.132180 0.089012 -0.042712 0.185340 0.148650 -0.765474 0.597998
1732439068.541477680 0.132662 0.094691 -0.042437 0.184580 0.147752 -0.765781 0.598063
1732439068.641550541 0.134262 0.099817 -0.042359 0.184501 0.148231 -0.765365 0.598501
1732439068.741435289 0.136188 0.106852 -0.042710 0.184644 0.148694 -0.764741 0.599139
1732439068.841657639 0.139629 0.117777 -0.042970 0.184430 0.149540 -0.763491 0.600587
1732439068.941578150 0.145876 0.134512 -0.043707 0.183144 0.149932 -0.762095 0.602653
1732439069.041332006 0.154953 0.158837 -0.044172 0.181394 0.151067 -0.759639 0.605990
1732439069.141419411 0.164075 0.189340 -0.044727 0.180761 0.152322 -0.755760 0.610697
1732439069.241360903 0.175063 0.227501 -0.045291 0.179353 0.153370 -0.751258 0.616378
1732439069.341379642 0.186428 0.272423 -0.045611 0.178303 0.154700 -0.745677 0.623091
1732439069.441582680 0.199283 0.322879 -0.045835 0.176538 0.156599 -0.739743 0.630152
1732439069.541543007 0.210989 0.377399 -0.046545 0.176504 0.159433 -0.732778 0.637546
1732439069.641389847 0.223881 0.438768 -0.048421 0.173613 0.161460 -0.726569 0.644893
1732439069.741566658 0.234168 0.506755 -0.049320 0.172282 0.163397 -0.719131 0.653047
1732439069.841349125 0.243503 0.575933 -0.050975 0.172209 0.167045 -0.710449 0.661591
1732439069.941545248 0.253094 0.650227 -0.051913 0.169407 0.168821 -0.703777 0.668953
1732439070.041386366 0.260023 0.724796 -0.052824 0.168442 0.171987 -0.695357 0.677146
1732439070.141404152 0.263387 0.801850 -0.053226 0.166673 0.173164 -0.688598 0.684155
1732439070.241291046 0.265565 0.879024 -0.054063 0.165156 0.174335 -0.682389 0.690417
1732439070.341404200 0.265664 0.952065 -0.054415 0.163973 0.176366 -0.675458 0.696968
1732439070.441600323 0.266335 1.023473 -0.054687 0.160344 0.176686 -0.669024 0.703903
1732439070.541574478 0.263064 1.087846 -0.055034 0.161597 0.180193 -0.662727 0.708668
1732439070.641439438 0.259801 1.149582 -0.055937 0.159812 0.181121 -0.656986 0.714160
1732439070.741619110 0.255761 1.206117 -0.056420 0.157456 0.181860 -0.652625 0.718482
1732439070.841583729 0.251944 1.254556 -0.056592 0.156689 0.183959 -0.649666 0.720793
1732439070.941468239 0.245458 1.293987 -0.056504 0.157576 0.184656 -0.647628 0.722253
1732439071.041374445 0.240033 1.327451 -0.056533 0.157072 0.184305 -0.646549 0.723418
1732439071.141660213 0.236742 1.351352 -0.056609 0.157006 0.184517 -0.645725 0.724114
1732439071.241448402 0.233346 1.367029 -0.056499 0.156918 0.184296 -0.645329 0.724543
1732439071.341567278 0.232275 1.373207 -0.056419 0.157659 0.184995 -0.645002 0.724495
1732439071.441494465 0.232488 1.372968 -0.056377 0.157462 0.184804 -0.645097 0.724502
1732439071.541710615 0.233296 1.369835 -0.056376 0.157696 0.185373 -0.644833 0.724541
1732439071.641098499 0.233197 1.368490 -0.056359 0.157465 0.185056 -0.644943 0.724574
1732439071.741451979 0.234018 1.365833 -0.056548 0.157697 0.185552 -0.644754 0.724565
1732439071.841706276 0.234980 1.361851 -0.056478 0.157504 0.185451 -0.644409 0.724939
1732439071.941707611 0.236694 1.354941 -0.056382 0.157272 0.185655 -0.643980 0.725319
1732439072.041653395 0.239521 1.345156 -0.056135 0.156980 0.185814 -0.642919 0.726282
1732439072.141361713 0.243715 1.331140 -0.056213 0.156365 0.186059 -0.641103 0.727955
1732439072.241039276 0.249929 1.311846 -0.055926 0.155620 0.186210 -0.638242 0.730586
1732439072.341645002 0.258831 1.287482 -0.056163 0.154270 0.186819 -0.634847 0.733668
1732439072.441635609 0.269503 1.257517 -0.056165 0.152874 0.187204 -0.630383 0.737700
1732439072.541440010 0.282244 1.221923 -0.056060 0.151037 0.187631 -0.625137 0.742419
1732439072.641426325 0.298084 1.180264 -0.055930 0.149921 0.189183 -0.619274 0.747151
1732439072.741606951 0.315903 1.134619 -0.055152 0.147938 0.190060 -0.611959 0.753325
1732439072.840914965 0.336037 1.085208 -0.054710 0.146599 0.191200 -0.604524 0.759278
1732439072.941590309 0.359919 1.031357 -0.054338 0.145285 0.193981 -0.596344 0.765270
1732439073.041491508 0.384117 0.979306 -0.053748 0.142825 0.194686 -0.588896 0.771298
1732439073.141380787 0.409746 0.929597 -0.053417 0.139973 0.196501 -0.581170 0.777198
1732439073.241534472 0.433305 0.881462 -0.053035 0.138584 0.197937 -0.574690 0.781887
1732439073.341711283 0.457459 0.837228 -0.053145 0.135957 0.199177 -0.568734 0.786375
1732439073.441359043 0.479559 0.796259 -0.052423 0.134133 0.200113 -0.563116 0.790483
1732439073.541563988 0.500845 0.757969 -0.052562 0.132707 0.201376 -0.558066 0.793976
1732439073.641461849 0.521794 0.724543 -0.051347 0.130423 0.202702 -0.553505 0.797204
1732439073.741650343 0.537341 0.695719 -0.051412 0.130320 0.203993 -0.548990 0.800008
1732439073.841492891 0.550216 0.675246 -0.051227 0.129214 0.204766 -0.545112 0.802638
1732439073.941469431 0.557782 0.663944 -0.051280 0.127902 0.204489 -0.543059 0.804309
1732439074.041389465 0.561299 0.658298 -0.051119 0.127773 0.205124 -0.541680 0.805097
1732439074.141627789 0.559933 0.659860 -0.051143 0.127487 0.204169 -0.542100 0.805102
1732439074.241402864 0.558383 0.662524 -0.051118 0.127072 0.203291 -0.542278 0.805270
1732439074.341284275 0.559564 0.661400 -0.051250 0.127137 0.203707 -0.542236 0.805183
1732439074.441468477 0.560917 0.659760 -0.051241 0.126938 0.203558 -0.541907 0.805474
1732439074.541873932 0.562972 0.657073 -0.051520 0.126104 0.203131 -0.541187 0.806196
1732439074.641463995 0.566391 0.652051 -0.051692 0.126100 0.203104 -0.540067 0.806954
1732439074.741666079 0.572393 0.643598 -0.051531 0.124983 0.203012 -0.538336 0.808307
1732439074.841517210 0.581019 0.629973 -0.051122 0.124441 0.202783 -0.535357 0.810423
1732439074.941469908 0.593974 0.612022 -0.050975 0.122990 0.203266 -0.531678 0.812942
1732439075.041353464 0.611112 0.589258 -0.050275 0.121623 0.203819 -0.526793 0.816183
1732439075.140980482 0.633226 0.562765 -0.050079 0.118967 0.205345 -0.520926 0.819949
1732439075.241414309 0.659621 0.531606 -0.049420 0.116330 0.207099 -0.513633 0.824474
1732439075.341648102 0.686721 0.495348 -0.049292 0.114840 0.206036 -0.504611 0.830499
1732439075.441507816 0.724929 0.453737 -0.049529 0.112689 0.209867 -0.494446 0.835931
1732439075.541465044 0.764550 0.409769 -0.049113 0.110246 0.212042 -0.481837 0.843040
1732439075.641635895 0.811030 0.366236 -0.048441 0.106047 0.214548 -0.467872 0.850775
1732439075.741552353 0.861791 0.322777 -0.048674 0.101613 0.216691 -0.452271 0.859168
1732439075.841076851 0.915906 0.279413 -0.047992 0.097656 0.220094 -0.434799 0.867739
1732439075.941131592 0.971454 0.240379 -0.047900 0.092483 0.222352 -0.417765 0.876059
1732439076.041898727 1.024335 0.203978 -0.047269 0.088047 0.222379 -0.399797 0.884849
1732439076.141698599 1.081006 0.168957 -0.047478 0.083335 0.224224 -0.381655 0.892815
1732439076.241126537 1.139204 0.137686 -0.047626 0.078115 0.226386 -0.364692 0.899804
1732439076.341068983 1.196095 0.105103 -0.046780 0.075019 0.227642 -0.348215 0.906255
1732439076.441131115 1.255446 0.075800 -0.047161 0.070285 0.229056 -0.333028 0.911968
1732439076.541591406 1.316651 0.048037 -0.046536 0.066111 0.230904 -0.317800 0.917233
1732439076.641580582 1.374906 0.023430 -0.046385 0.061574 0.230430 -0.303409 0.922526
1732439076.741173983 1.435278 -0.003828 -0.047035 0.059378 0.235637 -0.289525 0.925810
1732439076.841443300 1.491681 -0.024648 -0.046674 0.055226 0.234466 -0.276572 0.930314
1732439076.941508532 1.546279 -0.044756 -0.046999 0.052378 0.235865 -0.266357 0.933101
1732439077.041061401 1.596100 -0.064085 -0.045742 0.050442 0.235950 -0.255637 0.936180
1732439077.141485214 1.645316 -0.079758 -0.046000 0.047519 0.236173 -0.246356 0.938761
1732439077.241181850 1.692768 -0.095248 -0.045476 0.045744 0.236257 -0.236791 0.941286
1732439077.341484308 1.741365 -0.107479 -0.045484 0.042238 0.236670 -0.228272 0.943449
1732439077.441413641 1.788051 -0.121197 -0.044667 0.040208 0.236396 -0.218697 0.945871
1732439077.541538477 1.837294 -0.133169 -0.044517 0.037586 0.236588 -0.209548 0.948000
1732439077.641483784 1.887823 -0.145136 -0.044225 0.035334 0.237091 -0.200148 0.949990
1732439077.741669178 1.939763 -0.154780 -0.044329 0.032048 0.237900 -0.190945 0.951796
1732439077.841488123 1.990642 -0.164976 -0.044086 0.030069 0.238045 -0.181150 0.953737
1732439077.941521883 2.043278 -0.175297 -0.043125 0.028012 0.238930 -0.170778 0.955491
1732439078.041068554 2.096794 -0.182008 -0.043054 0.025493 0.238176 -0.161136 0.957422
1732439078.141684532 2.154272 -0.189713 -0.043601 0.022287 0.239833 -0.152275 0.958538
1732439078.241529465 2.212295 -0.198420 -0.043792 0.019887 0.240858 -0.147324 0.959108
1732439078.341072083 2.269364 -0.210106 -0.043756 0.019150 0.240827 -0.144039 0.959629
1732439078.440995216 2.326919 -0.222696 -0.042841 0.018926 0.241111 -0.142631 0.959773
1732439078.541685104 2.387163 -0.237683 -0.042982 0.019567 0.240233 -0.141689 0.960120
1732439078.641814709 2.448809 -0.253351 -0.042107 0.020001 0.240989 -0.141533 0.959944
1732439078.741500854 2.507692 -0.267668 -0.041435 0.020310 0.239650 -0.141999 0.960204
1732439078.841455698 2.572820 -0.283425 -0.040924 0.020626 0.241344 -0.141616 0.959829
1732439078.941015005 2.636243 -0.298116 -0.041060 0.020173 0.240440 -0.142464 0.959940
1732439079.041630268 2.701387 -0.311629 -0.040709 0.019168 0.240891 -0.142886 0.959785
1732439079.141456366 2.763782 -0.327550 -0.040655 0.019457 0.240934 -0.143271 0.959711
1732439079.241192579 2.823876 -0.342508 -0.039990 0.019994 0.240582 -0.142986 0.959831
1732439079.341545582 2.882858 -0.359002 -0.039158 0.021205 0.240666 -0.143178 0.959755
1732439079.441075087 2.938877 -0.372203 -0.039142 0.021318 0.241547 -0.141792 0.959737
1732439079.541483164 2.989595 -0.383236 -0.038650 0.020749 0.241646 -0.141786 0.959726
1732439079.641037464 3.037287 -0.394674 -0.039240 0.020671 0.241836 -0.141507 0.959721
1732439079.741650343 3.084591 -0.403782 -0.039098 0.019849 0.241357 -0.140756 0.959969
1732439079.841387749 3.129701 -0.415353 -0.038625 0.020371 0.240173 -0.140146 0.960344
1732439079.941219091 3.177375 -0.425705 -0.037686 0.020282 0.240302 -0.139940 0.960344
1732439080.041390181 3.226484 -0.437570 -0.037411 0.020453 0.240287 -0.139143 0.960460
1732439080.141723871 3.276987 -0.448427 -0.036819 0.020051 0.238992 -0.138888 0.960828
1732439080.241477251 3.331692 -0.460505 -0.036802 0.019767 0.239211 -0.138403 0.960850
1732439080.341521263 3.390571 -0.474003 -0.036414 0.019979 0.240336 -0.137685 0.960668
1732439080.441672087 3.451362 -0.487055 -0.036658 0.019679 0.240925 -0.137212 0.960594
1732439080.541651487 3.513822 -0.501026 -0.037057 0.019868 0.240812 -0.136706 0.960691
1732439080.641524076 3.579767 -0.512957 -0.036988 0.018561 0.240737 -0.136342 0.960787
1732439080.741535902 3.648478 -0.527581 -0.036421 0.018830 0.241775 -0.132102 0.961113
1732439080.841657639 3.719687 -0.536381 -0.036370 0.016655 0.241987 -0.126191 0.961894
1732439080.941565514 3.791845 -0.543363 -0.036911 0.013888 0.243265 -0.118081 0.962645
1732439081.041153908 3.862261 -0.547788 -0.036283 0.011182 0.243259 -0.107750 0.963893
1732439081.141743422 3.936704 -0.551356 -0.038330 0.008569 0.244106 -0.098308 0.964715
1732439081.241685152 4.012371 -0.551781 -0.037652 0.005103 0.244340 -0.087083 0.965758
1732439081.341520548 4.088966 -0.555219 -0.038137 0.003866 0.245461 -0.078110 0.966247
1732439081.441152811 4.166483 -0.557197 -0.038575 0.002096 0.244991 -0.072937 0.966776
1732439081.541573524 4.245207 -0.561459 -0.038734 0.001204 0.245450 -0.070071 0.966873
1732439081.641572714 4.322408 -0.566467 -0.038704 0.000601 0.245535 -0.069185 0.966916
1732439081.741635084 4.399011 -0.571932 -0.038789 0.000159 0.245375 -0.069470 0.966936
1732439081.841172457 4.474562 -0.579071 -0.039253 0.000577 0.244792 -0.070425 0.967015
1732439081.941113949 4.550706 -0.583749 -0.039175 -0.000356 0.244331 -0.070178 0.967149
1732439082.041558743 4.623412 -0.591231 -0.039246 0.000257 0.244553 -0.069937 0.967110
1732439082.141113997 4.692742 -0.596229 -0.039246 0.000188 0.243539 -0.067753 0.967522
1732439082.241023064 4.762009 -0.597245 -0.039913 -0.001145 0.244170 -0.061774 0.967762
1732439082.341564655 4.830106 -0.593941 -0.039530 -0.003172 0.244071 -0.050981 0.968411
1732439082.441121340 4.898469 -0.587284 -0.039668 -0.005871 0.244555 -0.037416 0.968896
1732439082.541593552 4.966534 -0.573188 -0.039853 -0.011453 0.245219 -0.020535 0.969183
1732439082.641082764 5.031799 -0.557802 -0.040386 -0.015402 0.245157 -0.002260 0.969358
1732439082.741620779 5.098550 -0.538148 -0.041538 -0.020171 0.245493 0.017304 0.969034
1732439082.841109276 5.163767 -0.516198 -0.042170 -0.024901 0.245458 0.036776 0.968389
1732439082.941092253 5.227277 -0.489737 -0.043334 -0.030526 0.245049 0.056146 0.967402
1732439083.041529894 5.289093 -0.464154 -0.043288 -0.034364 0.244302 0.076207 0.966089
1732439083.141091108 5.350824 -0.435282 -0.043541 -0.039084 0.244048 0.095583 0.964249
1732439083.241151333 5.409946 -0.402901 -0.043837 -0.043841 0.243541 0.115291 0.962015
1732439083.341116667 5.468095 -0.369173 -0.044470 -0.048860 0.243443 0.134605 0.959286
1732439083.441563845 5.523753 -0.332424 -0.044811 -0.053542 0.241877 0.153804 0.956542
1732439083.540972233 5.576029 -0.295582 -0.045613 -0.057858 0.241169 0.172296 0.953312
1732439083.641582012 5.628131 -0.256199 -0.046221 -0.062320 0.241090 0.190170 0.949646
1732439083.741606474 5.678513 -0.217086 -0.046918 -0.065776 0.240295 0.208206 0.945824
1732439083.841079950 5.726644 -0.176316 -0.047437 -0.069857 0.240648 0.225154 0.941549
1732439083.941569328 5.769243 -0.132130 -0.048576 -0.075227 0.239457 0.242333 0.937164
1732439084.041589022 5.808413 -0.091411 -0.049056 -0.079101 0.237802 0.258827 0.932846
1732439084.141084194 5.844514 -0.051326 -0.050033 -0.082554 0.236686 0.274105 0.928456
1732439084.241578817 5.878893 -0.010888 -0.050972 -0.086491 0.235693 0.288364 0.924021
1732439084.341157198 5.910223 0.028497 -0.051868 -0.089861 0.234567 0.302331 0.919510
1732439084.441260338 5.939789 0.068378 -0.052642 -0.093244 0.233634 0.316138 0.914755
1732439084.541142702 5.968796 0.107406 -0.053132 -0.095895 0.232898 0.329714 0.909863
1732439084.641968966 5.995370 0.149416 -0.053861 -0.099523 0.231935 0.342611 0.904942
1732439084.741688728 6.022307 0.188371 -0.054070 -0.101595 0.231032 0.356071 0.899731
1732439084.841660500 6.045743 0.232812 -0.055220 -0.106245 0.229542 0.368651 0.894494
1732439084.940948963 6.069520 0.274866 -0.055884 -0.109048 0.228138 0.382140 0.888837
1732439085.041767120 6.089564 0.318242 -0.056064 -0.112434 0.225529 0.394950 0.883464
1732439085.141165733 6.111030 0.360903 -0.056711 -0.115387 0.224786 0.407512 0.877548
1732439085.241055727 6.128974 0.402012 -0.056735 -0.117402 0.222240 0.420034 0.872008
1732439085.341608047 6.144097 0.443029 -0.056963 -0.120405 0.219665 0.432666 0.866054
1732439085.441614628 6.159568 0.480830 -0.056941 -0.121900 0.217627 0.443297 0.860968
1732439085.541137934 6.174361 0.517448 -0.057184 -0.123961 0.216145 0.451699 0.856670
1732439085.641307592 6.189627 0.549292 -0.057354 -0.125037 0.216403 0.455750 0.854299
1732439085.741084814 6.203175 0.573450 -0.057475 -0.125258 0.215806 0.458427 0.852985
1732439085.841156483 6.212776 0.590803 -0.057664 -0.125520 0.215904 0.459076 0.852572
1732439085.941147566 6.218414 0.598836 -0.057806 -0.125298 0.215747 0.459540 0.852394
1732439086.041129827 6.218035 0.598797 -0.057760 -0.125397 0.215577 0.459694 0.852340
1732439086.141116142 6.215033 0.593788 -0.057962 -0.125248 0.215581 0.459665 0.852377
1732439086.241209507 6.209150 0.585626 -0.058073 -0.125535 0.214984 0.460613 0.851974
1732439086.341146231 6.201429 0.574810 -0.057974 -0.126013 0.214868 0.462235 0.851053
1732439086.441194773 6.190744 0.559690 -0.058010 -0.126675 0.214640 0.464217 0.849933
1732439086.541025639 6.177317 0.540542 -0.058127 -0.127774 0.214592 0.466856 0.848333
1732439086.641647339 6.159987 0.516960 -0.058088 -0.129163 0.214637 0.470494 0.846099
1732439086.741090775 6.139111 0.487790 -0.057901 -0.130599 0.214069 0.475678 0.843119
1732439086.841138124 6.115364 0.453385 -0.057773 -0.132463 0.213398 0.481039 0.839950
1732439086.941218853 6.088927 0.413875 -0.057557 -0.134920 0.213056 0.487508 0.835907
1732439087.041102409 6.060510 0.369434 -0.056730 -0.137633 0.213179 0.494055 0.831578
1732439087.141668081 6.031836 0.318168 -0.056230 -0.139136 0.213515 0.501211 0.826946
1732439087.241268873 6.001239 0.263632 -0.055407 -0.141401 0.213496 0.507865 0.822496
1732439087.341055632 5.969581 0.202352 -0.053984 -0.141929 0.211219 0.514800 0.818672
1732439087.441303492 5.937896 0.140061 -0.053270 -0.143706 0.210198 0.521318 0.814490
1732439087.541029215 5.906168 0.073615 -0.051873 -0.145635 0.209306 0.528415 0.809790
1732439087.641046047 5.874410 0.003667 -0.050457 -0.146811 0.207602 0.535055 0.805645
1732439087.741050005 5.842827 -0.067183 -0.049061 -0.149079 0.206664 0.541027 0.801471
1732439087.841188908 5.814433 -0.142679 -0.047229 -0.148478 0.204545 0.545975 0.798766
1732439087.940983534 5.787319 -0.215704 -0.046014 -0.148952 0.203035 0.548788 0.797134
1732439088.041200399 5.765537 -0.285176 -0.044340 -0.148917 0.202956 0.551455 0.795317
1732439088.141007185 5.745647 -0.345707 -0.042976 -0.149036 0.201640 0.552707 0.794760
1732439088.241304636 5.732271 -0.393659 -0.042126 -0.148959 0.201936 0.551862 0.795287
1732439088.341175318 5.724565 -0.426833 -0.041472 -0.148742 0.202913 0.549922 0.796422
1732439088.440979958 5.720788 -0.446140 -0.041185 -0.148201 0.203522 0.548075 0.797640
1732439088.541242361 5.720028 -0.450929 -0.041242 -0.148130 0.203499 0.547889 0.797786
1732439088.641185045 5.721209 -0.444584 -0.041638 -0.149600 0.204744 0.548064 0.797073
1732439088.741719484 5.722538 -0.436521 -0.041436 -0.149856 0.204517 0.549348 0.796199
1732439088.841711521 5.723798 -0.426066 -0.041497 -0.150222 0.203824 0.551390 0.794895
1732439088.941814184 5.725443 -0.411934 -0.041629 -0.150685 0.203179 0.554075 0.793103
1732439089.041779757 5.727085 -0.394275 -0.041943 -0.151204 0.202050 0.557762 0.790706
1732439089.141036272 5.729848 -0.371448 -0.042043 -0.152001 0.201150 0.562431 0.787468
1732439089.241823912 5.732628 -0.342842 -0.042515 -0.153153 0.200152 0.568320 0.783260
1732439089.341207981 5.734607 -0.309130 -0.042881 -0.154655 0.199073 0.575088 0.778284
1732439089.441022396 5.735847 -0.271462 -0.043440 -0.156268 0.196940 0.584067 0.771791
1732439089.540992737 5.735681 -0.227734 -0.043976 -0.158617 0.195017 0.594192 0.764032
1732439089.641204596 5.734046 -0.179024 -0.044824 -0.161353 0.193328 0.604993 0.755363
1732439089.740993500 5.730972 -0.126553 -0.045541 -0.164037 0.191223 0.616544 0.745922
1732439089.841146946 5.724708 -0.070023 -0.046264 -0.167288 0.188704 0.628911 0.735443
1732439089.941020489 5.719365 -0.011687 -0.047217 -0.169828 0.187120 0.641846 0.724002
1732439090.040974379 5.708337 0.049124 -0.048152 -0.173527 0.184362 0.654568 0.712348
1732439090.141695976 5.695248 0.112061 -0.049293 -0.177261 0.181587 0.667901 0.699652
1732439090.241005182 5.679173 0.173609 -0.050174 -0.181157 0.178131 0.680729 0.687066
1732439090.340972185 5.661505 0.233331 -0.051070 -0.183746 0.174668 0.693995 0.673869
1732439090.441038609 5.642704 0.291598 -0.051642 -0.185507 0.170839 0.707311 0.660388
1732439090.540987492 5.619466 0.349857 -0.053012 -0.189238 0.167281 0.719450 0.646992
1732439090.640991211 5.595529 0.406433 -0.053485 -0.191005 0.163169 0.732415 0.632820
1732439090.741179228 5.568815 0.464798 -0.054359 -0.194854 0.160355 0.744329 0.618297
1732439090.841144800 5.539918 0.519981 -0.054543 -0.197205 0.156296 0.755990 0.604286
1732439090.941298008 5.509250 0.571264 -0.054407 -0.199038 0.151378 0.767750 0.589940
1732439091.041151524 5.477539 0.620886 -0.055343 -0.201948 0.147333 0.778904 0.575169
1732439091.141009808 5.446674 0.666105 -0.055374 -0.202996 0.143062 0.789478 0.561293
1732439091.241189957 5.415425 0.709916 -0.055905 -0.205455 0.139796 0.798724 0.547983
1732439091.341172457 5.383519 0.748987 -0.056017 -0.207208 0.135817 0.807244 0.535701
1732439091.441298246 5.353026 0.787210 -0.056800 -0.208997 0.133114 0.815325 0.523302
1732439091.541175127 5.322242 0.823358 -0.056867 -0.209459 0.129868 0.823770 0.510552
1732439091.640996456 5.290031 0.858369 -0.057178 -0.212259 0.127226 0.830373 0.499240
1732439091.741310835 5.257524 0.890484 -0.057067 -0.213550 0.123607 0.837300 0.487900
1732439091.841148138 5.223716 0.921118 -0.057590 -0.215309 0.119742 0.844029 0.476360
1732439091.941200018 5.190130 0.950646 -0.057526 -0.217296 0.116724 0.850209 0.465082
1732439092.041109562 5.157881 0.979717 -0.057894 -0.218758 0.114277 0.856477 0.453357
1732439092.141744137 5.123386 1.006863 -0.058842 -0.220608 0.111206 0.862061 0.442512
1732439092.240981579 5.092091 1.032614 -0.058653 -0.220854 0.108680 0.868145 0.430972
1732439092.341182470 5.057276 1.057270 -0.058972 -0.222458 0.105462 0.873486 0.420015
1732439092.441161871 5.023014 1.081834 -0.059456 -0.223729 0.102735 0.878873 0.408623
1732439092.541046381 4.987167 1.105262 -0.059637 -0.225105 0.099470 0.884432 0.396501
1732439092.641226768 4.949664 1.129021 -0.060084 -0.227305 0.097153 0.889257 0.384858
1732439092.741045713 4.911910 1.150245 -0.059865 -0.228886 0.093892 0.894306 0.372843
1732439092.841289520 4.875484 1.171287 -0.060006 -0.230072 0.091330 0.899052 0.361152
1732439092.941792965 4.839303 1.189171 -0.059791 -0.229687 0.087768 0.904569 0.348276
1732439093.041232586 4.802389 1.208614 -0.060008 -0.231295 0.085888 0.908919 0.336143
1732439093.141288519 4.764131 1.224951 -0.059890 -0.232078 0.082381 0.913443 0.323999
1732439093.241024017 4.726380 1.241003 -0.060066 -0.231901 0.079019 0.918055 0.311694
1732439093.341803551 4.684421 1.256750 -0.059739 -0.232991 0.075848 0.922378 0.298633
1732439093.441021442 4.639641 1.271935 -0.060635 -0.234240 0.071938 0.926648 0.285096
1732439093.541034460 4.592754 1.286269 -0.059972 -0.234752 0.067999 0.930958 0.271266
1732439093.641029358 4.543396 1.298923 -0.060155 -0.236069 0.063677 0.935225 0.256069
1732439093.741091251 4.493049 1.313647 -0.060135 -0.237657 0.061026 0.939155 0.240381
1732439093.841176271 4.438174 1.325003 -0.060602 -0.238174 0.056720 0.943223 0.224467
1732439093.941028118 4.381494 1.335292 -0.061306 -0.239832 0.052462 0.946848 0.207865
1732439094.041059732 4.324463 1.342048 -0.061170 -0.242184 0.047608 0.949887 0.191822
1732439094.141204119 4.269506 1.348457 -0.061490 -0.242766 0.043831 0.953162 0.175004
1732439094.241076469 4.215646 1.351877 -0.061401 -0.243571 0.039239 0.956107 0.158091
1732439094.341331959 4.160650 1.353056 -0.061462 -0.244813 0.034539 0.958515 0.141856
1732439094.441260576 4.106952 1.351012 -0.061682 -0.244555 0.029401 0.961033 0.125478
1732439094.541064739 4.053558 1.349256 -0.061350 -0.244920 0.025431 0.963092 0.108726
1732439094.641265154 3.999669 1.345905 -0.061640 -0.245379 0.021702 0.964851 0.091541
1732439094.741075754 3.946303 1.339851 -0.061267 -0.245934 0.017411 0.966199 0.075315
1732439094.841170311 3.893804 1.333216 -0.061202 -0.244963 0.013755 0.967705 0.057881
1732439094.941113710 3.841494 1.324404 -0.060950 -0.245797 0.009401 0.968407 0.041020
1732439095.041082144 3.790074 1.313719 -0.061035 -0.244260 0.005547 0.969378 0.024753
1732439095.141043186 3.736850 1.304554 -0.061189 -0.244624 0.002360 0.969525 0.013202
1732439095.241090775 3.684253 1.296606 -0.061178 -0.244672 -0.000419 0.969573 0.007993
1732439095.341051817 3.633364 1.294670 -0.061111 -0.243873 -0.000503 0.969775 0.007853
1732439095.441134930 3.582309 1.294823 -0.061193 -0.244259 0.000058 0.969643 0.011409
1732439095.541062355 3.532557 1.299960 -0.061069 -0.243642 0.002541 0.969711 0.017092
1732439095.641350746 3.483085 1.303579 -0.061215 -0.243767 0.003492 0.969499 0.025249
1732439095.741295099 3.434603 1.310183 -0.061566 -0.244108 0.005361 0.969171 0.033004
1732439095.841237545 3.386819 1.317449 -0.061704 -0.244185 0.007125 0.968827 0.041190
1732439095.941240788 3.340135 1.325355 -0.062275 -0.243783 0.009090 0.968504 0.049864
1732439096.041228771 3.292924 1.334941 -0.062238 -0.244017 0.011242 0.967948 0.058363
1732439096.141824961 3.243713 1.345679 -0.062230 -0.244275 0.013669 0.967262 0.067427
1732439096.241245031 3.193905 1.358076 -0.062180 -0.244410 0.016390 0.966548 0.076028
1732439096.341263294 3.143549 1.371134 -0.061771 -0.245029 0.018730 0.965592 0.085106
1732439096.441355944 3.093492 1.385419 -0.061804 -0.243867 0.021303 0.965035 0.093717
1732439096.541202784 3.041409 1.400774 -0.061940 -0.243907 0.023583 0.964079 0.102488
1732439096.641354561 2.987402 1.416120 -0.062159 -0.243849 0.025446 0.963008 0.111833
1732439096.741200924 2.933738 1.433717 -0.062363 -0.243666 0.027783 0.961874 0.121053
1732439096.841171503 2.879017 1.452629 -0.062643 -0.243167 0.029833 0.960656 0.130843
1732439096.941141605 2.821899 1.473020 -0.062779 -0.243585 0.032207 0.959122 0.140409
1732439097.041396141 2.766078 1.494954 -0.062931 -0.242693 0.034529 0.957856 0.149731
1732439097.141869545 2.709223 1.517717 -0.062857 -0.242288 0.036810 0.956291 0.159527
1732439097.241850376 2.653869 1.542314 -0.062755 -0.241092 0.039383 0.954933 0.168601
1732439097.341166496 2.598285 1.567161 -0.062750 -0.240641 0.041766 0.953279 0.177782
1732439097.441111803 2.542822 1.594447 -0.062901 -0.240436 0.044603 0.951387 0.187252
1732439097.541063786 2.487695 1.622397 -0.062518 -0.239349 0.046853 0.949804 0.195930
1732439097.641291857 2.431239 1.652352 -0.062301 -0.239429 0.049828 0.947844 0.204406
1732439097.741300821 2.375390 1.681133 -0.061955 -0.239421 0.051688 0.946103 0.211884
1732439097.841310263 2.318692 1.708381 -0.062204 -0.239679 0.052683 0.945056 0.215982
1732439097.941147804 2.263129 1.732777 -0.061973 -0.238033 0.052259 0.945125 0.217597
1732439098.041844368 2.205221 1.756039 -0.062113 -0.238511 0.051921 0.945417 0.215878
1732439098.141312838 2.147637 1.777238 -0.062258 -0.238956 0.051220 0.946269 0.211781
1732439098.241381407 2.087743 1.796256 -0.061851 -0.239699 0.049867 0.948059 0.203079
1732439098.341370821 2.026277 1.810436 -0.062009 -0.240605 0.046881 0.950252 0.192177
1732439098.441879749 1.967011 1.820360 -0.062094 -0.240316 0.043167 0.953129 0.178690
1732439098.541257620 1.908641 1.826858 -0.061776 -0.239918 0.039295 0.956007 0.164155
1732439098.641431570 1.848545 1.829961 -0.061917 -0.241795 0.034597 0.958252 0.148635
1732439098.741254330 1.791851 1.831199 -0.061771 -0.241177 0.030264 0.960900 0.132626
1732439098.841110468 1.733844 1.831012 -0.061953 -0.241953 0.025976 0.962841 0.117133
1732439098.941404104 1.676064 1.829631 -0.061688 -0.242343 0.022224 0.964690 0.100738
1732439099.041305542 1.619516 1.825151 -0.061506 -0.242192 0.017743 0.966351 0.084813
1732439099.141337872 1.564251 1.820805 -0.061085 -0.242373 0.014700 0.967663 0.068312
1732439099.241280317 1.512276 1.808749 -0.061820 -0.240406 0.009136 0.969240 0.051912
1732439099.341273069 1.458794 1.801911 -0.061360 -0.242880 0.006095 0.969406 0.034986
1732439099.441392422 1.410015 1.788035 -0.061378 -0.242796 0.000829 0.969865 0.020279
1732439099.541276932 1.364161 1.776451 -0.061442 -0.242079 -0.002863 0.970239 0.005162
1732439099.641480923 1.320352 1.763102 -0.061603 -0.241775 -0.006847 0.970270 -0.008646
1732439099.741348505 1.279442 1.750108 -0.062078 -0.240537 -0.009811 0.970348 -0.021704
1732439099.841409445 1.237624 1.735786 -0.061993 -0.240752 -0.013361 0.969902 -0.033909
1732439099.941222668 1.196471 1.721748 -0.061788 -0.240934 -0.016107 0.969339 -0.045542
1732439100.041270971 1.154359 1.706966 -0.061456 -0.240623 -0.018629 0.968683 -0.058374
1732439100.141349792 1.111393 1.689585 -0.061670 -0.240822 -0.021514 0.967791 -0.070167
1732439100.241218567 1.068761 1.671031 -0.061382 -0.240845 -0.024670 0.966634 -0.083693
1732439100.341359138 1.026397 1.648233 -0.061635 -0.241583 -0.029174 0.965096 -0.096834
1732439100.441187382 0.984501 1.627073 -0.061495 -0.240709 -0.032053 0.963661 -0.111308
1732439100.541284561 0.942127 1.602050 -0.061506 -0.240267 -0.036175 0.961907 -0.125293
1732439100.641407967 0.900013 1.577411 -0.060778 -0.240236 -0.039251 0.959769 -0.139960
1732439100.741192341 0.860097 1.551002 -0.060521 -0.238680 -0.042911 0.957855 -0.153959
1732439100.841300726 0.821198 1.523163 -0.060118 -0.238129 -0.047079 0.955502 -0.167612
1732439100.941390276 0.785567 1.497722 -0.059359 -0.236900 -0.049648 0.953225 -0.181039
1732439101.041291714 0.751778 1.471821 -0.058782 -0.235301 -0.052485 0.950765 -0.194743
1732439101.141224384 0.719246 1.446276 -0.058074 -0.234419 -0.054564 0.948161 -0.207510
1732439101.241363287 0.686707 1.418178 -0.057907 -0.234071 -0.058048 0.945324 -0.219552
1732439101.341206074 0.656361 1.390749 -0.057372 -0.232592 -0.060515 0.942442 -0.232469
1732439101.441203117 0.624996 1.361120 -0.057131 -0.232280 -0.063296 0.939169 -0.244953
1732439101.541430473 0.594065 1.329307 -0.057097 -0.231403 -0.066823 0.935644 -0.257988
1732439101.641205549 0.563353 1.296323 -0.056948 -0.230851 -0.070109 0.931741 -0.271389
1732439101.741400957 0.532789 1.259671 -0.056645 -0.229960 -0.074127 0.927920 -0.283879
1732439101.841312885 0.501979 1.223624 -0.056258 -0.228553 -0.076531 0.923632 -0.298010
1732439101.942000151 0.469675 1.182963 -0.056009 -0.228053 -0.080233 0.918905 -0.311718
1732439102.041950941 0.437712 1.141178 -0.055353 -0.227421 -0.083362 0.913516 -0.326831
1732439102.141523361 0.407055 1.096450 -0.055288 -0.226388 -0.087369 0.908073 -0.341348
1732439102.241201878 0.377573 1.048275 -0.055179 -0.225352 -0.092582 0.902189 -0.355950
1732439102.341472149 0.349323 1.001046 -0.055203 -0.223093 -0.096033 0.895972 -0.371808
1732439102.441210032 0.322875 0.952855 -0.054687 -0.221058 -0.099712 0.889333 -0.387656
1732439102.541182041 0.296686 0.902888 -0.054420 -0.220160 -0.103225 0.882302 -0.403011
1732439102.641211033 0.274960 0.852095 -0.053875 -0.216684 -0.106835 0.875281 -0.418947
1732439102.741457701 0.252112 0.798795 -0.053359 -0.214687 -0.109789 0.867579 -0.434929
1732439102.841308355 0.229741 0.744332 -0.052428 -0.212449 -0.112665 0.859683 -0.450686
1732439102.941546917 0.211434 0.688426 -0.050364 -0.209456 -0.116130 0.852135 -0.465305
1732439103.041235209 0.193719 0.631149 -0.050160 -0.206463 -0.119207 0.843838 -0.480729
1732439103.141317129 0.177273 0.573771 -0.049168 -0.204686 -0.122264 0.835220 -0.495543
1732439103.241494656 0.164650 0.516073 -0.048612 0.201931 0.126082 -0.826819 0.509605
1732439103.341324806 0.153877 0.458116 -0.047657 0.199472 0.130167 -0.817716 0.524031
1732439103.441284418 0.146824 0.403646 -0.046965 0.195425 0.132482 -0.809173 0.538048
1732439103.541506290 0.142949 0.349541 -0.045869 0.191690 0.135650 -0.800447 0.551488
1732439103.641345024 0.137412 0.292836 -0.045055 0.190587 0.139605 -0.790592 0.564934
1732439103.741488695 0.135214 0.236596 -0.044578 0.187440 0.142484 -0.780772 0.578757
1732439103.841589689 0.135491 0.178792 -0.044106 0.184818 0.146343 -0.770529 0.592208
1732439103.941488266 0.136390 0.119959 -0.042873 0.183042 0.149957 -0.759459 0.605996
1732439104.041268110 0.139729 0.062845 -0.041734 0.180943 0.153121 -0.749031 0.618681
1732439104.141326666 0.145626 0.006486 -0.040866 0.177399 0.155437 -0.738580 0.631561
1732439104.241326332 0.151466 -0.050847 -0.039449 0.175667 0.159168 -0.729100 0.642044
1732439104.341578960 0.158739 -0.104500 -0.039142 0.172046 0.161573 -0.721783 0.650633
1732439104.441553354 0.159750 -0.156673 -0.037676 0.172610 0.163668 -0.716359 0.655933
1732439104.541512728 0.161325 -0.201168 -0.036749 0.171739 0.164844 -0.714097 0.658330
1732439104.641329288 0.159284 -0.236166 -0.035855 0.172829 0.164724 -0.713086 0.659169
1732439104.741509676 0.160081 -0.259560 -0.035744 0.171297 0.164842 -0.712591 0.660074
1732439104.841355801 0.158520 -0.274090 -0.035082 0.171662 0.164517 -0.712096 0.660594
1732439104.941534996 0.158881 -0.278166 -0.034795 0.171104 0.164318 -0.712089 0.660796
1732439105.041341066 0.158977 -0.273576 -0.034959 0.169945 0.162947 -0.712552 0.660936
1732439105.141339302 0.159316 -0.271122 -0.034887 0.169865 0.163043 -0.712432 0.661063
1732439105.241471529 0.159453 -0.272823 -0.034973 0.170193 0.163409 -0.712312 0.661017
1732439105.341282368 0.159392 -0.272171 -0.034920 0.170083 0.163103 -0.712337 0.661094
1732439105.441295147 0.159566 -0.271979 -0.035150 0.169990 0.163277 -0.712389 0.661019
1732439105.541510344 0.159261 -0.272382 -0.035031 0.170128 0.163221 -0.712411 0.660974
1732439105.641569376 0.159314 -0.272134 -0.034975 0.169971 0.163208 -0.712393 0.661037
1732439105.741086960 0.159388 -0.272264 -0.034995 0.170035 0.163258 -0.712388 0.661013
1732439105.841244221 0.159026 -0.271999 -0.035253 0.169990 0.163195 -0.712440 0.660984
1732439105.941485643 0.158973 -0.272488 -0.035049 0.169977 0.163185 -0.712429 0.661002
1732439106.042040586 0.158887 -0.272298 -0.034844 0.169878 0.163138 -0.712456 0.661009
1732439106.141299009 0.158895 -0.272410 -0.034663 0.169997 0.163196 -0.712424 0.661000
1732439106.241489887 0.159419 -0.272082 -0.034893 0.170015 0.163072 -0.712476 0.660969
1732439106.341293573 0.159922 -0.272051 -0.035022 0.170163 0.163230 -0.712398 0.660976
1732439106.441359282 0.159969 -0.272049 -0.035218 0.170072 0.163188 -0.712411 0.660996
1732439106.541527033 0.160291 -0.272107 -0.035111 0.170122 0.163262 -0.712356 0.661024
1732439106.641298532 0.160036 -0.272065 -0.034631 0.170094 0.163083 -0.712366 0.661065
1732439106.741334438 0.159960 -0.272326 -0.034816 0.170025 0.163130 -0.712393 0.661042
1732439106.841500998 0.159935 -0.272120 -0.034390 0.170045 0.163175 -0.712351 0.661071
1732439106.941287756 0.159537 -0.272429 -0.034890 0.169986 0.163180 -0.712431 0.660999
1732439107.041467905 0.159938 -0.272635 -0.034241 0.169957 0.163112 -0.712399 0.661057
1732439107.141604900 0.159932 -0.272423 -0.034703 0.169939 0.163105 -0.712453 0.661006
1732439107.241441965 0.159750 -0.272360 -0.034414 0.170070 0.163172 -0.712395 0.661018
1732439107.341640472 0.159458 -0.272538 -0.034848 0.169919 0.163109 -0.712460 0.661002
1732439107.441302299 0.159537 -0.272365 -0.034742 0.169959 0.163198 -0.712399 0.661036
1732439107.541565895 0.159251 -0.272587 -0.034949 0.169903 0.163148 -0.712416 0.661044
1732439107.641376734 0.159184 -0.272376 -0.034493 0.169893 0.163118 -0.712431 0.661038
1732439107.741345882 0.158859 -0.272782 -0.034789 0.169888 0.163144 -0.712394 0.661072
1732439107.841333151 0.159128 -0.272238 -0.034665 0.169968 0.163102 -0.712425 0.661029
1732439107.941300154 0.159045 -0.272391 -0.035186 0.170002 0.163121 -0.712409 0.661033
1732439108.041465521 0.159096 -0.271922 -0.034972 0.170005 0.163133 -0.712441 0.660994
1732439108.141412258 0.159099 -0.272158 -0.035265 0.169936 0.163226 -0.712414 0.661018
1732439108.241460562 0.159225 -0.271944 -0.035316 0.169942 0.163219 -0.712436 0.660995
1732439108.341691971 0.159156 -0.272089 -0.035413 0.169980 0.163237 -0.712389 0.661031
1732439108.441470146 0.159394 -0.272005 -0.035562 0.169998 0.163199 -0.712410 0.661013
1732439108.541436672 0.159586 -0.271782 -0.035692 0.170059 0.163236 -0.712358 0.661044
1732439108.641415119 0.159863 -0.271669 -0.035800 0.170201 0.163297 -0.712373 0.660977
1732439108.741597652 0.159603 -0.271658 -0.035618 0.170186 0.163159 -0.712387 0.661000
1732439108.841442823 0.159389 -0.271908 -0.035604 0.170041 0.163215 -0.712418 0.660990
1732439108.941630125 0.159093 -0.271712 -0.035209 0.170007 0.163134 -0.712397 0.661041
1732439109.041357279 0.159010 -0.272159 -0.035336 0.169993 0.163274 -0.712351 0.661060
1732439109.141479731 0.158895 -0.272426 -0.035021 0.169912 0.163102 -0.712395 0.661076
1732439109.241379261 0.159107 -0.272905 -0.034888 0.169826 0.163211 -0.712378 0.661090
1732439109.341712952 0.159042 -0.272691 -0.034763 0.169769 0.163096 -0.712395 0.661114
1732439109.441340446 0.159228 -0.272709 -0.034718 0.169848 0.163163 -0.712401 0.661070
1732439109.541588545 0.159118 -0.272616 -0.034721 0.169797 0.163104 -0.712374 0.661127
1732439109.641352177 0.159523 -0.272183 -0.034923 0.169906 0.163128 -0.712381 0.661086
1732439109.741595507 0.159434 -0.272087 -0.035153 0.170012 0.163209 -0.712420 0.660997
